run_id,run_started_at,run_url,git_sha,sf,test,runner,cpu,mem_gb,python,engine,engine_version,engine_status,run_type,phase,query,dur,rows,status,error
35515861490-1,2026-09-20T14:14:31Z,https://github.com/djouallah/onelake-iceberg/actions/runs/35515861490,8f95d7b,10,tpch,linux-6.17.0-1022-azure,4,15.6,3.12.14,chdb_iceberg,4.4.0,ok,cold,setup,0,1.6069,,ok,
35515861490-1,2026-09-20T14:14:31Z,https://github.com/djouallah/onelake-iceberg/actions/runs/35515861490,8f95d7b,10,tpch,linux-6.17.0-1022-azure,4,15.6,3.12.14,chdb_iceberg,4.4.0,ok,cold,query,1,9.4104,4,ok,
35515861490-1,2026-09-20T14:14:31Z,https://github.com/djouallah/onelake-iceberg/actions/runs/35515861490,8f95d7b,10,tpch,linux-6.17.0-1022-azure,4,15.6,3.12.14,chdb_iceberg,4.4.0,ok,cold,query,2,7.4003,10,ok,
35515861490-1,2026-09-20T14:14:31Z,https://github.com/djouallah/onelake-iceberg/actions/runs/35515861490,8f95d7b,10,tpch,linux-6.17.0-1022-azure,4,15.6,3.12.14,chdb_iceberg,4.4.0,ok,cold,query,3,29.2045,10,ok,
35515861490-1,2026-09-20T14:14:31Z,https://github.com/djouallah/onelake-iceberg/actions/runs/35515861490,8f95d7b,10,tpch,linux-6.17.0-1022-azure,4,15.6,3.12.14,chdb_iceberg,4.4.0,ok,cold,query,4,3.4242,5,ok,
35515861490-1,2026-09-20T14:14:31Z,https://github.com/djouallah/onelake-iceberg/actions/runs/35515861490,8f95d7b,10,tpch,linux-6.17.0-1022-azure,4,15.6,3.12.14,chdb_iceberg,4.4.0,ok,cold,query,5,5.8798,5,ok,
35515861490-1,2026-09-20T14:14:31Z,https://github.com/djouallah/onelake-iceberg/actions/runs/35515861490,8f95d7b,10,tpch,linux-6.17.0-1022-azure,4,15.6,3.12.14,chdb_iceberg,4.4.0,ok,cold,query,6,1.1257,1,ok,
35515861490-1,2026-09-20T14:14:31Z,https://github.com/djouallah/onelake-iceberg/actions/runs/35515861490,8f95d7b,10,tpch,linux-6.17.0-1022-azure,4,15.6,3.12.14,chdb_iceberg,4.4.0,ok,cold,query,7,25.9073,9,ok,
35515861490-1,2026-09-20T14:14:31Z,https://github.com/djouallah/onelake-iceberg/actions/runs/35515861490,8f95d7b,10,tpch,linux-6.17.0-1022-azure,4,15.6,3.12.14,chdb_iceberg,4.4.0,ok,cold,query,8,7.793,2,ok,
35515861490-1,2026-09-20T14:14:31Z,https://github.com/djouallah/onelake-iceberg/actions/runs/35515861490,8f95d7b,10,tpch,linux-6.17.0-1022-azure,4,15.6,3.12.14,chdb_iceberg,4.4.0,ok,cold,query,9,6.6265,175,ok,
35515861490-1,2026-09-20T14:14:31Z,https://github.com/djouallah/onelake-iceberg/actions/runs/35515861490,8f95d7b,10,tpch,linux-6.17.0-1022-azure,4,15.6,3.12.14,chdb_iceberg,4.4.0,ok,cold,query,10,4.5343,20,ok,
35515861490-1,2026-09-20T14:14:31Z,https://github.com/djouallah/onelake-iceberg/actions/runs/35515861490,8f95d7b,10,tpch,linux-6.17.0-1022-azure,4,15.6,3.12.14,chdb_iceberg,4.4.0,ok,cold,query,11,2.2968,8685,ok,
35515861490-1,2026-09-20T14:14:31Z,https://github.com/djouallah/onelake-iceberg/actions/runs/35515861490,8f95d7b,10,tpch,linux-6.17.0-1022-azure,4,15.6,3.12.14,chdb_iceberg,4.4.0,ok,cold,query,12,2.448,2,ok,
35515861490-1,2026-09-20T14:14:31Z,https://github.com/djouallah/onelake-iceberg/actions/runs/35515861490,8f95d7b,10,tpch,linux-6.17.0-1022-azure,4,15.6,3.12.14,chdb_iceberg,4.4.0,ok,cold,query,13,4.2826,46,ok,
35515861490-1,2026-09-20T14:14:31Z,https://github.com/djouallah/onelake-iceberg/actions/runs/35515861490,8f95d7b,10,tpch,linux-6.17.0-1022-azure,4,15.6,3.12.14,chdb_iceberg,4.4.0,ok,cold,query,14,1.7276,1,ok,
35515861490-1,2026-09-20T14:14:31Z,https://github.com/djouallah/onelake-iceberg/actions/runs/35515861490,8f95d7b,10,tpch,linux-6.17.0-1022-azure,4,15.6,3.12.14,chdb_iceberg,4.4.0,ok,cold,query,15,2.3079,1,ok,
35515861490-1,2026-09-20T14:14:31Z,https://github.com/djouallah/onelake-iceberg/actions/runs/35515861490,8f95d7b,10,tpch,linux-6.17.0-1022-azure,4,15.6,3.12.14,chdb_iceberg,4.4.0,ok,cold,query,16,1.4864,27840,ok,
35515861490-1,2026-09-20T14:14:31Z,https://github.com/djouallah/onelake-iceberg/actions/runs/35515861490,8f95d7b,10,tpch,linux-6.17.0-1022-azure,4,15.6,3.12.14,chdb_iceberg,4.4.0,ok,cold,query,17,4.4217,1,ok,
35515861490-1,2026-09-20T14:14:31Z,https://github.com/djouallah/onelake-iceberg/actions/runs/35515861490,8f95d7b,10,tpch,linux-6.17.0-1022-azure,4,15.6,3.12.14,chdb_iceberg,4.4.0,ok,cold,query,18,3.2414,100,ok,
35515861490-1,2026-09-20T14:14:31Z,https://github.com/djouallah/onelake-iceberg/actions/runs/35515861490,8f95d7b,10,tpch,linux-6.17.0-1022-azure,4,15.6,3.12.14,chdb_iceberg,4.4.0,ok,cold,query,19,2.5158,1,ok,
35515861490-1,2026-09-20T14:14:31Z,https://github.com/djouallah/onelake-iceberg/actions/runs/35515861490,8f95d7b,10,tpch,linux-6.17.0-1022-azure,4,15.6,3.12.14,chdb_iceberg,4.4.0,ok,cold,query,20,3.3252,1804,ok,
35515861490-1,2026-09-20T14:14:31Z,https://github.com/djouallah/onelake-iceberg/actions/runs/35515861490,8f95d7b,10,tpch,linux-6.17.0-1022-azure,4,15.6,3.12.14,chdb_iceberg,4.4.0,ok,cold,query,21,9.131,100,ok,
35515861490-1,2026-09-20T14:14:31Z,https://github.com/djouallah/onelake-iceberg/actions/runs/35515861490,8f95d7b,10,tpch,linux-6.17.0-1022-azure,4,15.6,3.12.14,chdb_iceberg,4.4.0,ok,cold,query,22,2.6942,7,ok,
35515861490-1,2026-09-20T14:14:31Z,https://github.com/djouallah/onelake-iceberg/actions/runs/35515861490,8f95d7b,10,tpch,linux-6.17.0-1022-azure,4,15.6,3.12.14,chdb_iceberg,4.4.0,ok,warm,query,1,3.0878,4,ok,
35515861490-1,2026-09-20T14:14:31Z,https://github.com/djouallah/onelake-iceberg/actions/runs/35515861490,8f95d7b,10,tpch,linux-6.17.0-1022-azure,4,15.6,3.12.14,chdb_iceberg,4.4.0,ok,warm,query,2,4.9007,10,ok,
35515861490-1,2026-09-20T14:14:31Z,https://github.com/djouallah/onelake-iceberg/actions/runs/35515861490,8f95d7b,10,tpch,linux-6.17.0-1022-azure,4,15.6,3.12.14,chdb_iceberg,4.4.0,ok,warm,query,3,3.7364,10,ok,
35515861490-1,2026-09-20T14:14:31Z,https://github.com/djouallah/onelake-iceberg/actions/runs/35515861490,8f95d7b,10,tpch,linux-6.17.0-1022-azure,4,15.6,3.12.14,chdb_iceberg,4.4.0,ok,warm,query,4,2.6522,5,ok,
35515861490-1,2026-09-20T14:14:31Z,https://github.com/djouallah/onelake-iceberg/actions/runs/35515861490,8f95d7b,10,tpch,linux-6.17.0-1022-azure,4,15.6,3.12.14,chdb_iceberg,4.4.0,ok,warm,query,5,5.2832,5,ok,
35515861490-1,2026-09-20T14:14:31Z,https://github.com/djouallah/onelake-iceberg/actions/runs/35515861490,8f95d7b,10,tpch,linux-6.17.0-1022-azure,4,15.6,3.12.14,chdb_iceberg,4.4.0,ok,warm,query,6,1.0238,1,ok,
35515861490-1,2026-09-20T14:14:31Z,https://github.com/djouallah/onelake-iceberg/actions/runs/35515861490,8f95d7b,10,tpch,linux-6.17.0-1022-azure,4,15.6,3.12.14,chdb_iceberg,4.4.0,ok,warm,query,7,27.227,9,ok,
35515861490-1,2026-09-20T14:14:31Z,https://github.com/djouallah/onelake-iceberg/actions/runs/35515861490,8f95d7b,10,tpch,linux-6.17.0-1022-azure,4,15.6,3.12.14,chdb_iceberg,4.4.0,ok,warm,query,8,7.7498,2,ok,
35515861490-1,2026-09-20T14:14:31Z,https://github.com/djouallah/onelake-iceberg/actions/runs/35515861490,8f95d7b,10,tpch,linux-6.17.0-1022-azure,4,15.6,3.12.14,chdb_iceberg,4.4.0,ok,warm,query,9,7.8488,175,ok,
35515861490-1,2026-09-20T14:14:31Z,https://github.com/djouallah/onelake-iceberg/actions/runs/35515861490,8f95d7b,10,tpch,linux-6.17.0-1022-azure,4,15.6,3.12.14,chdb_iceberg,4.4.0,ok,warm,query,10,4.2378,20,ok,
35515861490-1,2026-09-20T14:14:31Z,https://github.com/djouallah/onelake-iceberg/actions/runs/35515861490,8f95d7b,10,tpch,linux-6.17.0-1022-azure,4,15.6,3.12.14,chdb_iceberg,4.4.0,ok,warm,query,11,2.2811,8685,ok,
35515861490-1,2026-09-20T14:14:31Z,https://github.com/djouallah/onelake-iceberg/actions/runs/35515861490,8f95d7b,10,tpch,linux-6.17.0-1022-azure,4,15.6,3.12.14,chdb_iceberg,4.4.0,ok,warm,query,12,2.4203,2,ok,
35515861490-1,2026-09-20T14:14:31Z,https://github.com/djouallah/onelake-iceberg/actions/runs/35515861490,8f95d7b,10,tpch,linux-6.17.0-1022-azure,4,15.6,3.12.14,chdb_iceberg,4.4.0,ok,warm,query,13,3.715,46,ok,
35515861490-1,2026-09-20T14:14:31Z,https://github.com/djouallah/onelake-iceberg/actions/runs/35515861490,8f95d7b,10,tpch,linux-6.17.0-1022-azure,4,15.6,3.12.14,chdb_iceberg,4.4.0,ok,warm,query,14,1.7605,1,ok,
35515861490-1,2026-09-20T14:14:31Z,https://github.com/djouallah/onelake-iceberg/actions/runs/35515861490,8f95d7b,10,tpch,linux-6.17.0-1022-azure,4,15.6,3.12.14,chdb_iceberg,4.4.0,ok,warm,query,15,2.5851,1,ok,
35515861490-1,2026-09-20T14:14:31Z,https://github.com/djouallah/onelake-iceberg/actions/runs/35515861490,8f95d7b,10,tpch,linux-6.17.0-1022-azure,4,15.6,3.12.14,chdb_iceberg,4.4.0,ok,warm,query,16,1.7801,27840,ok,
35515861490-1,2026-09-20T14:14:31Z,https://github.com/djouallah/onelake-iceberg/actions/runs/35515861490,8f95d7b,10,tpch,linux-6.17.0-1022-azure,4,15.6,3.12.14,chdb_iceberg,4.4.0,ok,warm,query,17,4.1228,1,ok,
35515861490-1,2026-09-20T14:14:31Z,https://github.com/djouallah/onelake-iceberg/actions/runs/35515861490,8f95d7b,10,tpch,linux-6.17.0-1022-azure,4,15.6,3.12.14,chdb_iceberg,4.4.0,ok,warm,query,18,3.1016,100,ok,
35515861490-1,2026-09-20T14:14:31Z,https://github.com/djouallah/onelake-iceberg/actions/runs/35515861490,8f95d7b,10,tpch,linux-6.17.0-1022-azure,4,15.6,3.12.14,chdb_iceberg,4.4.0,ok,warm,query,19,2.4277,1,ok,
35515861490-1,2026-09-20T14:14:31Z,https://github.com/djouallah/onelake-iceberg/actions/runs/35515861490,8f95d7b,10,tpch,linux-6.17.0-1022-azure,4,15.6,3.12.14,chdb_iceberg,4.4.0,ok,warm,query,20,2.782,1804,ok,
35515861490-1,2026-09-20T14:14:31Z,https://github.com/djouallah/onelake-iceberg/actions/runs/35515861490,8f95d7b,10,tpch,linux-6.17.0-1022-azure,4,15.6,3.12.14,chdb_iceberg,4.4.0,ok,warm,query,21,8.9683,100,ok,
35515861490-1,2026-09-20T14:14:31Z,https://github.com/djouallah/onelake-iceberg/actions/runs/35515861490,8f95d7b,10,tpch,linux-6.17.0-1022-azure,4,15.6,3.12.14,chdb_iceberg,4.4.0,ok,warm,query,22,2.0281,7,ok,
35515861490-1,2026-09-20T14:14:31Z,https://github.com/djouallah/onelake-iceberg/actions/runs/35515861490,8f95d7b,10,tpch,linux-6.17.0-1022-azure,4,15.6,3.12.14,duckdb_iceberg,2.0.0.dev2609121639,ok,cold,setup,0,7.1652,,ok,
35515861490-1,2026-09-20T14:14:31Z,https://github.com/djouallah/onelake-iceberg/actions/runs/35515861490,8f95d7b,10,tpch,linux-6.17.0-1022-azure,4,15.6,3.12.14,duckdb_iceberg,2.0.0.dev2609121639,ok,cold,query,1,7.3023,4,ok,
35515861490-1,2026-09-20T14:14:31Z,https://github.com/djouallah/onelake-iceberg/actions/runs/35515861490,8f95d7b,10,tpch,linux-6.17.0-1022-azure,4,15.6,3.12.14,duckdb_iceberg,2.0.0.dev2609121639,ok,cold,query,2,2.5543,10,ok,
35515861490-1,2026-09-20T14:14:31Z,https://github.com/djouallah/onelake-iceberg/actions/runs/35515861490,8f95d7b,10,tpch,linux-6.17.0-1022-azure,4,15.6,3.12.14,duckdb_iceberg,2.0.0.dev2609121639,ok,cold,query,3,3.4405,10,ok,
35515861490-1,2026-09-20T14:14:31Z,https://github.com/djouallah/onelake-iceberg/actions/runs/35515861490,8f95d7b,10,tpch,linux-6.17.0-1022-azure,4,15.6,3.12.14,duckdb_iceberg,2.0.0.dev2609121639,ok,cold,query,4,1.6374,5,ok,
35515861490-1,2026-09-20T14:14:31Z,https://github.com/djouallah/onelake-iceberg/actions/runs/35515861490,8f95d7b,10,tpch,linux-6.17.0-1022-azure,4,15.6,3.12.14,duckdb_iceberg,2.0.0.dev2609121639,ok,cold,query,5,1.9191,5,ok,
35515861490-1,2026-09-20T14:14:31Z,https://github.com/djouallah/onelake-iceberg/actions/runs/35515861490,8f95d7b,10,tpch,linux-6.17.0-1022-azure,4,15.6,3.12.14,duckdb_iceberg,2.0.0.dev2609121639,ok,cold,query,6,0.4643,1,ok,
35515861490-1,2026-09-20T14:14:31Z,https://github.com/djouallah/onelake-iceberg/actions/runs/35515861490,8f95d7b,10,tpch,linux-6.17.0-1022-azure,4,15.6,3.12.14,duckdb_iceberg,2.0.0.dev2609121639,ok,cold,query,7,0.9082,9,ok,
35515861490-1,2026-09-20T14:14:31Z,https://github.com/djouallah/onelake-iceberg/actions/runs/35515861490,8f95d7b,10,tpch,linux-6.17.0-1022-azure,4,15.6,3.12.14,duckdb_iceberg,2.0.0.dev2609121639,ok,cold,query,8,1.9761,2,ok,
35515861490-1,2026-09-20T14:14:31Z,https://github.com/djouallah/onelake-iceberg/actions/runs/35515861490,8f95d7b,10,tpch,linux-6.17.0-1022-azure,4,15.6,3.12.14,duckdb_iceberg,2.0.0.dev2609121639,ok,cold,query,9,2.0941,175,ok,
35515861490-1,2026-09-20T14:14:31Z,https://github.com/djouallah/onelake-iceberg/actions/runs/35515861490,8f95d7b,10,tpch,linux-6.17.0-1022-azure,4,15.6,3.12.14,duckdb_iceberg,2.0.0.dev2609121639,ok,cold,query,10,1.4276,20,ok,
35515861490-1,2026-09-20T14:14:31Z,https://github.com/djouallah/onelake-iceberg/actions/runs/35515861490,8f95d7b,10,tpch,linux-6.17.0-1022-azure,4,15.6,3.12.14,duckdb_iceberg,2.0.0.dev2609121639,ok,cold,query,11,0.1455,8685,ok,
35515861490-1,2026-09-20T14:14:31Z,https://github.com/djouallah/onelake-iceberg/actions/runs/35515861490,8f95d7b,10,tpch,linux-6.17.0-1022-azure,4,15.6,3.12.14,duckdb_iceberg,2.0.0.dev2609121639,ok,cold,query,12,0.6659,2,ok,
35515861490-1,2026-09-20T14:14:31Z,https://github.com/djouallah/onelake-iceberg/actions/runs/35515861490,8f95d7b,10,tpch,linux-6.17.0-1022-azure,4,15.6,3.12.14,duckdb_iceberg,2.0.0.dev2609121639,ok,cold,query,13,1.7122,46,ok,
35515861490-1,2026-09-20T14:14:31Z,https://github.com/djouallah/onelake-iceberg/actions/runs/35515861490,8f95d7b,10,tpch,linux-6.17.0-1022-azure,4,15.6,3.12.14,duckdb_iceberg,2.0.0.dev2609121639,ok,cold,query,14,0.7687,1,ok,
35515861490-1,2026-09-20T14:14:31Z,https://github.com/djouallah/onelake-iceberg/actions/runs/35515861490,8f95d7b,10,tpch,linux-6.17.0-1022-azure,4,15.6,3.12.14,duckdb_iceberg,2.0.0.dev2609121639,ok,cold,query,15,0.5809,1,ok,
35515861490-1,2026-09-20T14:14:31Z,https://github.com/djouallah/onelake-iceberg/actions/runs/35515861490,8f95d7b,10,tpch,linux-6.17.0-1022-azure,4,15.6,3.12.14,duckdb_iceberg,2.0.0.dev2609121639,ok,cold,query,16,0.244,27840,ok,
35515861490-1,2026-09-20T14:14:31Z,https://github.com/djouallah/onelake-iceberg/actions/runs/35515861490,8f95d7b,10,tpch,linux-6.17.0-1022-azure,4,15.6,3.12.14,duckdb_iceberg,2.0.0.dev2609121639,ok,cold,query,17,2.4743,1,ok,
35515861490-1,2026-09-20T14:14:31Z,https://github.com/djouallah/onelake-iceberg/actions/runs/35515861490,8f95d7b,10,tpch,linux-6.17.0-1022-azure,4,15.6,3.12.14,duckdb_iceberg,2.0.0.dev2609121639,ok,cold,query,18,1.3348,100,ok,
35515861490-1,2026-09-20T14:14:31Z,https://github.com/djouallah/onelake-iceberg/actions/runs/35515861490,8f95d7b,10,tpch,linux-6.17.0-1022-azure,4,15.6,3.12.14,duckdb_iceberg,2.0.0.dev2609121639,ok,cold,query,19,0.8914,1,ok,
35515861490-1,2026-09-20T14:14:31Z,https://github.com/djouallah/onelake-iceberg/actions/runs/35515861490,8f95d7b,10,tpch,linux-6.17.0-1022-azure,4,15.6,3.12.14,duckdb_iceberg,2.0.0.dev2609121639,ok,cold,query,20,1.0642,1804,ok,
35515861490-1,2026-09-20T14:14:31Z,https://github.com/djouallah/onelake-iceberg/actions/runs/35515861490,8f95d7b,10,tpch,linux-6.17.0-1022-azure,4,15.6,3.12.14,duckdb_iceberg,2.0.0.dev2609121639,ok,cold,query,21,3.8442,100,ok,
35515861490-1,2026-09-20T14:14:31Z,https://github.com/djouallah/onelake-iceberg/actions/runs/35515861490,8f95d7b,10,tpch,linux-6.17.0-1022-azure,4,15.6,3.12.14,duckdb_iceberg,2.0.0.dev2609121639,ok,cold,query,22,0.4977,7,ok,
35515861490-1,2026-09-20T14:14:31Z,https://github.com/djouallah/onelake-iceberg/actions/runs/35515861490,8f95d7b,10,tpch,linux-6.17.0-1022-azure,4,15.6,3.12.14,duckdb_iceberg,2.0.0.dev2609121639,ok,warm,query,1,1.2336,4,ok,
35515861490-1,2026-09-20T14:14:31Z,https://github.com/djouallah/onelake-iceberg/actions/runs/35515861490,8f95d7b,10,tpch,linux-6.17.0-1022-azure,4,15.6,3.12.14,duckdb_iceberg,2.0.0.dev2609121639,ok,warm,query,2,0.3282,10,ok,
35515861490-1,2026-09-20T14:14:31Z,https://github.com/djouallah/onelake-iceberg/actions/runs/35515861490,8f95d7b,10,tpch,linux-6.17.0-1022-azure,4,15.6,3.12.14,duckdb_iceberg,2.0.0.dev2609121639,ok,warm,query,3,0.8413,10,ok,
35515861490-1,2026-09-20T14:14:31Z,https://github.com/djouallah/onelake-iceberg/actions/runs/35515861490,8f95d7b,10,tpch,linux-6.17.0-1022-azure,4,15.6,3.12.14,duckdb_iceberg,2.0.0.dev2609121639,ok,warm,query,4,0.4522,5,ok,
35515861490-1,2026-09-20T14:14:31Z,https://github.com/djouallah/onelake-iceberg/actions/runs/35515861490,8f95d7b,10,tpch,linux-6.17.0-1022-azure,4,15.6,3.12.14,duckdb_iceberg,2.0.0.dev2609121639,ok,warm,query,5,1.0309,5,ok,
35515861490-1,2026-09-20T14:14:31Z,https://github.com/djouallah/onelake-iceberg/actions/runs/35515861490,8f95d7b,10,tpch,linux-6.17.0-1022-azure,4,15.6,3.12.14,duckdb_iceberg,2.0.0.dev2609121639,ok,warm,query,6,0.5141,1,ok,
35515861490-1,2026-09-20T14:14:31Z,https://github.com/djouallah/onelake-iceberg/actions/runs/35515861490,8f95d7b,10,tpch,linux-6.17.0-1022-azure,4,15.6,3.12.14,duckdb_iceberg,2.0.0.dev2609121639,ok,warm,query,7,0.9446,9,ok,
35515861490-1,2026-09-20T14:14:31Z,https://github.com/djouallah/onelake-iceberg/actions/runs/35515861490,8f95d7b,10,tpch,linux-6.17.0-1022-azure,4,15.6,3.12.14,duckdb_iceberg,2.0.0.dev2609121639,ok,warm,query,8,1.0975,2,ok,
35515861490-1,2026-09-20T14:14:31Z,https://github.com/djouallah/onelake-iceberg/actions/runs/35515861490,8f95d7b,10,tpch,linux-6.17.0-1022-azure,4,15.6,3.12.14,duckdb_iceberg,2.0.0.dev2609121639,ok,warm,query,9,2.1183,175,ok,
35515861490-1,2026-09-20T14:14:31Z,https://github.com/djouallah/onelake-iceberg/actions/runs/35515861490,8f95d7b,10,tpch,linux-6.17.0-1022-azure,4,15.6,3.12.14,duckdb_iceberg,2.0.0.dev2609121639,ok,warm,query,10,1.2898,20,ok,
35515861490-1,2026-09-20T14:14:31Z,https://github.com/djouallah/onelake-iceberg/actions/runs/35515861490,8f95d7b,10,tpch,linux-6.17.0-1022-azure,4,15.6,3.12.14,duckdb_iceberg,2.0.0.dev2609121639,ok,warm,query,11,0.1477,8685,ok,
35515861490-1,2026-09-20T14:14:31Z,https://github.com/djouallah/onelake-iceberg/actions/runs/35515861490,8f95d7b,10,tpch,linux-6.17.0-1022-azure,4,15.6,3.12.14,duckdb_iceberg,2.0.0.dev2609121639,ok,warm,query,12,0.53,2,ok,
35515861490-1,2026-09-20T14:14:31Z,https://github.com/djouallah/onelake-iceberg/actions/runs/35515861490,8f95d7b,10,tpch,linux-6.17.0-1022-azure,4,15.6,3.12.14,duckdb_iceberg,2.0.0.dev2609121639,ok,warm,query,13,1.5186,46,ok,
35515861490-1,2026-09-20T14:14:31Z,https://github.com/djouallah/onelake-iceberg/actions/runs/35515861490,8f95d7b,10,tpch,linux-6.17.0-1022-azure,4,15.6,3.12.14,duckdb_iceberg,2.0.0.dev2609121639,ok,warm,query,14,0.7738,1,ok,
35515861490-1,2026-09-20T14:14:31Z,https://github.com/djouallah/onelake-iceberg/actions/runs/35515861490,8f95d7b,10,tpch,linux-6.17.0-1022-azure,4,15.6,3.12.14,duckdb_iceberg,2.0.0.dev2609121639,ok,warm,query,15,0.5848,1,ok,
35515861490-1,2026-09-20T14:14:31Z,https://github.com/djouallah/onelake-iceberg/actions/runs/35515861490,8f95d7b,10,tpch,linux-6.17.0-1022-azure,4,15.6,3.12.14,duckdb_iceberg,2.0.0.dev2609121639,ok,warm,query,16,0.2419,27840,ok,
35515861490-1,2026-09-20T14:14:31Z,https://github.com/djouallah/onelake-iceberg/actions/runs/35515861490,8f95d7b,10,tpch,linux-6.17.0-1022-azure,4,15.6,3.12.14,duckdb_iceberg,2.0.0.dev2609121639,ok,warm,query,17,2.5518,1,ok,
35515861490-1,2026-09-20T14:14:31Z,https://github.com/djouallah/onelake-iceberg/actions/runs/35515861490,8f95d7b,10,tpch,linux-6.17.0-1022-azure,4,15.6,3.12.14,duckdb_iceberg,2.0.0.dev2609121639,ok,warm,query,18,1.044,100,ok,
35515861490-1,2026-09-20T14:14:31Z,https://github.com/djouallah/onelake-iceberg/actions/runs/35515861490,8f95d7b,10,tpch,linux-6.17.0-1022-azure,4,15.6,3.12.14,duckdb_iceberg,2.0.0.dev2609121639,ok,warm,query,19,0.8356,1,ok,
35515861490-1,2026-09-20T14:14:31Z,https://github.com/djouallah/onelake-iceberg/actions/runs/35515861490,8f95d7b,10,tpch,linux-6.17.0-1022-azure,4,15.6,3.12.14,duckdb_iceberg,2.0.0.dev2609121639,ok,warm,query,20,1.082,1804,ok,
35515861490-1,2026-09-20T14:14:31Z,https://github.com/djouallah/onelake-iceberg/actions/runs/35515861490,8f95d7b,10,tpch,linux-6.17.0-1022-azure,4,15.6,3.12.14,duckdb_iceberg,2.0.0.dev2609121639,ok,warm,query,21,3.9248,100,ok,
35515861490-1,2026-09-20T14:14:31Z,https://github.com/djouallah/onelake-iceberg/actions/runs/35515861490,8f95d7b,10,tpch,linux-6.17.0-1022-azure,4,15.6,3.12.14,duckdb_iceberg,2.0.0.dev2609121639,ok,warm,query,22,0.5152,7,ok,
35515861490-1,2026-09-20T14:14:31Z,https://github.com/djouallah/onelake-iceberg/actions/runs/35515861490,8f95d7b,10,tpch,linux-6.17.0-1022-azure,4,15.6,3.12.14,lakesail_iceberg,0.7.1,ok,cold,setup,0,1.9729,,ok,
35515861490-1,2026-09-20T14:14:31Z,https://github.com/djouallah/onelake-iceberg/actions/runs/35515861490,8f95d7b,10,tpch,linux-6.17.0-1022-azure,4,15.6,3.12.14,lakesail_iceberg,0.7.1,ok,cold,query,1,12.4197,4,ok,
35515861490-1,2026-09-20T14:14:31Z,https://github.com/djouallah/onelake-iceberg/actions/runs/35515861490,8f95d7b,10,tpch,linux-6.17.0-1022-azure,4,15.6,3.12.14,lakesail_iceberg,0.7.1,ok,cold,query,2,33.2256,10,ok,
35515861490-1,2026-09-20T14:14:31Z,https://github.com/djouallah/onelake-iceberg/actions/runs/35515861490,8f95d7b,10,tpch,linux-6.17.0-1022-azure,4,15.6,3.12.14,lakesail_iceberg,0.7.1,ok,cold,query,3,10.693,10,ok,
35515861490-1,2026-09-20T14:14:31Z,https://github.com/djouallah/onelake-iceberg/actions/runs/35515861490,8f95d7b,10,tpch,linux-6.17.0-1022-azure,4,15.6,3.12.14,lakesail_iceberg,0.7.1,ok,cold,query,4,6.0918,5,ok,
35515861490-1,2026-09-20T14:14:31Z,https://github.com/djouallah/onelake-iceberg/actions/runs/35515861490,8f95d7b,10,tpch,linux-6.17.0-1022-azure,4,15.6,3.12.14,lakesail_iceberg,0.7.1,ok,cold,query,5,11.1886,5,ok,
35515861490-1,2026-09-20T14:14:31Z,https://github.com/djouallah/onelake-iceberg/actions/runs/35515861490,8f95d7b,10,tpch,linux-6.17.0-1022-azure,4,15.6,3.12.14,lakesail_iceberg,0.7.1,ok,cold,query,6,5.4143,1,ok,
35515861490-1,2026-09-20T14:14:31Z,https://github.com/djouallah/onelake-iceberg/actions/runs/35515861490,8f95d7b,10,tpch,linux-6.17.0-1022-azure,4,15.6,3.12.14,lakesail_iceberg,0.7.1,ok,cold,query,7,11.3258,9,ok,
35515861490-1,2026-09-20T14:14:31Z,https://github.com/djouallah/onelake-iceberg/actions/runs/35515861490,8f95d7b,10,tpch,linux-6.17.0-1022-azure,4,15.6,3.12.14,lakesail_iceberg,0.7.1,ok,cold,query,8,13.7026,2,ok,
35515861490-1,2026-09-20T14:14:31Z,https://github.com/djouallah/onelake-iceberg/actions/runs/35515861490,8f95d7b,10,tpch,linux-6.17.0-1022-azure,4,15.6,3.12.14,lakesail_iceberg,0.7.1,ok,cold,query,9,12.8973,175,ok,
35515861490-1,2026-09-20T14:14:31Z,https://github.com/djouallah/onelake-iceberg/actions/runs/35515861490,8f95d7b,10,tpch,linux-6.17.0-1022-azure,4,15.6,3.12.14,lakesail_iceberg,0.7.1,ok,cold,query,10,10.0114,20,ok,
35515861490-1,2026-09-20T14:14:31Z,https://github.com/djouallah/onelake-iceberg/actions/runs/35515861490,8f95d7b,10,tpch,linux-6.17.0-1022-azure,4,15.6,3.12.14,lakesail_iceberg,0.7.1,ok,cold,query,11,5.725,8685,ok,
35515861490-1,2026-09-20T14:14:31Z,https://github.com/djouallah/onelake-iceberg/actions/runs/35515861490,8f95d7b,10,tpch,linux-6.17.0-1022-azure,4,15.6,3.12.14,lakesail_iceberg,0.7.1,ok,cold,query,12,6.7113,2,ok,
35515861490-1,2026-09-20T14:14:31Z,https://github.com/djouallah/onelake-iceberg/actions/runs/35515861490,8f95d7b,10,tpch,linux-6.17.0-1022-azure,4,15.6,3.12.14,lakesail_iceberg,0.7.1,ok,cold,query,13,4.3361,46,ok,
35515861490-1,2026-09-20T14:14:31Z,https://github.com/djouallah/onelake-iceberg/actions/runs/35515861490,8f95d7b,10,tpch,linux-6.17.0-1022-azure,4,15.6,3.12.14,lakesail_iceberg,0.7.1,ok,cold,query,14,6.7669,1,ok,
35515861490-1,2026-09-20T14:14:31Z,https://github.com/djouallah/onelake-iceberg/actions/runs/35515861490,8f95d7b,10,tpch,linux-6.17.0-1022-azure,4,15.6,3.12.14,lakesail_iceberg,0.7.1,ok,cold,query,15,11.4689,1,ok,
35515861490-1,2026-09-20T14:14:31Z,https://github.com/djouallah/onelake-iceberg/actions/runs/35515861490,8f95d7b,10,tpch,linux-6.17.0-1022-azure,4,15.6,3.12.14,lakesail_iceberg,0.7.1,ok,cold,query,16,3.8185,27840,ok,
35515861490-1,2026-09-20T14:14:31Z,https://github.com/djouallah/onelake-iceberg/actions/runs/35515861490,8f95d7b,10,tpch,linux-6.17.0-1022-azure,4,15.6,3.12.14,lakesail_iceberg,0.7.1,ok,cold,query,17,12.2435,1,ok,
35515861490-1,2026-09-20T14:14:31Z,https://github.com/djouallah/onelake-iceberg/actions/runs/35515861490,8f95d7b,10,tpch,linux-6.17.0-1022-azure,4,15.6,3.12.14,lakesail_iceberg,0.7.1,ok,cold,query,18,14.4646,100,ok,
35515861490-1,2026-09-20T14:14:31Z,https://github.com/djouallah/onelake-iceberg/actions/runs/35515861490,8f95d7b,10,tpch,linux-6.17.0-1022-azure,4,15.6,3.12.14,lakesail_iceberg,0.7.1,ok,cold,query,19,8.7374,1,ok,
35515861490-1,2026-09-20T14:14:31Z,https://github.com/djouallah/onelake-iceberg/actions/runs/35515861490,8f95d7b,10,tpch,linux-6.17.0-1022-azure,4,15.6,3.12.14,lakesail_iceberg,0.7.1,ok,cold,query,20,10.4327,1804,ok,
35515861490-1,2026-09-20T14:14:31Z,https://github.com/djouallah/onelake-iceberg/actions/runs/35515861490,8f95d7b,10,tpch,linux-6.17.0-1022-azure,4,15.6,3.12.14,lakesail_iceberg,0.7.1,ok,cold,query,21,20.5571,100,ok,
35515861490-1,2026-09-20T14:14:31Z,https://github.com/djouallah/onelake-iceberg/actions/runs/35515861490,8f95d7b,10,tpch,linux-6.17.0-1022-azure,4,15.6,3.12.14,lakesail_iceberg,0.7.1,ok,cold,query,22,4.1238,7,ok,
35515861490-1,2026-09-20T14:14:31Z,https://github.com/djouallah/onelake-iceberg/actions/runs/35515861490,8f95d7b,10,tpch,linux-6.17.0-1022-azure,4,15.6,3.12.14,lakesail_iceberg,0.7.1,ok,warm,query,1,7.4229,4,ok,
35515861490-1,2026-09-20T14:14:31Z,https://github.com/djouallah/onelake-iceberg/actions/runs/35515861490,8f95d7b,10,tpch,linux-6.17.0-1022-azure,4,15.6,3.12.14,lakesail_iceberg,0.7.1,ok,warm,query,2,8.7604,10,ok,
35515861490-1,2026-09-20T14:14:31Z,https://github.com/djouallah/onelake-iceberg/actions/runs/35515861490,8f95d7b,10,tpch,linux-6.17.0-1022-azure,4,15.6,3.12.14,lakesail_iceberg,0.7.1,ok,warm,query,3,10.5005,10,ok,
35515861490-1,2026-09-20T14:14:31Z,https://github.com/djouallah/onelake-iceberg/actions/runs/35515861490,8f95d7b,10,tpch,linux-6.17.0-1022-azure,4,15.6,3.12.14,lakesail_iceberg,0.7.1,ok,warm,query,4,6.1504,5,ok,
35515861490-1,2026-09-20T14:14:31Z,https://github.com/djouallah/onelake-iceberg/actions/runs/35515861490,8f95d7b,10,tpch,linux-6.17.0-1022-azure,4,15.6,3.12.14,lakesail_iceberg,0.7.1,ok,warm,query,5,11.6429,5,ok,
35515861490-1,2026-09-20T14:14:31Z,https://github.com/djouallah/onelake-iceberg/actions/runs/35515861490,8f95d7b,10,tpch,linux-6.17.0-1022-azure,4,15.6,3.12.14,lakesail_iceberg,0.7.1,ok,warm,query,6,5.4954,1,ok,
35515861490-1,2026-09-20T14:14:31Z,https://github.com/djouallah/onelake-iceberg/actions/runs/35515861490,8f95d7b,10,tpch,linux-6.17.0-1022-azure,4,15.6,3.12.14,lakesail_iceberg,0.7.1,ok,warm,query,7,11.0271,9,ok,
35515861490-1,2026-09-20T14:14:31Z,https://github.com/djouallah/onelake-iceberg/actions/runs/35515861490,8f95d7b,10,tpch,linux-6.17.0-1022-azure,4,15.6,3.12.14,lakesail_iceberg,0.7.1,ok,warm,query,8,14.4292,2,ok,
35515861490-1,2026-09-20T14:14:31Z,https://github.com/djouallah/onelake-iceberg/actions/runs/35515861490,8f95d7b,10,tpch,linux-6.17.0-1022-azure,4,15.6,3.12.14,lakesail_iceberg,0.7.1,ok,warm,query,9,35.4218,175,ok,
35515861490-1,2026-09-20T14:14:31Z,https://github.com/djouallah/onelake-iceberg/actions/runs/35515861490,8f95d7b,10,tpch,linux-6.17.0-1022-azure,4,15.6,3.12.14,lakesail_iceberg,0.7.1,ok,warm,query,10,9.6925,20,ok,
35515861490-1,2026-09-20T14:14:31Z,https://github.com/djouallah/onelake-iceberg/actions/runs/35515861490,8f95d7b,10,tpch,linux-6.17.0-1022-azure,4,15.6,3.12.14,lakesail_iceberg,0.7.1,ok,warm,query,11,5.9271,8685,ok,
35515861490-1,2026-09-20T14:14:31Z,https://github.com/djouallah/onelake-iceberg/actions/runs/35515861490,8f95d7b,10,tpch,linux-6.17.0-1022-azure,4,15.6,3.12.14,lakesail_iceberg,0.7.1,ok,warm,query,12,6.9135,2,ok,
35515861490-1,2026-09-20T14:14:31Z,https://github.com/djouallah/onelake-iceberg/actions/runs/35515861490,8f95d7b,10,tpch,linux-6.17.0-1022-azure,4,15.6,3.12.14,lakesail_iceberg,0.7.1,ok,warm,query,13,4.6686,46,ok,
35515861490-1,2026-09-20T14:14:31Z,https://github.com/djouallah/onelake-iceberg/actions/runs/35515861490,8f95d7b,10,tpch,linux-6.17.0-1022-azure,4,15.6,3.12.14,lakesail_iceberg,0.7.1,ok,warm,query,14,6.6274,1,ok,
35515861490-1,2026-09-20T14:14:31Z,https://github.com/djouallah/onelake-iceberg/actions/runs/35515861490,8f95d7b,10,tpch,linux-6.17.0-1022-azure,4,15.6,3.12.14,lakesail_iceberg,0.7.1,ok,warm,query,15,11.0553,1,ok,
35515861490-1,2026-09-20T14:14:31Z,https://github.com/djouallah/onelake-iceberg/actions/runs/35515861490,8f95d7b,10,tpch,linux-6.17.0-1022-azure,4,15.6,3.12.14,lakesail_iceberg,0.7.1,ok,warm,query,16,3.8955,27840,ok,
35515861490-1,2026-09-20T14:14:31Z,https://github.com/djouallah/onelake-iceberg/actions/runs/35515861490,8f95d7b,10,tpch,linux-6.17.0-1022-azure,4,15.6,3.12.14,lakesail_iceberg,0.7.1,ok,warm,query,17,13.4588,1,ok,
35515861490-1,2026-09-20T14:14:31Z,https://github.com/djouallah/onelake-iceberg/actions/runs/35515861490,8f95d7b,10,tpch,linux-6.17.0-1022-azure,4,15.6,3.12.14,lakesail_iceberg,0.7.1,ok,warm,query,18,14.7686,100,ok,
35515861490-1,2026-09-20T14:14:31Z,https://github.com/djouallah/onelake-iceberg/actions/runs/35515861490,8f95d7b,10,tpch,linux-6.17.0-1022-azure,4,15.6,3.12.14,lakesail_iceberg,0.7.1,ok,warm,query,19,9.8312,1,ok,
35515861490-1,2026-09-20T14:14:31Z,https://github.com/djouallah/onelake-iceberg/actions/runs/35515861490,8f95d7b,10,tpch,linux-6.17.0-1022-azure,4,15.6,3.12.14,lakesail_iceberg,0.7.1,ok,warm,query,20,9.9104,1804,ok,
35515861490-1,2026-09-20T14:14:31Z,https://github.com/djouallah/onelake-iceberg/actions/runs/35515861490,8f95d7b,10,tpch,linux-6.17.0-1022-azure,4,15.6,3.12.14,lakesail_iceberg,0.7.1,ok,warm,query,21,18.8785,100,ok,
35515861490-1,2026-09-20T14:14:31Z,https://github.com/djouallah/onelake-iceberg/actions/runs/35515861490,8f95d7b,10,tpch,linux-6.17.0-1022-azure,4,15.6,3.12.14,lakesail_iceberg,0.7.1,ok,warm,query,22,4.3308,7,ok,
35515861490-1,2026-09-20T14:14:31Z,https://github.com/djouallah/onelake-iceberg/actions/runs/35515861490,8f95d7b,10,tpch,linux-6.17.0-1022-azure,4,15.6,3.12.14,polars_iceberg,2.0.0-rc.2,ok,cold,setup,0,6.5184,,ok,
35515861490-1,2026-09-20T14:14:31Z,https://github.com/djouallah/onelake-iceberg/actions/runs/35515861490,8f95d7b,10,tpch,linux-6.17.0-1022-azure,4,15.6,3.12.14,polars_iceberg,2.0.0-rc.2,ok,cold,query,1,11.6959,4,ok,
35515861490-1,2026-09-20T14:14:31Z,https://github.com/djouallah/onelake-iceberg/actions/runs/35515861490,8f95d7b,10,tpch,linux-6.17.0-1022-azure,4,15.6,3.12.14,polars_iceberg,2.0.0-rc.2,ok,cold,query,2,5.3986,10,ok,
35515861490-1,2026-09-20T14:14:31Z,https://github.com/djouallah/onelake-iceberg/actions/runs/35515861490,8f95d7b,10,tpch,linux-6.17.0-1022-azure,4,15.6,3.12.14,polars_iceberg,2.0.0-rc.2,ok,cold,query,3,6.3162,10,ok,
35515861490-1,2026-09-20T14:14:31Z,https://github.com/djouallah/onelake-iceberg/actions/runs/35515861490,8f95d7b,10,tpch,linux-6.17.0-1022-azure,4,15.6,3.12.14,polars_iceberg,2.0.0-rc.2,ok,cold,query,4,3.5996,5,ok,
35515861490-1,2026-09-20T14:14:31Z,https://github.com/djouallah/onelake-iceberg/actions/runs/35515861490,8f95d7b,10,tpch,linux-6.17.0-1022-azure,4,15.6,3.12.14,polars_iceberg,2.0.0-rc.2,ok,cold,query,5,6.1946,5,ok,
35515861490-1,2026-09-20T14:14:31Z,https://github.com/djouallah/onelake-iceberg/actions/runs/35515861490,8f95d7b,10,tpch,linux-6.17.0-1022-azure,4,15.6,3.12.14,polars_iceberg,2.0.0-rc.2,ok,cold,query,6,3.7878,1,ok,
35515861490-1,2026-09-20T14:14:31Z,https://github.com/djouallah/onelake-iceberg/actions/runs/35515861490,8f95d7b,10,tpch,linux-6.17.0-1022-azure,4,15.6,3.12.14,polars_iceberg,2.0.0-rc.2,ok,cold,query,7,13.4889,9,ok,
35515861490-1,2026-09-20T14:14:31Z,https://github.com/djouallah/onelake-iceberg/actions/runs/35515861490,8f95d7b,10,tpch,linux-6.17.0-1022-azure,4,15.6,3.12.14,polars_iceberg,2.0.0-rc.2,ok,cold,query,8,6.5264,2,ok,
35515861490-1,2026-09-20T14:14:31Z,https://github.com/djouallah/onelake-iceberg/actions/runs/35515861490,8f95d7b,10,tpch,linux-6.17.0-1022-azure,4,15.6,3.12.14,polars_iceberg,2.0.0-rc.2,ok,cold,query,9,5.6903,175,ok,
35515861490-1,2026-09-20T14:14:31Z,https://github.com/djouallah/onelake-iceberg/actions/runs/35515861490,8f95d7b,10,tpch,linux-6.17.0-1022-azure,4,15.6,3.12.14,polars_iceberg,2.0.0-rc.2,ok,cold,query,10,2.5882,20,ok,
35515861490-1,2026-09-20T14:14:31Z,https://github.com/djouallah/onelake-iceberg/actions/runs/35515861490,8f95d7b,10,tpch,linux-6.17.0-1022-azure,4,15.6,3.12.14,polars_iceberg,2.0.0-rc.2,ok,cold,query,11,0.7092,8685,ok,
35515861490-1,2026-09-20T14:14:31Z,https://github.com/djouallah/onelake-iceberg/actions/runs/35515861490,8f95d7b,10,tpch,linux-6.17.0-1022-azure,4,15.6,3.12.14,polars_iceberg,2.0.0-rc.2,ok,cold,query,12,1.6978,2,ok,
35515861490-1,2026-09-20T14:14:31Z,https://github.com/djouallah/onelake-iceberg/actions/runs/35515861490,8f95d7b,10,tpch,linux-6.17.0-1022-azure,4,15.6,3.12.14,polars_iceberg,2.0.0-rc.2,ok,cold,query,13,2.715,46,ok,
35515861490-1,2026-09-20T14:14:31Z,https://github.com/djouallah/onelake-iceberg/actions/runs/35515861490,8f95d7b,10,tpch,linux-6.17.0-1022-azure,4,15.6,3.12.14,polars_iceberg,2.0.0-rc.2,ok,cold,query,14,2.5226,1,ok,
35515861490-1,2026-09-20T14:14:31Z,https://github.com/djouallah/onelake-iceberg/actions/runs/35515861490,8f95d7b,10,tpch,linux-6.17.0-1022-azure,4,15.6,3.12.14,polars_iceberg,2.0.0-rc.2,ok,cold,query,15,1.3285,1,ok,
35515861490-1,2026-09-20T14:14:31Z,https://github.com/djouallah/onelake-iceberg/actions/runs/35515861490,8f95d7b,10,tpch,linux-6.17.0-1022-azure,4,15.6,3.12.14,polars_iceberg,2.0.0-rc.2,ok,cold,query,16,1.3562,27840,ok,
35515861490-1,2026-09-20T14:14:31Z,https://github.com/djouallah/onelake-iceberg/actions/runs/35515861490,8f95d7b,10,tpch,linux-6.17.0-1022-azure,4,15.6,3.12.14,polars_iceberg,2.0.0-rc.2,ok,cold,query,17,5.1568,1,ok,
35515861490-1,2026-09-20T14:14:31Z,https://github.com/djouallah/onelake-iceberg/actions/runs/35515861490,8f95d7b,10,tpch,linux-6.17.0-1022-azure,4,15.6,3.12.14,polars_iceberg,2.0.0-rc.2,ok,cold,query,18,7.4894,100,ok,
35515861490-1,2026-09-20T14:14:31Z,https://github.com/djouallah/onelake-iceberg/actions/runs/35515861490,8f95d7b,10,tpch,linux-6.17.0-1022-azure,4,15.6,3.12.14,polars_iceberg,2.0.0-rc.2,ok,cold,query,19,2.5605,1,ok,
35515861490-1,2026-09-20T14:14:31Z,https://github.com/djouallah/onelake-iceberg/actions/runs/35515861490,8f95d7b,10,tpch,linux-6.17.0-1022-azure,4,15.6,3.12.14,polars_iceberg,2.0.0-rc.2,ok,cold,query,20,3.433,1804,ok,
35515861490-1,2026-09-20T14:14:31Z,https://github.com/djouallah/onelake-iceberg/actions/runs/35515861490,8f95d7b,10,tpch,linux-6.17.0-1022-azure,4,15.6,3.12.14,polars_iceberg,2.0.0-rc.2,ok,cold,query,21,7.3913,100,ok,
35515861490-1,2026-09-20T14:14:31Z,https://github.com/djouallah/onelake-iceberg/actions/runs/35515861490,8f95d7b,10,tpch,linux-6.17.0-1022-azure,4,15.6,3.12.14,polars_iceberg,2.0.0-rc.2,ok,cold,query,22,4.6551,7,ok,
35515861490-1,2026-09-20T14:14:31Z,https://github.com/djouallah/onelake-iceberg/actions/runs/35515861490,8f95d7b,10,tpch,linux-6.17.0-1022-azure,4,15.6,3.12.14,polars_iceberg,2.0.0-rc.2,ok,warm,query,1,8.9941,4,ok,
35515861490-1,2026-09-20T14:14:31Z,https://github.com/djouallah/onelake-iceberg/actions/runs/35515861490,8f95d7b,10,tpch,linux-6.17.0-1022-azure,4,15.6,3.12.14,polars_iceberg,2.0.0-rc.2,ok,warm,query,2,3.7838,10,ok,
35515861490-1,2026-09-20T14:14:31Z,https://github.com/djouallah/onelake-iceberg/actions/runs/35515861490,8f95d7b,10,tpch,linux-6.17.0-1022-azure,4,15.6,3.12.14,polars_iceberg,2.0.0-rc.2,ok,warm,query,3,4.2668,10,ok,
35515861490-1,2026-09-20T14:14:31Z,https://github.com/djouallah/onelake-iceberg/actions/runs/35515861490,8f95d7b,10,tpch,linux-6.17.0-1022-azure,4,15.6,3.12.14,polars_iceberg,2.0.0-rc.2,ok,warm,query,4,3.9842,5,ok,
35515861490-1,2026-09-20T14:14:31Z,https://github.com/djouallah/onelake-iceberg/actions/runs/35515861490,8f95d7b,10,tpch,linux-6.17.0-1022-azure,4,15.6,3.12.14,polars_iceberg,2.0.0-rc.2,ok,warm,query,5,6.0593,5,ok,
35515861490-1,2026-09-20T14:14:31Z,https://github.com/djouallah/onelake-iceberg/actions/runs/35515861490,8f95d7b,10,tpch,linux-6.17.0-1022-azure,4,15.6,3.12.14,polars_iceberg,2.0.0-rc.2,ok,warm,query,6,3.5861,1,ok,
35515861490-1,2026-09-20T14:14:31Z,https://github.com/djouallah/onelake-iceberg/actions/runs/35515861490,8f95d7b,10,tpch,linux-6.17.0-1022-azure,4,15.6,3.12.14,polars_iceberg,2.0.0-rc.2,ok,warm,query,7,12.7166,9,ok,
35515861490-1,2026-09-20T14:14:31Z,https://github.com/djouallah/onelake-iceberg/actions/runs/35515861490,8f95d7b,10,tpch,linux-6.17.0-1022-azure,4,15.6,3.12.14,polars_iceberg,2.0.0-rc.2,ok,warm,query,8,6.6074,2,ok,
35515861490-1,2026-09-20T14:14:31Z,https://github.com/djouallah/onelake-iceberg/actions/runs/35515861490,8f95d7b,10,tpch,linux-6.17.0-1022-azure,4,15.6,3.12.14,polars_iceberg,2.0.0-rc.2,ok,warm,query,9,7.4891,175,ok,
35515861490-1,2026-09-20T14:14:31Z,https://github.com/djouallah/onelake-iceberg/actions/runs/35515861490,8f95d7b,10,tpch,linux-6.17.0-1022-azure,4,15.6,3.12.14,polars_iceberg,2.0.0-rc.2,ok,warm,query,10,4.7404,20,ok,
35515861490-1,2026-09-20T14:14:31Z,https://github.com/djouallah/onelake-iceberg/actions/runs/35515861490,8f95d7b,10,tpch,linux-6.17.0-1022-azure,4,15.6,3.12.14,polars_iceberg,2.0.0-rc.2,ok,warm,query,11,2.653,8685,ok,
35515861490-1,2026-09-20T14:14:31Z,https://github.com/djouallah/onelake-iceberg/actions/runs/35515861490,8f95d7b,10,tpch,linux-6.17.0-1022-azure,4,15.6,3.12.14,polars_iceberg,2.0.0-rc.2,ok,warm,query,12,2.6063,2,ok,
35515861490-1,2026-09-20T14:14:31Z,https://github.com/djouallah/onelake-iceberg/actions/runs/35515861490,8f95d7b,10,tpch,linux-6.17.0-1022-azure,4,15.6,3.12.14,polars_iceberg,2.0.0-rc.2,ok,warm,query,13,4.2182,46,ok,
35515861490-1,2026-09-20T14:14:31Z,https://github.com/djouallah/onelake-iceberg/actions/runs/35515861490,8f95d7b,10,tpch,linux-6.17.0-1022-azure,4,15.6,3.12.14,polars_iceberg,2.0.0-rc.2,ok,warm,query,14,3.0169,1,ok,
35515861490-1,2026-09-20T14:14:31Z,https://github.com/djouallah/onelake-iceberg/actions/runs/35515861490,8f95d7b,10,tpch,linux-6.17.0-1022-azure,4,15.6,3.12.14,polars_iceberg,2.0.0-rc.2,ok,warm,query,15,2.4491,1,ok,
35515861490-1,2026-09-20T14:14:31Z,https://github.com/djouallah/onelake-iceberg/actions/runs/35515861490,8f95d7b,10,tpch,linux-6.17.0-1022-azure,4,15.6,3.12.14,polars_iceberg,2.0.0-rc.2,ok,warm,query,16,1.9689,27840,ok,
35515861490-1,2026-09-20T14:14:31Z,https://github.com/djouallah/onelake-iceberg/actions/runs/35515861490,8f95d7b,10,tpch,linux-6.17.0-1022-azure,4,15.6,3.12.14,polars_iceberg,2.0.0-rc.2,ok,warm,query,17,5.9918,1,ok,
35515861490-1,2026-09-20T14:14:31Z,https://github.com/djouallah/onelake-iceberg/actions/runs/35515861490,8f95d7b,10,tpch,linux-6.17.0-1022-azure,4,15.6,3.12.14,polars_iceberg,2.0.0-rc.2,ok,warm,query,18,8.6267,100,ok,
35515861490-1,2026-09-20T14:14:31Z,https://github.com/djouallah/onelake-iceberg/actions/runs/35515861490,8f95d7b,10,tpch,linux-6.17.0-1022-azure,4,15.6,3.12.14,polars_iceberg,2.0.0-rc.2,ok,warm,query,19,2.8227,1,ok,
35515861490-1,2026-09-20T14:14:31Z,https://github.com/djouallah/onelake-iceberg/actions/runs/35515861490,8f95d7b,10,tpch,linux-6.17.0-1022-azure,4,15.6,3.12.14,polars_iceberg,2.0.0-rc.2,ok,warm,query,20,3.973,1804,ok,
35515861490-1,2026-09-20T14:14:31Z,https://github.com/djouallah/onelake-iceberg/actions/runs/35515861490,8f95d7b,10,tpch,linux-6.17.0-1022-azure,4,15.6,3.12.14,polars_iceberg,2.0.0-rc.2,ok,warm,query,21,7.4157,100,ok,
35515861490-1,2026-09-20T14:14:31Z,https://github.com/djouallah/onelake-iceberg/actions/runs/35515861490,8f95d7b,10,tpch,linux-6.17.0-1022-azure,4,15.6,3.12.14,polars_iceberg,2.0.0-rc.2,ok,warm,query,22,1.2447,7,ok,
35515861490-1,2026-09-20T14:14:31Z,https://github.com/djouallah/onelake-iceberg/actions/runs/35515861490,8f95d7b,10,tpch,linux-6.17.0-1022-azure,4,15.6,3.12.14,pyspark_iceberg,4.1.3,ok,cold,setup,0,10.2058,,ok,
35515861490-1,2026-09-20T14:14:31Z,https://github.com/djouallah/onelake-iceberg/actions/runs/35515861490,8f95d7b,10,tpch,linux-6.17.0-1022-azure,4,15.6,3.12.14,pyspark_iceberg,4.1.3,ok,cold,query,1,33.1369,4,ok,
35515861490-1,2026-09-20T14:14:31Z,https://github.com/djouallah/onelake-iceberg/actions/runs/35515861490,8f95d7b,10,tpch,linux-6.17.0-1022-azure,4,15.6,3.12.14,pyspark_iceberg,4.1.3,ok,cold,query,2,8.7477,10,ok,
35515861490-1,2026-09-20T14:14:31Z,https://github.com/djouallah/onelake-iceberg/actions/runs/35515861490,8f95d7b,10,tpch,linux-6.17.0-1022-azure,4,15.6,3.12.14,pyspark_iceberg,4.1.3,ok,cold,query,3,13.9579,10,ok,
35515861490-1,2026-09-20T14:14:31Z,https://github.com/djouallah/onelake-iceberg/actions/runs/35515861490,8f95d7b,10,tpch,linux-6.17.0-1022-azure,4,15.6,3.12.14,pyspark_iceberg,4.1.3,ok,cold,query,4,10.0473,5,ok,
35515861490-1,2026-09-20T14:14:31Z,https://github.com/djouallah/onelake-iceberg/actions/runs/35515861490,8f95d7b,10,tpch,linux-6.17.0-1022-azure,4,15.6,3.12.14,pyspark_iceberg,4.1.3,ok,cold,query,5,22.1078,5,ok,
35515861490-1,2026-09-20T14:14:31Z,https://github.com/djouallah/onelake-iceberg/actions/runs/35515861490,8f95d7b,10,tpch,linux-6.17.0-1022-azure,4,15.6,3.12.14,pyspark_iceberg,4.1.3,ok,cold,query,6,6.5406,1,ok,
35515861490-1,2026-09-20T14:14:31Z,https://github.com/djouallah/onelake-iceberg/actions/runs/35515861490,8f95d7b,10,tpch,linux-6.17.0-1022-azure,4,15.6,3.12.14,pyspark_iceberg,4.1.3,ok,cold,query,7,33.5106,9,ok,
35515861490-1,2026-09-20T14:14:31Z,https://github.com/djouallah/onelake-iceberg/actions/runs/35515861490,8f95d7b,10,tpch,linux-6.17.0-1022-azure,4,15.6,3.12.14,pyspark_iceberg,4.1.3,ok,cold,query,8,22.0177,2,ok,
35515861490-1,2026-09-20T14:14:31Z,https://github.com/djouallah/onelake-iceberg/actions/runs/35515861490,8f95d7b,10,tpch,linux-6.17.0-1022-azure,4,15.6,3.12.14,pyspark_iceberg,4.1.3,ok,cold,query,9,26.1869,175,ok,
35515861490-1,2026-09-20T14:14:31Z,https://github.com/djouallah/onelake-iceberg/actions/runs/35515861490,8f95d7b,10,tpch,linux-6.17.0-1022-azure,4,15.6,3.12.14,pyspark_iceberg,4.1.3,ok,cold,query,10,11.334,20,ok,
35515861490-1,2026-09-20T14:14:31Z,https://github.com/djouallah/onelake-iceberg/actions/runs/35515861490,8f95d7b,10,tpch,linux-6.17.0-1022-azure,4,15.6,3.12.14,pyspark_iceberg,4.1.3,ok,cold,query,11,2.4076,8685,ok,
35515861490-1,2026-09-20T14:14:31Z,https://github.com/djouallah/onelake-iceberg/actions/runs/35515861490,8f95d7b,10,tpch,linux-6.17.0-1022-azure,4,15.6,3.12.14,pyspark_iceberg,4.1.3,ok,cold,query,12,8.9984,2,ok,
35515861490-1,2026-09-20T14:14:31Z,https://github.com/djouallah/onelake-iceberg/actions/runs/35515861490,8f95d7b,10,tpch,linux-6.17.0-1022-azure,4,15.6,3.12.14,pyspark_iceberg,4.1.3,ok,cold,query,13,9.5081,46,ok,
35515861490-1,2026-09-20T14:14:31Z,https://github.com/djouallah/onelake-iceberg/actions/runs/35515861490,8f95d7b,10,tpch,linux-6.17.0-1022-azure,4,15.6,3.12.14,pyspark_iceberg,4.1.3,ok,cold,query,14,6.6154,1,ok,
35515861490-1,2026-09-20T14:14:31Z,https://github.com/djouallah/onelake-iceberg/actions/runs/35515861490,8f95d7b,10,tpch,linux-6.17.0-1022-azure,4,15.6,3.12.14,pyspark_iceberg,4.1.3,ok,cold,query,15,13.193,1,ok,
35515861490-1,2026-09-20T14:14:31Z,https://github.com/djouallah/onelake-iceberg/actions/runs/35515861490,8f95d7b,10,tpch,linux-6.17.0-1022-azure,4,15.6,3.12.14,pyspark_iceberg,4.1.3,ok,cold,query,16,3.9478,27840,ok,
35515861490-1,2026-09-20T14:14:31Z,https://github.com/djouallah/onelake-iceberg/actions/runs/35515861490,8f95d7b,10,tpch,linux-6.17.0-1022-azure,4,15.6,3.12.14,pyspark_iceberg,4.1.3,ok,cold,query,17,30.451,1,ok,
35515861490-1,2026-09-20T14:14:31Z,https://github.com/djouallah/onelake-iceberg/actions/runs/35515861490,8f95d7b,10,tpch,linux-6.17.0-1022-azure,4,15.6,3.12.14,pyspark_iceberg,4.1.3,ok,cold,query,18,26.7275,100,ok,
35515861490-1,2026-09-20T14:14:31Z,https://github.com/djouallah/onelake-iceberg/actions/runs/35515861490,8f95d7b,10,tpch,linux-6.17.0-1022-azure,4,15.6,3.12.14,pyspark_iceberg,4.1.3,ok,cold,query,19,7.8577,1,ok,
35515861490-1,2026-09-20T14:14:31Z,https://github.com/djouallah/onelake-iceberg/actions/runs/35515861490,8f95d7b,10,tpch,linux-6.17.0-1022-azure,4,15.6,3.12.14,pyspark_iceberg,4.1.3,ok,cold,query,20,8.2616,1804,ok,
35515861490-1,2026-09-20T14:14:31Z,https://github.com/djouallah/onelake-iceberg/actions/runs/35515861490,8f95d7b,10,tpch,linux-6.17.0-1022-azure,4,15.6,3.12.14,pyspark_iceberg,4.1.3,ok,cold,query,21,33.1324,100,ok,
35515861490-1,2026-09-20T14:14:31Z,https://github.com/djouallah/onelake-iceberg/actions/runs/35515861490,8f95d7b,10,tpch,linux-6.17.0-1022-azure,4,15.6,3.12.14,pyspark_iceberg,4.1.3,ok,cold,query,22,4.5228,7,ok,
35515861490-1,2026-09-20T14:14:31Z,https://github.com/djouallah/onelake-iceberg/actions/runs/35515861490,8f95d7b,10,tpch,linux-6.17.0-1022-azure,4,15.6,3.12.14,pyspark_iceberg,4.1.3,ok,warm,query,1,25.6005,4,ok,
35515861490-1,2026-09-20T14:14:31Z,https://github.com/djouallah/onelake-iceberg/actions/runs/35515861490,8f95d7b,10,tpch,linux-6.17.0-1022-azure,4,15.6,3.12.14,pyspark_iceberg,4.1.3,ok,warm,query,2,6.0443,10,ok,
35515861490-1,2026-09-20T14:14:31Z,https://github.com/djouallah/onelake-iceberg/actions/runs/35515861490,8f95d7b,10,tpch,linux-6.17.0-1022-azure,4,15.6,3.12.14,pyspark_iceberg,4.1.3,ok,warm,query,3,12.5224,10,ok,
35515861490-1,2026-09-20T14:14:31Z,https://github.com/djouallah/onelake-iceberg/actions/runs/35515861490,8f95d7b,10,tpch,linux-6.17.0-1022-azure,4,15.6,3.12.14,pyspark_iceberg,4.1.3,ok,warm,query,4,8.5566,5,ok,
35515861490-1,2026-09-20T14:14:31Z,https://github.com/djouallah/onelake-iceberg/actions/runs/35515861490,8f95d7b,10,tpch,linux-6.17.0-1022-azure,4,15.6,3.12.14,pyspark_iceberg,4.1.3,ok,warm,query,5,21.426,5,ok,
35515861490-1,2026-09-20T14:14:31Z,https://github.com/djouallah/onelake-iceberg/actions/runs/35515861490,8f95d7b,10,tpch,linux-6.17.0-1022-azure,4,15.6,3.12.14,pyspark_iceberg,4.1.3,ok,warm,query,6,6.4838,1,ok,
35515861490-1,2026-09-20T14:14:31Z,https://github.com/djouallah/onelake-iceberg/actions/runs/35515861490,8f95d7b,10,tpch,linux-6.17.0-1022-azure,4,15.6,3.12.14,pyspark_iceberg,4.1.3,ok,warm,query,7,31.7314,9,ok,
35515861490-1,2026-09-20T14:14:31Z,https://github.com/djouallah/onelake-iceberg/actions/runs/35515861490,8f95d7b,10,tpch,linux-6.17.0-1022-azure,4,15.6,3.12.14,pyspark_iceberg,4.1.3,ok,warm,query,8,20.9367,2,ok,
35515861490-1,2026-09-20T14:14:31Z,https://github.com/djouallah/onelake-iceberg/actions/runs/35515861490,8f95d7b,10,tpch,linux-6.17.0-1022-azure,4,15.6,3.12.14,pyspark_iceberg,4.1.3,ok,warm,query,9,23.8542,175,ok,
35515861490-1,2026-09-20T14:14:31Z,https://github.com/djouallah/onelake-iceberg/actions/runs/35515861490,8f95d7b,10,tpch,linux-6.17.0-1022-azure,4,15.6,3.12.14,pyspark_iceberg,4.1.3,ok,warm,query,10,10.7713,20,ok,
35515861490-1,2026-09-20T14:14:31Z,https://github.com/djouallah/onelake-iceberg/actions/runs/35515861490,8f95d7b,10,tpch,linux-6.17.0-1022-azure,4,15.6,3.12.14,pyspark_iceberg,4.1.3,ok,warm,query,11,2.1872,8685,ok,
35515861490-1,2026-09-20T14:14:31Z,https://github.com/djouallah/onelake-iceberg/actions/runs/35515861490,8f95d7b,10,tpch,linux-6.17.0-1022-azure,4,15.6,3.12.14,pyspark_iceberg,4.1.3,ok,warm,query,12,8.6385,2,ok,
35515861490-1,2026-09-20T14:14:31Z,https://github.com/djouallah/onelake-iceberg/actions/runs/35515861490,8f95d7b,10,tpch,linux-6.17.0-1022-azure,4,15.6,3.12.14,pyspark_iceberg,4.1.3,ok,warm,query,13,9.0358,46,ok,
35515861490-1,2026-09-20T14:14:31Z,https://github.com/djouallah/onelake-iceberg/actions/runs/35515861490,8f95d7b,10,tpch,linux-6.17.0-1022-azure,4,15.6,3.12.14,pyspark_iceberg,4.1.3,ok,warm,query,14,6.3431,1,ok,
35515861490-1,2026-09-20T14:14:31Z,https://github.com/djouallah/onelake-iceberg/actions/runs/35515861490,8f95d7b,10,tpch,linux-6.17.0-1022-azure,4,15.6,3.12.14,pyspark_iceberg,4.1.3,ok,warm,query,15,12.6179,1,ok,
35515861490-1,2026-09-20T14:14:31Z,https://github.com/djouallah/onelake-iceberg/actions/runs/35515861490,8f95d7b,10,tpch,linux-6.17.0-1022-azure,4,15.6,3.12.14,pyspark_iceberg,4.1.3,ok,warm,query,16,3.3403,27840,ok,
35515861490-1,2026-09-20T14:14:31Z,https://github.com/djouallah/onelake-iceberg/actions/runs/35515861490,8f95d7b,10,tpch,linux-6.17.0-1022-azure,4,15.6,3.12.14,pyspark_iceberg,4.1.3,ok,warm,query,17,29.2485,1,ok,
35515861490-1,2026-09-20T14:14:31Z,https://github.com/djouallah/onelake-iceberg/actions/runs/35515861490,8f95d7b,10,tpch,linux-6.17.0-1022-azure,4,15.6,3.12.14,pyspark_iceberg,4.1.3,ok,warm,query,18,25.856,100,ok,
35515861490-1,2026-09-20T14:14:31Z,https://github.com/djouallah/onelake-iceberg/actions/runs/35515861490,8f95d7b,10,tpch,linux-6.17.0-1022-azure,4,15.6,3.12.14,pyspark_iceberg,4.1.3,ok,warm,query,19,7.8403,1,ok,
35515861490-1,2026-09-20T14:14:31Z,https://github.com/djouallah/onelake-iceberg/actions/runs/35515861490,8f95d7b,10,tpch,linux-6.17.0-1022-azure,4,15.6,3.12.14,pyspark_iceberg,4.1.3,ok,warm,query,20,7.7613,1804,ok,
35515861490-1,2026-09-20T14:14:31Z,https://github.com/djouallah/onelake-iceberg/actions/runs/35515861490,8f95d7b,10,tpch,linux-6.17.0-1022-azure,4,15.6,3.12.14,pyspark_iceberg,4.1.3,ok,warm,query,21,31.95,100,ok,
35515861490-1,2026-09-20T14:14:31Z,https://github.com/djouallah/onelake-iceberg/actions/runs/35515861490,8f95d7b,10,tpch,linux-6.17.0-1022-azure,4,15.6,3.12.14,pyspark_iceberg,4.1.3,ok,warm,query,22,4.1813,7,ok,
35517764345-1,2026-09-20T14:51:49Z,https://github.com/djouallah/onelake-iceberg/actions/runs/35517764345,c9e8c79,10,tpch,linux-6.17.0-1022-azure,4,15.6,3.12.14,chdb_iceberg,4.4.0,ok,cold,setup,0,2.1288,,ok,
35517764345-1,2026-09-20T14:51:49Z,https://github.com/djouallah/onelake-iceberg/actions/runs/35517764345,c9e8c79,10,tpch,linux-6.17.0-1022-azure,4,15.6,3.12.14,chdb_iceberg,4.4.0,ok,cold,query,1,8.9568,4,ok,
35517764345-1,2026-09-20T14:51:49Z,https://github.com/djouallah/onelake-iceberg/actions/runs/35517764345,c9e8c79,10,tpch,linux-6.17.0-1022-azure,4,15.6,3.12.14,chdb_iceberg,4.4.0,ok,cold,query,2,7.3632,10,ok,
35517764345-1,2026-09-20T14:51:49Z,https://github.com/djouallah/onelake-iceberg/actions/runs/35517764345,c9e8c79,10,tpch,linux-6.17.0-1022-azure,4,15.6,3.12.14,chdb_iceberg,4.4.0,ok,cold,query,3,7.1074,10,ok,
35517764345-1,2026-09-20T14:51:49Z,https://github.com/djouallah/onelake-iceberg/actions/runs/35517764345,c9e8c79,10,tpch,linux-6.17.0-1022-azure,4,15.6,3.12.14,chdb_iceberg,4.4.0,ok,cold,query,4,3.4262,5,ok,
35517764345-1,2026-09-20T14:51:49Z,https://github.com/djouallah/onelake-iceberg/actions/runs/35517764345,c9e8c79,10,tpch,linux-6.17.0-1022-azure,4,15.6,3.12.14,chdb_iceberg,4.4.0,ok,cold,query,5,5.3654,5,ok,
35517764345-1,2026-09-20T14:51:49Z,https://github.com/djouallah/onelake-iceberg/actions/runs/35517764345,c9e8c79,10,tpch,linux-6.17.0-1022-azure,4,15.6,3.12.14,chdb_iceberg,4.4.0,ok,cold,query,6,1.5309,1,ok,
35517764345-1,2026-09-20T14:51:49Z,https://github.com/djouallah/onelake-iceberg/actions/runs/35517764345,c9e8c79,10,tpch,linux-6.17.0-1022-azure,4,15.6,3.12.14,chdb_iceberg,4.4.0,ok,cold,query,7,27.1693,9,ok,
35517764345-1,2026-09-20T14:51:49Z,https://github.com/djouallah/onelake-iceberg/actions/runs/35517764345,c9e8c79,10,tpch,linux-6.17.0-1022-azure,4,15.6,3.12.14,chdb_iceberg,4.4.0,ok,cold,query,8,8.6483,2,ok,
35517764345-1,2026-09-20T14:51:49Z,https://github.com/djouallah/onelake-iceberg/actions/runs/35517764345,c9e8c79,10,tpch,linux-6.17.0-1022-azure,4,15.6,3.12.14,chdb_iceberg,4.4.0,ok,cold,query,9,6.6898,175,ok,
35517764345-1,2026-09-20T14:51:49Z,https://github.com/djouallah/onelake-iceberg/actions/runs/35517764345,c9e8c79,10,tpch,linux-6.17.0-1022-azure,4,15.6,3.12.14,chdb_iceberg,4.4.0,ok,cold,query,10,4.458,20,ok,
35517764345-1,2026-09-20T14:51:49Z,https://github.com/djouallah/onelake-iceberg/actions/runs/35517764345,c9e8c79,10,tpch,linux-6.17.0-1022-azure,4,15.6,3.12.14,chdb_iceberg,4.4.0,ok,cold,query,11,2.5215,8685,ok,
35517764345-1,2026-09-20T14:51:49Z,https://github.com/djouallah/onelake-iceberg/actions/runs/35517764345,c9e8c79,10,tpch,linux-6.17.0-1022-azure,4,15.6,3.12.14,chdb_iceberg,4.4.0,ok,cold,query,12,2.4192,2,ok,
35517764345-1,2026-09-20T14:51:49Z,https://github.com/djouallah/onelake-iceberg/actions/runs/35517764345,c9e8c79,10,tpch,linux-6.17.0-1022-azure,4,15.6,3.12.14,chdb_iceberg,4.4.0,ok,cold,query,13,3.9625,46,ok,
35517764345-1,2026-09-20T14:51:49Z,https://github.com/djouallah/onelake-iceberg/actions/runs/35517764345,c9e8c79,10,tpch,linux-6.17.0-1022-azure,4,15.6,3.12.14,chdb_iceberg,4.4.0,ok,cold,query,14,1.6927,1,ok,
35517764345-1,2026-09-20T14:51:49Z,https://github.com/djouallah/onelake-iceberg/actions/runs/35517764345,c9e8c79,10,tpch,linux-6.17.0-1022-azure,4,15.6,3.12.14,chdb_iceberg,4.4.0,ok,cold,query,15,2.3139,1,ok,
35517764345-1,2026-09-20T14:51:49Z,https://github.com/djouallah/onelake-iceberg/actions/runs/35517764345,c9e8c79,10,tpch,linux-6.17.0-1022-azure,4,15.6,3.12.14,chdb_iceberg,4.4.0,ok,cold,query,16,1.4281,27840,ok,
35517764345-1,2026-09-20T14:51:49Z,https://github.com/djouallah/onelake-iceberg/actions/runs/35517764345,c9e8c79,10,tpch,linux-6.17.0-1022-azure,4,15.6,3.12.14,chdb_iceberg,4.4.0,ok,cold,query,17,4.0784,1,ok,
35517764345-1,2026-09-20T14:51:49Z,https://github.com/djouallah/onelake-iceberg/actions/runs/35517764345,c9e8c79,10,tpch,linux-6.17.0-1022-azure,4,15.6,3.12.14,chdb_iceberg,4.4.0,ok,cold,query,18,3.2067,100,ok,
35517764345-1,2026-09-20T14:51:49Z,https://github.com/djouallah/onelake-iceberg/actions/runs/35517764345,c9e8c79,10,tpch,linux-6.17.0-1022-azure,4,15.6,3.12.14,chdb_iceberg,4.4.0,ok,cold,query,19,2.4473,1,ok,
35517764345-1,2026-09-20T14:51:49Z,https://github.com/djouallah/onelake-iceberg/actions/runs/35517764345,c9e8c79,10,tpch,linux-6.17.0-1022-azure,4,15.6,3.12.14,chdb_iceberg,4.4.0,ok,cold,query,20,2.7176,1804,ok,
35517764345-1,2026-09-20T14:51:49Z,https://github.com/djouallah/onelake-iceberg/actions/runs/35517764345,c9e8c79,10,tpch,linux-6.17.0-1022-azure,4,15.6,3.12.14,chdb_iceberg,4.4.0,ok,cold,query,21,8.8811,100,ok,
35517764345-1,2026-09-20T14:51:49Z,https://github.com/djouallah/onelake-iceberg/actions/runs/35517764345,c9e8c79,10,tpch,linux-6.17.0-1022-azure,4,15.6,3.12.14,chdb_iceberg,4.4.0,ok,cold,query,22,2.1321,7,ok,
35517764345-1,2026-09-20T14:51:49Z,https://github.com/djouallah/onelake-iceberg/actions/runs/35517764345,c9e8c79,10,tpch,linux-6.17.0-1022-azure,4,15.6,3.12.14,chdb_iceberg,4.4.0,ok,warm,query,1,3.0242,4,ok,
35517764345-1,2026-09-20T14:51:49Z,https://github.com/djouallah/onelake-iceberg/actions/runs/35517764345,c9e8c79,10,tpch,linux-6.17.0-1022-azure,4,15.6,3.12.14,chdb_iceberg,4.4.0,ok,warm,query,2,4.8844,10,ok,
35517764345-1,2026-09-20T14:51:49Z,https://github.com/djouallah/onelake-iceberg/actions/runs/35517764345,c9e8c79,10,tpch,linux-6.17.0-1022-azure,4,15.6,3.12.14,chdb_iceberg,4.4.0,ok,warm,query,3,3.8519,10,ok,
35517764345-1,2026-09-20T14:51:49Z,https://github.com/djouallah/onelake-iceberg/actions/runs/35517764345,c9e8c79,10,tpch,linux-6.17.0-1022-azure,4,15.6,3.12.14,chdb_iceberg,4.4.0,ok,warm,query,4,2.5076,5,ok,
35517764345-1,2026-09-20T14:51:49Z,https://github.com/djouallah/onelake-iceberg/actions/runs/35517764345,c9e8c79,10,tpch,linux-6.17.0-1022-azure,4,15.6,3.12.14,chdb_iceberg,4.4.0,ok,warm,query,5,5.3147,5,ok,
35517764345-1,2026-09-20T14:51:49Z,https://github.com/djouallah/onelake-iceberg/actions/runs/35517764345,c9e8c79,10,tpch,linux-6.17.0-1022-azure,4,15.6,3.12.14,chdb_iceberg,4.4.0,ok,warm,query,6,1.1852,1,ok,
35517764345-1,2026-09-20T14:51:49Z,https://github.com/djouallah/onelake-iceberg/actions/runs/35517764345,c9e8c79,10,tpch,linux-6.17.0-1022-azure,4,15.6,3.12.14,chdb_iceberg,4.4.0,ok,warm,query,7,26.7658,9,ok,
35517764345-1,2026-09-20T14:51:49Z,https://github.com/djouallah/onelake-iceberg/actions/runs/35517764345,c9e8c79,10,tpch,linux-6.17.0-1022-azure,4,15.6,3.12.14,chdb_iceberg,4.4.0,ok,warm,query,8,8.9916,2,ok,
35517764345-1,2026-09-20T14:51:49Z,https://github.com/djouallah/onelake-iceberg/actions/runs/35517764345,c9e8c79,10,tpch,linux-6.17.0-1022-azure,4,15.6,3.12.14,chdb_iceberg,4.4.0,ok,warm,query,9,6.9056,175,ok,
35517764345-1,2026-09-20T14:51:49Z,https://github.com/djouallah/onelake-iceberg/actions/runs/35517764345,c9e8c79,10,tpch,linux-6.17.0-1022-azure,4,15.6,3.12.14,chdb_iceberg,4.4.0,ok,warm,query,10,4.0335,20,ok,
35517764345-1,2026-09-20T14:51:49Z,https://github.com/djouallah/onelake-iceberg/actions/runs/35517764345,c9e8c79,10,tpch,linux-6.17.0-1022-azure,4,15.6,3.12.14,chdb_iceberg,4.4.0,ok,warm,query,11,2.2405,8685,ok,
35517764345-1,2026-09-20T14:51:49Z,https://github.com/djouallah/onelake-iceberg/actions/runs/35517764345,c9e8c79,10,tpch,linux-6.17.0-1022-azure,4,15.6,3.12.14,chdb_iceberg,4.4.0,ok,warm,query,12,2.4939,2,ok,
35517764345-1,2026-09-20T14:51:49Z,https://github.com/djouallah/onelake-iceberg/actions/runs/35517764345,c9e8c79,10,tpch,linux-6.17.0-1022-azure,4,15.6,3.12.14,chdb_iceberg,4.4.0,ok,warm,query,13,3.7277,46,ok,
35517764345-1,2026-09-20T14:51:49Z,https://github.com/djouallah/onelake-iceberg/actions/runs/35517764345,c9e8c79,10,tpch,linux-6.17.0-1022-azure,4,15.6,3.12.14,chdb_iceberg,4.4.0,ok,warm,query,14,1.6969,1,ok,
35517764345-1,2026-09-20T14:51:49Z,https://github.com/djouallah/onelake-iceberg/actions/runs/35517764345,c9e8c79,10,tpch,linux-6.17.0-1022-azure,4,15.6,3.12.14,chdb_iceberg,4.4.0,ok,warm,query,15,2.3812,1,ok,
35517764345-1,2026-09-20T14:51:49Z,https://github.com/djouallah/onelake-iceberg/actions/runs/35517764345,c9e8c79,10,tpch,linux-6.17.0-1022-azure,4,15.6,3.12.14,chdb_iceberg,4.4.0,ok,warm,query,16,1.4255,27840,ok,
35517764345-1,2026-09-20T14:51:49Z,https://github.com/djouallah/onelake-iceberg/actions/runs/35517764345,c9e8c79,10,tpch,linux-6.17.0-1022-azure,4,15.6,3.12.14,chdb_iceberg,4.4.0,ok,warm,query,17,4.1768,1,ok,
35517764345-1,2026-09-20T14:51:49Z,https://github.com/djouallah/onelake-iceberg/actions/runs/35517764345,c9e8c79,10,tpch,linux-6.17.0-1022-azure,4,15.6,3.12.14,chdb_iceberg,4.4.0,ok,warm,query,18,3.1309,100,ok,
35517764345-1,2026-09-20T14:51:49Z,https://github.com/djouallah/onelake-iceberg/actions/runs/35517764345,c9e8c79,10,tpch,linux-6.17.0-1022-azure,4,15.6,3.12.14,chdb_iceberg,4.4.0,ok,warm,query,19,2.3861,1,ok,
35517764345-1,2026-09-20T14:51:49Z,https://github.com/djouallah/onelake-iceberg/actions/runs/35517764345,c9e8c79,10,tpch,linux-6.17.0-1022-azure,4,15.6,3.12.14,chdb_iceberg,4.4.0,ok,warm,query,20,2.6543,1804,ok,
35517764345-1,2026-09-20T14:51:49Z,https://github.com/djouallah/onelake-iceberg/actions/runs/35517764345,c9e8c79,10,tpch,linux-6.17.0-1022-azure,4,15.6,3.12.14,chdb_iceberg,4.4.0,ok,warm,query,21,9.0264,100,ok,
35517764345-1,2026-09-20T14:51:49Z,https://github.com/djouallah/onelake-iceberg/actions/runs/35517764345,c9e8c79,10,tpch,linux-6.17.0-1022-azure,4,15.6,3.12.14,chdb_iceberg,4.4.0,ok,warm,query,22,2.1756,7,ok,
35517764345-1,2026-09-20T14:51:49Z,https://github.com/djouallah/onelake-iceberg/actions/runs/35517764345,c9e8c79,10,tpch,linux-6.17.0-1022-azure,4,15.6,3.12.14,duckdb_iceberg,2.0.0.dev2609121639,ok,cold,setup,0,7.7491,,ok,
35517764345-1,2026-09-20T14:51:49Z,https://github.com/djouallah/onelake-iceberg/actions/runs/35517764345,c9e8c79,10,tpch,linux-6.17.0-1022-azure,4,15.6,3.12.14,duckdb_iceberg,2.0.0.dev2609121639,ok,cold,query,1,6.8438,4,ok,
35517764345-1,2026-09-20T14:51:49Z,https://github.com/djouallah/onelake-iceberg/actions/runs/35517764345,c9e8c79,10,tpch,linux-6.17.0-1022-azure,4,15.6,3.12.14,duckdb_iceberg,2.0.0.dev2609121639,ok,cold,query,2,2.9863,10,ok,
35517764345-1,2026-09-20T14:51:49Z,https://github.com/djouallah/onelake-iceberg/actions/runs/35517764345,c9e8c79,10,tpch,linux-6.17.0-1022-azure,4,15.6,3.12.14,duckdb_iceberg,2.0.0.dev2609121639,ok,cold,query,3,3.5803,10,ok,
35517764345-1,2026-09-20T14:51:49Z,https://github.com/djouallah/onelake-iceberg/actions/runs/35517764345,c9e8c79,10,tpch,linux-6.17.0-1022-azure,4,15.6,3.12.14,duckdb_iceberg,2.0.0.dev2609121639,ok,cold,query,4,1.4226,5,ok,
35517764345-1,2026-09-20T14:51:49Z,https://github.com/djouallah/onelake-iceberg/actions/runs/35517764345,c9e8c79,10,tpch,linux-6.17.0-1022-azure,4,15.6,3.12.14,duckdb_iceberg,2.0.0.dev2609121639,ok,cold,query,5,1.8351,5,ok,
35517764345-1,2026-09-20T14:51:49Z,https://github.com/djouallah/onelake-iceberg/actions/runs/35517764345,c9e8c79,10,tpch,linux-6.17.0-1022-azure,4,15.6,3.12.14,duckdb_iceberg,2.0.0.dev2609121639,ok,cold,query,6,0.3472,1,ok,
35517764345-1,2026-09-20T14:51:49Z,https://github.com/djouallah/onelake-iceberg/actions/runs/35517764345,c9e8c79,10,tpch,linux-6.17.0-1022-azure,4,15.6,3.12.14,duckdb_iceberg,2.0.0.dev2609121639,ok,cold,query,7,0.6666,9,ok,
35517764345-1,2026-09-20T14:51:49Z,https://github.com/djouallah/onelake-iceberg/actions/runs/35517764345,c9e8c79,10,tpch,linux-6.17.0-1022-azure,4,15.6,3.12.14,duckdb_iceberg,2.0.0.dev2609121639,ok,cold,query,8,1.0982,2,ok,
35517764345-1,2026-09-20T14:51:49Z,https://github.com/djouallah/onelake-iceberg/actions/runs/35517764345,c9e8c79,10,tpch,linux-6.17.0-1022-azure,4,15.6,3.12.14,duckdb_iceberg,2.0.0.dev2609121639,ok,cold,query,9,1.5773,175,ok,
35517764345-1,2026-09-20T14:51:49Z,https://github.com/djouallah/onelake-iceberg/actions/runs/35517764345,c9e8c79,10,tpch,linux-6.17.0-1022-azure,4,15.6,3.12.14,duckdb_iceberg,2.0.0.dev2609121639,ok,cold,query,10,1.1214,20,ok,
35517764345-1,2026-09-20T14:51:49Z,https://github.com/djouallah/onelake-iceberg/actions/runs/35517764345,c9e8c79,10,tpch,linux-6.17.0-1022-azure,4,15.6,3.12.14,duckdb_iceberg,2.0.0.dev2609121639,ok,cold,query,11,0.1102,8685,ok,
35517764345-1,2026-09-20T14:51:49Z,https://github.com/djouallah/onelake-iceberg/actions/runs/35517764345,c9e8c79,10,tpch,linux-6.17.0-1022-azure,4,15.6,3.12.14,duckdb_iceberg,2.0.0.dev2609121639,ok,cold,query,12,0.5594,2,ok,
35517764345-1,2026-09-20T14:51:49Z,https://github.com/djouallah/onelake-iceberg/actions/runs/35517764345,c9e8c79,10,tpch,linux-6.17.0-1022-azure,4,15.6,3.12.14,duckdb_iceberg,2.0.0.dev2609121639,ok,cold,query,13,1.4312,46,ok,
35517764345-1,2026-09-20T14:51:49Z,https://github.com/djouallah/onelake-iceberg/actions/runs/35517764345,c9e8c79,10,tpch,linux-6.17.0-1022-azure,4,15.6,3.12.14,duckdb_iceberg,2.0.0.dev2609121639,ok,cold,query,14,0.5706,1,ok,
35517764345-1,2026-09-20T14:51:49Z,https://github.com/djouallah/onelake-iceberg/actions/runs/35517764345,c9e8c79,10,tpch,linux-6.17.0-1022-azure,4,15.6,3.12.14,duckdb_iceberg,2.0.0.dev2609121639,ok,cold,query,15,0.4094,1,ok,
35517764345-1,2026-09-20T14:51:49Z,https://github.com/djouallah/onelake-iceberg/actions/runs/35517764345,c9e8c79,10,tpch,linux-6.17.0-1022-azure,4,15.6,3.12.14,duckdb_iceberg,2.0.0.dev2609121639,ok,cold,query,16,0.178,27840,ok,
35517764345-1,2026-09-20T14:51:49Z,https://github.com/djouallah/onelake-iceberg/actions/runs/35517764345,c9e8c79,10,tpch,linux-6.17.0-1022-azure,4,15.6,3.12.14,duckdb_iceberg,2.0.0.dev2609121639,ok,cold,query,17,1.6459,1,ok,
35517764345-1,2026-09-20T14:51:49Z,https://github.com/djouallah/onelake-iceberg/actions/runs/35517764345,c9e8c79,10,tpch,linux-6.17.0-1022-azure,4,15.6,3.12.14,duckdb_iceberg,2.0.0.dev2609121639,ok,cold,query,18,1.0443,100,ok,
35517764345-1,2026-09-20T14:51:49Z,https://github.com/djouallah/onelake-iceberg/actions/runs/35517764345,c9e8c79,10,tpch,linux-6.17.0-1022-azure,4,15.6,3.12.14,duckdb_iceberg,2.0.0.dev2609121639,ok,cold,query,19,0.589,1,ok,
35517764345-1,2026-09-20T14:51:49Z,https://github.com/djouallah/onelake-iceberg/actions/runs/35517764345,c9e8c79,10,tpch,linux-6.17.0-1022-azure,4,15.6,3.12.14,duckdb_iceberg,2.0.0.dev2609121639,ok,cold,query,20,0.7279,1804,ok,
35517764345-1,2026-09-20T14:51:49Z,https://github.com/djouallah/onelake-iceberg/actions/runs/35517764345,c9e8c79,10,tpch,linux-6.17.0-1022-azure,4,15.6,3.12.14,duckdb_iceberg,2.0.0.dev2609121639,ok,cold,query,21,2.682,100,ok,
35517764345-1,2026-09-20T14:51:49Z,https://github.com/djouallah/onelake-iceberg/actions/runs/35517764345,c9e8c79,10,tpch,linux-6.17.0-1022-azure,4,15.6,3.12.14,duckdb_iceberg,2.0.0.dev2609121639,ok,cold,query,22,0.3882,7,ok,
35517764345-1,2026-09-20T14:51:49Z,https://github.com/djouallah/onelake-iceberg/actions/runs/35517764345,c9e8c79,10,tpch,linux-6.17.0-1022-azure,4,15.6,3.12.14,duckdb_iceberg,2.0.0.dev2609121639,ok,warm,query,1,0.9748,4,ok,
35517764345-1,2026-09-20T14:51:49Z,https://github.com/djouallah/onelake-iceberg/actions/runs/35517764345,c9e8c79,10,tpch,linux-6.17.0-1022-azure,4,15.6,3.12.14,duckdb_iceberg,2.0.0.dev2609121639,ok,warm,query,2,0.227,10,ok,
35517764345-1,2026-09-20T14:51:49Z,https://github.com/djouallah/onelake-iceberg/actions/runs/35517764345,c9e8c79,10,tpch,linux-6.17.0-1022-azure,4,15.6,3.12.14,duckdb_iceberg,2.0.0.dev2609121639,ok,warm,query,3,0.6181,10,ok,
35517764345-1,2026-09-20T14:51:49Z,https://github.com/djouallah/onelake-iceberg/actions/runs/35517764345,c9e8c79,10,tpch,linux-6.17.0-1022-azure,4,15.6,3.12.14,duckdb_iceberg,2.0.0.dev2609121639,ok,warm,query,4,0.3136,5,ok,
35517764345-1,2026-09-20T14:51:49Z,https://github.com/djouallah/onelake-iceberg/actions/runs/35517764345,c9e8c79,10,tpch,linux-6.17.0-1022-azure,4,15.6,3.12.14,duckdb_iceberg,2.0.0.dev2609121639,ok,warm,query,5,0.7434,5,ok,
35517764345-1,2026-09-20T14:51:49Z,https://github.com/djouallah/onelake-iceberg/actions/runs/35517764345,c9e8c79,10,tpch,linux-6.17.0-1022-azure,4,15.6,3.12.14,duckdb_iceberg,2.0.0.dev2609121639,ok,warm,query,6,0.3343,1,ok,
35517764345-1,2026-09-20T14:51:49Z,https://github.com/djouallah/onelake-iceberg/actions/runs/35517764345,c9e8c79,10,tpch,linux-6.17.0-1022-azure,4,15.6,3.12.14,duckdb_iceberg,2.0.0.dev2609121639,ok,warm,query,7,0.6607,9,ok,
35517764345-1,2026-09-20T14:51:49Z,https://github.com/djouallah/onelake-iceberg/actions/runs/35517764345,c9e8c79,10,tpch,linux-6.17.0-1022-azure,4,15.6,3.12.14,duckdb_iceberg,2.0.0.dev2609121639,ok,warm,query,8,0.7866,2,ok,
35517764345-1,2026-09-20T14:51:49Z,https://github.com/djouallah/onelake-iceberg/actions/runs/35517764345,c9e8c79,10,tpch,linux-6.17.0-1022-azure,4,15.6,3.12.14,duckdb_iceberg,2.0.0.dev2609121639,ok,warm,query,9,1.5665,175,ok,
35517764345-1,2026-09-20T14:51:49Z,https://github.com/djouallah/onelake-iceberg/actions/runs/35517764345,c9e8c79,10,tpch,linux-6.17.0-1022-azure,4,15.6,3.12.14,duckdb_iceberg,2.0.0.dev2609121639,ok,warm,query,10,0.9279,20,ok,
35517764345-1,2026-09-20T14:51:49Z,https://github.com/djouallah/onelake-iceberg/actions/runs/35517764345,c9e8c79,10,tpch,linux-6.17.0-1022-azure,4,15.6,3.12.14,duckdb_iceberg,2.0.0.dev2609121639,ok,warm,query,11,0.1073,8685,ok,
35517764345-1,2026-09-20T14:51:49Z,https://github.com/djouallah/onelake-iceberg/actions/runs/35517764345,c9e8c79,10,tpch,linux-6.17.0-1022-azure,4,15.6,3.12.14,duckdb_iceberg,2.0.0.dev2609121639,ok,warm,query,12,0.3794,2,ok,
35517764345-1,2026-09-20T14:51:49Z,https://github.com/djouallah/onelake-iceberg/actions/runs/35517764345,c9e8c79,10,tpch,linux-6.17.0-1022-azure,4,15.6,3.12.14,duckdb_iceberg,2.0.0.dev2609121639,ok,warm,query,13,1.1603,46,ok,
35517764345-1,2026-09-20T14:51:49Z,https://github.com/djouallah/onelake-iceberg/actions/runs/35517764345,c9e8c79,10,tpch,linux-6.17.0-1022-azure,4,15.6,3.12.14,duckdb_iceberg,2.0.0.dev2609121639,ok,warm,query,14,0.5933,1,ok,
35517764345-1,2026-09-20T14:51:49Z,https://github.com/djouallah/onelake-iceberg/actions/runs/35517764345,c9e8c79,10,tpch,linux-6.17.0-1022-azure,4,15.6,3.12.14,duckdb_iceberg,2.0.0.dev2609121639,ok,warm,query,15,0.4194,1,ok,
35517764345-1,2026-09-20T14:51:49Z,https://github.com/djouallah/onelake-iceberg/actions/runs/35517764345,c9e8c79,10,tpch,linux-6.17.0-1022-azure,4,15.6,3.12.14,duckdb_iceberg,2.0.0.dev2609121639,ok,warm,query,16,0.1705,27840,ok,
35517764345-1,2026-09-20T14:51:49Z,https://github.com/djouallah/onelake-iceberg/actions/runs/35517764345,c9e8c79,10,tpch,linux-6.17.0-1022-azure,4,15.6,3.12.14,duckdb_iceberg,2.0.0.dev2609121639,ok,warm,query,17,1.6914,1,ok,
35517764345-1,2026-09-20T14:51:49Z,https://github.com/djouallah/onelake-iceberg/actions/runs/35517764345,c9e8c79,10,tpch,linux-6.17.0-1022-azure,4,15.6,3.12.14,duckdb_iceberg,2.0.0.dev2609121639,ok,warm,query,18,0.7522,100,ok,
35517764345-1,2026-09-20T14:51:49Z,https://github.com/djouallah/onelake-iceberg/actions/runs/35517764345,c9e8c79,10,tpch,linux-6.17.0-1022-azure,4,15.6,3.12.14,duckdb_iceberg,2.0.0.dev2609121639,ok,warm,query,19,0.5992,1,ok,
35517764345-1,2026-09-20T14:51:49Z,https://github.com/djouallah/onelake-iceberg/actions/runs/35517764345,c9e8c79,10,tpch,linux-6.17.0-1022-azure,4,15.6,3.12.14,duckdb_iceberg,2.0.0.dev2609121639,ok,warm,query,20,0.7272,1804,ok,
35517764345-1,2026-09-20T14:51:49Z,https://github.com/djouallah/onelake-iceberg/actions/runs/35517764345,c9e8c79,10,tpch,linux-6.17.0-1022-azure,4,15.6,3.12.14,duckdb_iceberg,2.0.0.dev2609121639,ok,warm,query,21,2.6784,100,ok,
35517764345-1,2026-09-20T14:51:49Z,https://github.com/djouallah/onelake-iceberg/actions/runs/35517764345,c9e8c79,10,tpch,linux-6.17.0-1022-azure,4,15.6,3.12.14,duckdb_iceberg,2.0.0.dev2609121639,ok,warm,query,22,0.4015,7,ok,
35517764345-1,2026-09-20T14:51:49Z,https://github.com/djouallah/onelake-iceberg/actions/runs/35517764345,c9e8c79,10,tpch,linux-6.17.0-1022-azure,4,15.6,3.12.14,lakesail_iceberg,0.7.1,ok,cold,setup,0,1.9388,,ok,
35517764345-1,2026-09-20T14:51:49Z,https://github.com/djouallah/onelake-iceberg/actions/runs/35517764345,c9e8c79,10,tpch,linux-6.17.0-1022-azure,4,15.6,3.12.14,lakesail_iceberg,0.7.1,ok,cold,query,1,6.2335,4,ok,
35517764345-1,2026-09-20T14:51:49Z,https://github.com/djouallah/onelake-iceberg/actions/runs/35517764345,c9e8c79,10,tpch,linux-6.17.0-1022-azure,4,15.6,3.12.14,lakesail_iceberg,0.7.1,ok,cold,query,2,4.6595,10,ok,
35517764345-1,2026-09-20T14:51:49Z,https://github.com/djouallah/onelake-iceberg/actions/runs/35517764345,c9e8c79,10,tpch,linux-6.17.0-1022-azure,4,15.6,3.12.14,lakesail_iceberg,0.7.1,ok,cold,query,3,5.3756,10,ok,
35517764345-1,2026-09-20T14:51:49Z,https://github.com/djouallah/onelake-iceberg/actions/runs/35517764345,c9e8c79,10,tpch,linux-6.17.0-1022-azure,4,15.6,3.12.14,lakesail_iceberg,0.7.1,ok,cold,query,4,3.0775,5,ok,
35517764345-1,2026-09-20T14:51:49Z,https://github.com/djouallah/onelake-iceberg/actions/runs/35517764345,c9e8c79,10,tpch,linux-6.17.0-1022-azure,4,15.6,3.12.14,lakesail_iceberg,0.7.1,ok,cold,query,5,6.1853,5,ok,
35517764345-1,2026-09-20T14:51:49Z,https://github.com/djouallah/onelake-iceberg/actions/runs/35517764345,c9e8c79,10,tpch,linux-6.17.0-1022-azure,4,15.6,3.12.14,lakesail_iceberg,0.7.1,ok,cold,query,6,3.6374,1,ok,
35517764345-1,2026-09-20T14:51:49Z,https://github.com/djouallah/onelake-iceberg/actions/runs/35517764345,c9e8c79,10,tpch,linux-6.17.0-1022-azure,4,15.6,3.12.14,lakesail_iceberg,0.7.1,ok,cold,query,7,6.3411,9,ok,
35517764345-1,2026-09-20T14:51:49Z,https://github.com/djouallah/onelake-iceberg/actions/runs/35517764345,c9e8c79,10,tpch,linux-6.17.0-1022-azure,4,15.6,3.12.14,lakesail_iceberg,0.7.1,ok,cold,query,8,8.1457,2,ok,
35517764345-1,2026-09-20T14:51:49Z,https://github.com/djouallah/onelake-iceberg/actions/runs/35517764345,c9e8c79,10,tpch,linux-6.17.0-1022-azure,4,15.6,3.12.14,lakesail_iceberg,0.7.1,ok,cold,query,9,8.7226,175,ok,
35517764345-1,2026-09-20T14:51:49Z,https://github.com/djouallah/onelake-iceberg/actions/runs/35517764345,c9e8c79,10,tpch,linux-6.17.0-1022-azure,4,15.6,3.12.14,lakesail_iceberg,0.7.1,ok,cold,query,10,5.8919,20,ok,
35517764345-1,2026-09-20T14:51:49Z,https://github.com/djouallah/onelake-iceberg/actions/runs/35517764345,c9e8c79,10,tpch,linux-6.17.0-1022-azure,4,15.6,3.12.14,lakesail_iceberg,0.7.1,ok,cold,query,11,2.7852,8685,ok,
35517764345-1,2026-09-20T14:51:49Z,https://github.com/djouallah/onelake-iceberg/actions/runs/35517764345,c9e8c79,10,tpch,linux-6.17.0-1022-azure,4,15.6,3.12.14,lakesail_iceberg,0.7.1,ok,cold,query,12,3.8863,2,ok,
35517764345-1,2026-09-20T14:51:49Z,https://github.com/djouallah/onelake-iceberg/actions/runs/35517764345,c9e8c79,10,tpch,linux-6.17.0-1022-azure,4,15.6,3.12.14,lakesail_iceberg,0.7.1,ok,cold,query,13,2.8373,46,ok,
35517764345-1,2026-09-20T14:51:49Z,https://github.com/djouallah/onelake-iceberg/actions/runs/35517764345,c9e8c79,10,tpch,linux-6.17.0-1022-azure,4,15.6,3.12.14,lakesail_iceberg,0.7.1,ok,cold,query,14,4.0376,1,ok,
35517764345-1,2026-09-20T14:51:49Z,https://github.com/djouallah/onelake-iceberg/actions/runs/35517764345,c9e8c79,10,tpch,linux-6.17.0-1022-azure,4,15.6,3.12.14,lakesail_iceberg,0.7.1,ok,cold,query,15,7.1292,1,ok,
35517764345-1,2026-09-20T14:51:49Z,https://github.com/djouallah/onelake-iceberg/actions/runs/35517764345,c9e8c79,10,tpch,linux-6.17.0-1022-azure,4,15.6,3.12.14,lakesail_iceberg,0.7.1,ok,cold,query,16,1.9867,27840,ok,
35517764345-1,2026-09-20T14:51:49Z,https://github.com/djouallah/onelake-iceberg/actions/runs/35517764345,c9e8c79,10,tpch,linux-6.17.0-1022-azure,4,15.6,3.12.14,lakesail_iceberg,0.7.1,ok,cold,query,17,11.348,1,ok,
35517764345-1,2026-09-20T14:51:49Z,https://github.com/djouallah/onelake-iceberg/actions/runs/35517764345,c9e8c79,10,tpch,linux-6.17.0-1022-azure,4,15.6,3.12.14,lakesail_iceberg,0.7.1,ok,cold,query,18,9.7757,100,ok,
35517764345-1,2026-09-20T14:51:49Z,https://github.com/djouallah/onelake-iceberg/actions/runs/35517764345,c9e8c79,10,tpch,linux-6.17.0-1022-azure,4,15.6,3.12.14,lakesail_iceberg,0.7.1,ok,cold,query,19,5.0643,1,ok,
35517764345-1,2026-09-20T14:51:49Z,https://github.com/djouallah/onelake-iceberg/actions/runs/35517764345,c9e8c79,10,tpch,linux-6.17.0-1022-azure,4,15.6,3.12.14,lakesail_iceberg,0.7.1,ok,cold,query,20,5.401,1804,ok,
35517764345-1,2026-09-20T14:51:49Z,https://github.com/djouallah/onelake-iceberg/actions/runs/35517764345,c9e8c79,10,tpch,linux-6.17.0-1022-azure,4,15.6,3.12.14,lakesail_iceberg,0.7.1,ok,cold,query,21,10.633,100,ok,
35517764345-1,2026-09-20T14:51:49Z,https://github.com/djouallah/onelake-iceberg/actions/runs/35517764345,c9e8c79,10,tpch,linux-6.17.0-1022-azure,4,15.6,3.12.14,lakesail_iceberg,0.7.1,ok,cold,query,22,2.234,7,ok,
35517764345-1,2026-09-20T14:51:49Z,https://github.com/djouallah/onelake-iceberg/actions/runs/35517764345,c9e8c79,10,tpch,linux-6.17.0-1022-azure,4,15.6,3.12.14,lakesail_iceberg,0.7.1,ok,warm,query,1,5.5191,4,ok,
35517764345-1,2026-09-20T14:51:49Z,https://github.com/djouallah/onelake-iceberg/actions/runs/35517764345,c9e8c79,10,tpch,linux-6.17.0-1022-azure,4,15.6,3.12.14,lakesail_iceberg,0.7.1,ok,warm,query,2,4.0954,10,ok,
35517764345-1,2026-09-20T14:51:49Z,https://github.com/djouallah/onelake-iceberg/actions/runs/35517764345,c9e8c79,10,tpch,linux-6.17.0-1022-azure,4,15.6,3.12.14,lakesail_iceberg,0.7.1,ok,warm,query,3,5.2121,10,ok,
35517764345-1,2026-09-20T14:51:49Z,https://github.com/djouallah/onelake-iceberg/actions/runs/35517764345,c9e8c79,10,tpch,linux-6.17.0-1022-azure,4,15.6,3.12.14,lakesail_iceberg,0.7.1,ok,warm,query,4,2.9046,5,ok,
35517764345-1,2026-09-20T14:51:49Z,https://github.com/djouallah/onelake-iceberg/actions/runs/35517764345,c9e8c79,10,tpch,linux-6.17.0-1022-azure,4,15.6,3.12.14,lakesail_iceberg,0.7.1,ok,warm,query,5,6.5068,5,ok,
35517764345-1,2026-09-20T14:51:49Z,https://github.com/djouallah/onelake-iceberg/actions/runs/35517764345,c9e8c79,10,tpch,linux-6.17.0-1022-azure,4,15.6,3.12.14,lakesail_iceberg,0.7.1,ok,warm,query,6,3.3904,1,ok,
35517764345-1,2026-09-20T14:51:49Z,https://github.com/djouallah/onelake-iceberg/actions/runs/35517764345,c9e8c79,10,tpch,linux-6.17.0-1022-azure,4,15.6,3.12.14,lakesail_iceberg,0.7.1,ok,warm,query,7,6.5543,9,ok,
35517764345-1,2026-09-20T14:51:49Z,https://github.com/djouallah/onelake-iceberg/actions/runs/35517764345,c9e8c79,10,tpch,linux-6.17.0-1022-azure,4,15.6,3.12.14,lakesail_iceberg,0.7.1,ok,warm,query,8,7.7811,2,ok,
35517764345-1,2026-09-20T14:51:49Z,https://github.com/djouallah/onelake-iceberg/actions/runs/35517764345,c9e8c79,10,tpch,linux-6.17.0-1022-azure,4,15.6,3.12.14,lakesail_iceberg,0.7.1,ok,warm,query,9,8.2771,175,ok,
35517764345-1,2026-09-20T14:51:49Z,https://github.com/djouallah/onelake-iceberg/actions/runs/35517764345,c9e8c79,10,tpch,linux-6.17.0-1022-azure,4,15.6,3.12.14,lakesail_iceberg,0.7.1,ok,warm,query,10,5.6742,20,ok,
35517764345-1,2026-09-20T14:51:49Z,https://github.com/djouallah/onelake-iceberg/actions/runs/35517764345,c9e8c79,10,tpch,linux-6.17.0-1022-azure,4,15.6,3.12.14,lakesail_iceberg,0.7.1,ok,warm,query,11,2.8217,8685,ok,
35517764345-1,2026-09-20T14:51:49Z,https://github.com/djouallah/onelake-iceberg/actions/runs/35517764345,c9e8c79,10,tpch,linux-6.17.0-1022-azure,4,15.6,3.12.14,lakesail_iceberg,0.7.1,ok,warm,query,12,3.9083,2,ok,
35517764345-1,2026-09-20T14:51:49Z,https://github.com/djouallah/onelake-iceberg/actions/runs/35517764345,c9e8c79,10,tpch,linux-6.17.0-1022-azure,4,15.6,3.12.14,lakesail_iceberg,0.7.1,ok,warm,query,13,2.977,46,ok,
35517764345-1,2026-09-20T14:51:49Z,https://github.com/djouallah/onelake-iceberg/actions/runs/35517764345,c9e8c79,10,tpch,linux-6.17.0-1022-azure,4,15.6,3.12.14,lakesail_iceberg,0.7.1,ok,warm,query,14,3.9101,1,ok,
35517764345-1,2026-09-20T14:51:49Z,https://github.com/djouallah/onelake-iceberg/actions/runs/35517764345,c9e8c79,10,tpch,linux-6.17.0-1022-azure,4,15.6,3.12.14,lakesail_iceberg,0.7.1,ok,warm,query,15,6.7945,1,ok,
35517764345-1,2026-09-20T14:51:49Z,https://github.com/djouallah/onelake-iceberg/actions/runs/35517764345,c9e8c79,10,tpch,linux-6.17.0-1022-azure,4,15.6,3.12.14,lakesail_iceberg,0.7.1,ok,warm,query,16,1.9816,27840,ok,
35517764345-1,2026-09-20T14:51:49Z,https://github.com/djouallah/onelake-iceberg/actions/runs/35517764345,c9e8c79,10,tpch,linux-6.17.0-1022-azure,4,15.6,3.12.14,lakesail_iceberg,0.7.1,ok,warm,query,17,30.7881,1,ok,
35517764345-1,2026-09-20T14:51:49Z,https://github.com/djouallah/onelake-iceberg/actions/runs/35517764345,c9e8c79,10,tpch,linux-6.17.0-1022-azure,4,15.6,3.12.14,lakesail_iceberg,0.7.1,ok,warm,query,18,9.131,100,ok,
35517764345-1,2026-09-20T14:51:49Z,https://github.com/djouallah/onelake-iceberg/actions/runs/35517764345,c9e8c79,10,tpch,linux-6.17.0-1022-azure,4,15.6,3.12.14,lakesail_iceberg,0.7.1,ok,warm,query,19,4.789,1,ok,
35517764345-1,2026-09-20T14:51:49Z,https://github.com/djouallah/onelake-iceberg/actions/runs/35517764345,c9e8c79,10,tpch,linux-6.17.0-1022-azure,4,15.6,3.12.14,lakesail_iceberg,0.7.1,ok,warm,query,20,5.7761,1804,ok,
35517764345-1,2026-09-20T14:51:49Z,https://github.com/djouallah/onelake-iceberg/actions/runs/35517764345,c9e8c79,10,tpch,linux-6.17.0-1022-azure,4,15.6,3.12.14,lakesail_iceberg,0.7.1,ok,warm,query,21,10.6435,100,ok,
35517764345-1,2026-09-20T14:51:49Z,https://github.com/djouallah/onelake-iceberg/actions/runs/35517764345,c9e8c79,10,tpch,linux-6.17.0-1022-azure,4,15.6,3.12.14,lakesail_iceberg,0.7.1,ok,warm,query,22,2.4534,7,ok,
35517764345-1,2026-09-20T14:51:49Z,https://github.com/djouallah/onelake-iceberg/actions/runs/35517764345,c9e8c79,10,tpch,linux-6.17.0-1022-azure,4,15.6,3.12.14,polars_iceberg,2.0.0-rc.2,ok,cold,setup,0,8.9145,,ok,
35517764345-1,2026-09-20T14:51:49Z,https://github.com/djouallah/onelake-iceberg/actions/runs/35517764345,c9e8c79,10,tpch,linux-6.17.0-1022-azure,4,15.6,3.12.14,polars_iceberg,2.0.0-rc.2,ok,cold,query,1,11.1939,4,ok,
35517764345-1,2026-09-20T14:51:49Z,https://github.com/djouallah/onelake-iceberg/actions/runs/35517764345,c9e8c79,10,tpch,linux-6.17.0-1022-azure,4,15.6,3.12.14,polars_iceberg,2.0.0-rc.2,ok,cold,query,2,6.3481,10,ok,
35517764345-1,2026-09-20T14:51:49Z,https://github.com/djouallah/onelake-iceberg/actions/runs/35517764345,c9e8c79,10,tpch,linux-6.17.0-1022-azure,4,15.6,3.12.14,polars_iceberg,2.0.0-rc.2,ok,cold,query,3,3.64,10,ok,
35517764345-1,2026-09-20T14:51:49Z,https://github.com/djouallah/onelake-iceberg/actions/runs/35517764345,c9e8c79,10,tpch,linux-6.17.0-1022-azure,4,15.6,3.12.14,polars_iceberg,2.0.0-rc.2,ok,cold,query,4,2.7181,5,ok,
35517764345-1,2026-09-20T14:51:49Z,https://github.com/djouallah/onelake-iceberg/actions/runs/35517764345,c9e8c79,10,tpch,linux-6.17.0-1022-azure,4,15.6,3.12.14,polars_iceberg,2.0.0-rc.2,ok,cold,query,5,3.4665,5,ok,
35517764345-1,2026-09-20T14:51:49Z,https://github.com/djouallah/onelake-iceberg/actions/runs/35517764345,c9e8c79,10,tpch,linux-6.17.0-1022-azure,4,15.6,3.12.14,polars_iceberg,2.0.0-rc.2,ok,cold,query,6,1.8897,1,ok,
35517764345-1,2026-09-20T14:51:49Z,https://github.com/djouallah/onelake-iceberg/actions/runs/35517764345,c9e8c79,10,tpch,linux-6.17.0-1022-azure,4,15.6,3.12.14,polars_iceberg,2.0.0-rc.2,ok,cold,query,7,8.5151,9,ok,
35517764345-1,2026-09-20T14:51:49Z,https://github.com/djouallah/onelake-iceberg/actions/runs/35517764345,c9e8c79,10,tpch,linux-6.17.0-1022-azure,4,15.6,3.12.14,polars_iceberg,2.0.0-rc.2,ok,cold,query,8,3.9243,2,ok,
35517764345-1,2026-09-20T14:51:49Z,https://github.com/djouallah/onelake-iceberg/actions/runs/35517764345,c9e8c79,10,tpch,linux-6.17.0-1022-azure,4,15.6,3.12.14,polars_iceberg,2.0.0-rc.2,ok,cold,query,9,4.5663,175,ok,
35517764345-1,2026-09-20T14:51:49Z,https://github.com/djouallah/onelake-iceberg/actions/runs/35517764345,c9e8c79,10,tpch,linux-6.17.0-1022-azure,4,15.6,3.12.14,polars_iceberg,2.0.0-rc.2,ok,cold,query,10,2.2781,20,ok,
35517764345-1,2026-09-20T14:51:49Z,https://github.com/djouallah/onelake-iceberg/actions/runs/35517764345,c9e8c79,10,tpch,linux-6.17.0-1022-azure,4,15.6,3.12.14,polars_iceberg,2.0.0-rc.2,ok,cold,query,11,0.8811,8685,ok,
35517764345-1,2026-09-20T14:51:49Z,https://github.com/djouallah/onelake-iceberg/actions/runs/35517764345,c9e8c79,10,tpch,linux-6.17.0-1022-azure,4,15.6,3.12.14,polars_iceberg,2.0.0-rc.2,ok,cold,query,12,1.6005,2,ok,
35517764345-1,2026-09-20T14:51:49Z,https://github.com/djouallah/onelake-iceberg/actions/runs/35517764345,c9e8c79,10,tpch,linux-6.17.0-1022-azure,4,15.6,3.12.14,polars_iceberg,2.0.0-rc.2,ok,cold,query,13,2.828,46,ok,
35517764345-1,2026-09-20T14:51:49Z,https://github.com/djouallah/onelake-iceberg/actions/runs/35517764345,c9e8c79,10,tpch,linux-6.17.0-1022-azure,4,15.6,3.12.14,polars_iceberg,2.0.0-rc.2,ok,cold,query,14,1.6862,1,ok,
35517764345-1,2026-09-20T14:51:49Z,https://github.com/djouallah/onelake-iceberg/actions/runs/35517764345,c9e8c79,10,tpch,linux-6.17.0-1022-azure,4,15.6,3.12.14,polars_iceberg,2.0.0-rc.2,ok,cold,query,15,1.3616,1,ok,
35517764345-1,2026-09-20T14:51:49Z,https://github.com/djouallah/onelake-iceberg/actions/runs/35517764345,c9e8c79,10,tpch,linux-6.17.0-1022-azure,4,15.6,3.12.14,polars_iceberg,2.0.0-rc.2,ok,cold,query,16,0.9508,27840,ok,
35517764345-1,2026-09-20T14:51:49Z,https://github.com/djouallah/onelake-iceberg/actions/runs/35517764345,c9e8c79,10,tpch,linux-6.17.0-1022-azure,4,15.6,3.12.14,polars_iceberg,2.0.0-rc.2,ok,cold,query,17,4.6565,1,ok,
35517764345-1,2026-09-20T14:51:49Z,https://github.com/djouallah/onelake-iceberg/actions/runs/35517764345,c9e8c79,10,tpch,linux-6.17.0-1022-azure,4,15.6,3.12.14,polars_iceberg,2.0.0-rc.2,ok,cold,query,18,6.5785,100,ok,
35517764345-1,2026-09-20T14:51:49Z,https://github.com/djouallah/onelake-iceberg/actions/runs/35517764345,c9e8c79,10,tpch,linux-6.17.0-1022-azure,4,15.6,3.12.14,polars_iceberg,2.0.0-rc.2,ok,cold,query,19,2.014,1,ok,
35517764345-1,2026-09-20T14:51:49Z,https://github.com/djouallah/onelake-iceberg/actions/runs/35517764345,c9e8c79,10,tpch,linux-6.17.0-1022-azure,4,15.6,3.12.14,polars_iceberg,2.0.0-rc.2,ok,cold,query,20,3.5236,1804,ok,
35517764345-1,2026-09-20T14:51:49Z,https://github.com/djouallah/onelake-iceberg/actions/runs/35517764345,c9e8c79,10,tpch,linux-6.17.0-1022-azure,4,15.6,3.12.14,polars_iceberg,2.0.0-rc.2,ok,cold,query,21,6.3421,100,ok,
35517764345-1,2026-09-20T14:51:49Z,https://github.com/djouallah/onelake-iceberg/actions/runs/35517764345,c9e8c79,10,tpch,linux-6.17.0-1022-azure,4,15.6,3.12.14,polars_iceberg,2.0.0-rc.2,ok,cold,query,22,1.2588,7,ok,
35517764345-1,2026-09-20T14:51:49Z,https://github.com/djouallah/onelake-iceberg/actions/runs/35517764345,c9e8c79,10,tpch,linux-6.17.0-1022-azure,4,15.6,3.12.14,polars_iceberg,2.0.0-rc.2,ok,warm,query,1,4.6381,4,ok,
35517764345-1,2026-09-20T14:51:49Z,https://github.com/djouallah/onelake-iceberg/actions/runs/35517764345,c9e8c79,10,tpch,linux-6.17.0-1022-azure,4,15.6,3.12.14,polars_iceberg,2.0.0-rc.2,ok,warm,query,2,2.2753,10,ok,
35517764345-1,2026-09-20T14:51:49Z,https://github.com/djouallah/onelake-iceberg/actions/runs/35517764345,c9e8c79,10,tpch,linux-6.17.0-1022-azure,4,15.6,3.12.14,polars_iceberg,2.0.0-rc.2,ok,warm,query,3,1.8941,10,ok,
35517764345-1,2026-09-20T14:51:49Z,https://github.com/djouallah/onelake-iceberg/actions/runs/35517764345,c9e8c79,10,tpch,linux-6.17.0-1022-azure,4,15.6,3.12.14,polars_iceberg,2.0.0-rc.2,ok,warm,query,4,2.0282,5,ok,
35517764345-1,2026-09-20T14:51:49Z,https://github.com/djouallah/onelake-iceberg/actions/runs/35517764345,c9e8c79,10,tpch,linux-6.17.0-1022-azure,4,15.6,3.12.14,polars_iceberg,2.0.0-rc.2,ok,warm,query,5,3.3915,5,ok,
35517764345-1,2026-09-20T14:51:49Z,https://github.com/djouallah/onelake-iceberg/actions/runs/35517764345,c9e8c79,10,tpch,linux-6.17.0-1022-azure,4,15.6,3.12.14,polars_iceberg,2.0.0-rc.2,ok,warm,query,6,1.7652,1,ok,
35517764345-1,2026-09-20T14:51:49Z,https://github.com/djouallah/onelake-iceberg/actions/runs/35517764345,c9e8c79,10,tpch,linux-6.17.0-1022-azure,4,15.6,3.12.14,polars_iceberg,2.0.0-rc.2,ok,warm,query,7,8.3847,9,ok,
35517764345-1,2026-09-20T14:51:49Z,https://github.com/djouallah/onelake-iceberg/actions/runs/35517764345,c9e8c79,10,tpch,linux-6.17.0-1022-azure,4,15.6,3.12.14,polars_iceberg,2.0.0-rc.2,ok,warm,query,8,3.9851,2,ok,
35517764345-1,2026-09-20T14:51:49Z,https://github.com/djouallah/onelake-iceberg/actions/runs/35517764345,c9e8c79,10,tpch,linux-6.17.0-1022-azure,4,15.6,3.12.14,polars_iceberg,2.0.0-rc.2,ok,warm,query,9,4.2955,175,ok,
35517764345-1,2026-09-20T14:51:49Z,https://github.com/djouallah/onelake-iceberg/actions/runs/35517764345,c9e8c79,10,tpch,linux-6.17.0-1022-azure,4,15.6,3.12.14,polars_iceberg,2.0.0-rc.2,ok,warm,query,10,2.2058,20,ok,
35517764345-1,2026-09-20T14:51:49Z,https://github.com/djouallah/onelake-iceberg/actions/runs/35517764345,c9e8c79,10,tpch,linux-6.17.0-1022-azure,4,15.6,3.12.14,polars_iceberg,2.0.0-rc.2,ok,warm,query,11,0.8383,8685,ok,
35517764345-1,2026-09-20T14:51:49Z,https://github.com/djouallah/onelake-iceberg/actions/runs/35517764345,c9e8c79,10,tpch,linux-6.17.0-1022-azure,4,15.6,3.12.14,polars_iceberg,2.0.0-rc.2,ok,warm,query,12,1.3393,2,ok,
35517764345-1,2026-09-20T14:51:49Z,https://github.com/djouallah/onelake-iceberg/actions/runs/35517764345,c9e8c79,10,tpch,linux-6.17.0-1022-azure,4,15.6,3.12.14,polars_iceberg,2.0.0-rc.2,ok,warm,query,13,2.3579,46,ok,
35517764345-1,2026-09-20T14:51:49Z,https://github.com/djouallah/onelake-iceberg/actions/runs/35517764345,c9e8c79,10,tpch,linux-6.17.0-1022-azure,4,15.6,3.12.14,polars_iceberg,2.0.0-rc.2,ok,warm,query,14,1.5543,1,ok,
35517764345-1,2026-09-20T14:51:49Z,https://github.com/djouallah/onelake-iceberg/actions/runs/35517764345,c9e8c79,10,tpch,linux-6.17.0-1022-azure,4,15.6,3.12.14,polars_iceberg,2.0.0-rc.2,ok,warm,query,15,1.2831,1,ok,
35517764345-1,2026-09-20T14:51:49Z,https://github.com/djouallah/onelake-iceberg/actions/runs/35517764345,c9e8c79,10,tpch,linux-6.17.0-1022-azure,4,15.6,3.12.14,polars_iceberg,2.0.0-rc.2,ok,warm,query,16,1.2375,27840,ok,
35517764345-1,2026-09-20T14:51:49Z,https://github.com/djouallah/onelake-iceberg/actions/runs/35517764345,c9e8c79,10,tpch,linux-6.17.0-1022-azure,4,15.6,3.12.14,polars_iceberg,2.0.0-rc.2,ok,warm,query,17,4.5216,1,ok,
35517764345-1,2026-09-20T14:51:49Z,https://github.com/djouallah/onelake-iceberg/actions/runs/35517764345,c9e8c79,10,tpch,linux-6.17.0-1022-azure,4,15.6,3.12.14,polars_iceberg,2.0.0-rc.2,ok,warm,query,18,6.3358,100,ok,
35517764345-1,2026-09-20T14:51:49Z,https://github.com/djouallah/onelake-iceberg/actions/runs/35517764345,c9e8c79,10,tpch,linux-6.17.0-1022-azure,4,15.6,3.12.14,polars_iceberg,2.0.0-rc.2,ok,warm,query,19,1.9317,1,ok,
35517764345-1,2026-09-20T14:51:49Z,https://github.com/djouallah/onelake-iceberg/actions/runs/35517764345,c9e8c79,10,tpch,linux-6.17.0-1022-azure,4,15.6,3.12.14,polars_iceberg,2.0.0-rc.2,ok,warm,query,20,3.1875,1804,ok,
35517764345-1,2026-09-20T14:51:49Z,https://github.com/djouallah/onelake-iceberg/actions/runs/35517764345,c9e8c79,10,tpch,linux-6.17.0-1022-azure,4,15.6,3.12.14,polars_iceberg,2.0.0-rc.2,ok,warm,query,21,6.4194,100,ok,
35517764345-1,2026-09-20T14:51:49Z,https://github.com/djouallah/onelake-iceberg/actions/runs/35517764345,c9e8c79,10,tpch,linux-6.17.0-1022-azure,4,15.6,3.12.14,polars_iceberg,2.0.0-rc.2,ok,warm,query,22,1.4519,7,ok,
35517764345-1,2026-09-20T14:51:49Z,https://github.com/djouallah/onelake-iceberg/actions/runs/35517764345,c9e8c79,10,tpch,linux-6.17.0-1022-azure,4,15.6,3.12.14,pyspark_iceberg,4.1.3,ok,cold,setup,0,11.2909,,ok,
35517764345-1,2026-09-20T14:51:49Z,https://github.com/djouallah/onelake-iceberg/actions/runs/35517764345,c9e8c79,10,tpch,linux-6.17.0-1022-azure,4,15.6,3.12.14,pyspark_iceberg,4.1.3,ok,cold,query,1,52.376,4,ok,
35517764345-1,2026-09-20T14:51:49Z,https://github.com/djouallah/onelake-iceberg/actions/runs/35517764345,c9e8c79,10,tpch,linux-6.17.0-1022-azure,4,15.6,3.12.14,pyspark_iceberg,4.1.3,ok,cold,query,2,13.8941,10,ok,
35517764345-1,2026-09-20T14:51:49Z,https://github.com/djouallah/onelake-iceberg/actions/runs/35517764345,c9e8c79,10,tpch,linux-6.17.0-1022-azure,4,15.6,3.12.14,pyspark_iceberg,4.1.3,ok,cold,query,3,25.5737,10,ok,
35517764345-1,2026-09-20T14:51:49Z,https://github.com/djouallah/onelake-iceberg/actions/runs/35517764345,c9e8c79,10,tpch,linux-6.17.0-1022-azure,4,15.6,3.12.14,pyspark_iceberg,4.1.3,ok,cold,query,4,16.7886,5,ok,
35517764345-1,2026-09-20T14:51:49Z,https://github.com/djouallah/onelake-iceberg/actions/runs/35517764345,c9e8c79,10,tpch,linux-6.17.0-1022-azure,4,15.6,3.12.14,pyspark_iceberg,4.1.3,ok,cold,query,5,34.194,5,ok,
35517764345-1,2026-09-20T14:51:49Z,https://github.com/djouallah/onelake-iceberg/actions/runs/35517764345,c9e8c79,10,tpch,linux-6.17.0-1022-azure,4,15.6,3.12.14,pyspark_iceberg,4.1.3,ok,cold,query,6,12.4423,1,ok,
35517764345-1,2026-09-20T14:51:49Z,https://github.com/djouallah/onelake-iceberg/actions/runs/35517764345,c9e8c79,10,tpch,linux-6.17.0-1022-azure,4,15.6,3.12.14,pyspark_iceberg,4.1.3,ok,cold,query,7,51.2631,9,ok,
35517764345-1,2026-09-20T14:51:49Z,https://github.com/djouallah/onelake-iceberg/actions/runs/35517764345,c9e8c79,10,tpch,linux-6.17.0-1022-azure,4,15.6,3.12.14,pyspark_iceberg,4.1.3,ok,cold,query,8,30.1203,2,ok,
35517764345-1,2026-09-20T14:51:49Z,https://github.com/djouallah/onelake-iceberg/actions/runs/35517764345,c9e8c79,10,tpch,linux-6.17.0-1022-azure,4,15.6,3.12.14,pyspark_iceberg,4.1.3,ok,cold,query,9,38.2592,175,ok,
35517764345-1,2026-09-20T14:51:49Z,https://github.com/djouallah/onelake-iceberg/actions/runs/35517764345,c9e8c79,10,tpch,linux-6.17.0-1022-azure,4,15.6,3.12.14,pyspark_iceberg,4.1.3,ok,cold,query,10,19.8335,20,ok,
35517764345-1,2026-09-20T14:51:49Z,https://github.com/djouallah/onelake-iceberg/actions/runs/35517764345,c9e8c79,10,tpch,linux-6.17.0-1022-azure,4,15.6,3.12.14,pyspark_iceberg,4.1.3,ok,cold,query,11,3.8141,8685,ok,
35517764345-1,2026-09-20T14:51:49Z,https://github.com/djouallah/onelake-iceberg/actions/runs/35517764345,c9e8c79,10,tpch,linux-6.17.0-1022-azure,4,15.6,3.12.14,pyspark_iceberg,4.1.3,ok,cold,query,12,17.5832,2,ok,
35517764345-1,2026-09-20T14:51:49Z,https://github.com/djouallah/onelake-iceberg/actions/runs/35517764345,c9e8c79,10,tpch,linux-6.17.0-1022-azure,4,15.6,3.12.14,pyspark_iceberg,4.1.3,ok,cold,query,13,13.788,46,ok,
35517764345-1,2026-09-20T14:51:49Z,https://github.com/djouallah/onelake-iceberg/actions/runs/35517764345,c9e8c79,10,tpch,linux-6.17.0-1022-azure,4,15.6,3.12.14,pyspark_iceberg,4.1.3,ok,cold,query,14,13.3759,1,ok,
35517764345-1,2026-09-20T14:51:49Z,https://github.com/djouallah/onelake-iceberg/actions/runs/35517764345,c9e8c79,10,tpch,linux-6.17.0-1022-azure,4,15.6,3.12.14,pyspark_iceberg,4.1.3,ok,cold,query,15,25.6802,1,ok,
35517764345-1,2026-09-20T14:51:49Z,https://github.com/djouallah/onelake-iceberg/actions/runs/35517764345,c9e8c79,10,tpch,linux-6.17.0-1022-azure,4,15.6,3.12.14,pyspark_iceberg,4.1.3,ok,cold,query,16,5.8709,27840,ok,
35517764345-1,2026-09-20T14:51:49Z,https://github.com/djouallah/onelake-iceberg/actions/runs/35517764345,c9e8c79,10,tpch,linux-6.17.0-1022-azure,4,15.6,3.12.14,pyspark_iceberg,4.1.3,ok,cold,query,17,49.1763,1,ok,
35517764345-1,2026-09-20T14:51:49Z,https://github.com/djouallah/onelake-iceberg/actions/runs/35517764345,c9e8c79,10,tpch,linux-6.17.0-1022-azure,4,15.6,3.12.14,pyspark_iceberg,4.1.3,ok,cold,query,18,43.3072,100,ok,
35517764345-1,2026-09-20T14:51:49Z,https://github.com/djouallah/onelake-iceberg/actions/runs/35517764345,c9e8c79,10,tpch,linux-6.17.0-1022-azure,4,15.6,3.12.14,pyspark_iceberg,4.1.3,ok,cold,query,19,16.0255,1,ok,
35517764345-1,2026-09-20T14:51:49Z,https://github.com/djouallah/onelake-iceberg/actions/runs/35517764345,c9e8c79,10,tpch,linux-6.17.0-1022-azure,4,15.6,3.12.14,pyspark_iceberg,4.1.3,ok,cold,query,20,16.7265,1804,ok,
35517764345-1,2026-09-20T14:51:49Z,https://github.com/djouallah/onelake-iceberg/actions/runs/35517764345,c9e8c79,10,tpch,linux-6.17.0-1022-azure,4,15.6,3.12.14,pyspark_iceberg,4.1.3,ok,cold,query,21,53.1418,100,ok,
35517764345-1,2026-09-20T14:51:49Z,https://github.com/djouallah/onelake-iceberg/actions/runs/35517764345,c9e8c79,10,tpch,linux-6.17.0-1022-azure,4,15.6,3.12.14,pyspark_iceberg,4.1.3,ok,cold,query,22,7.6511,7,ok,
35517764345-1,2026-09-20T14:51:49Z,https://github.com/djouallah/onelake-iceberg/actions/runs/35517764345,c9e8c79,10,tpch,linux-6.17.0-1022-azure,4,15.6,3.12.14,pyspark_iceberg,4.1.3,ok,warm,query,1,42.3798,4,ok,
35517764345-1,2026-09-20T14:51:49Z,https://github.com/djouallah/onelake-iceberg/actions/runs/35517764345,c9e8c79,10,tpch,linux-6.17.0-1022-azure,4,15.6,3.12.14,pyspark_iceberg,4.1.3,ok,warm,query,2,9.1305,10,ok,
35517764345-1,2026-09-20T14:51:49Z,https://github.com/djouallah/onelake-iceberg/actions/runs/35517764345,c9e8c79,10,tpch,linux-6.17.0-1022-azure,4,15.6,3.12.14,pyspark_iceberg,4.1.3,ok,warm,query,3,22.2314,10,ok,
35517764345-1,2026-09-20T14:51:49Z,https://github.com/djouallah/onelake-iceberg/actions/runs/35517764345,c9e8c79,10,tpch,linux-6.17.0-1022-azure,4,15.6,3.12.14,pyspark_iceberg,4.1.3,ok,warm,query,4,17.2958,5,ok,
35517764345-1,2026-09-20T14:51:49Z,https://github.com/djouallah/onelake-iceberg/actions/runs/35517764345,c9e8c79,10,tpch,linux-6.17.0-1022-azure,4,15.6,3.12.14,pyspark_iceberg,4.1.3,ok,warm,query,5,32.9508,5,ok,
35517764345-1,2026-09-20T14:51:49Z,https://github.com/djouallah/onelake-iceberg/actions/runs/35517764345,c9e8c79,10,tpch,linux-6.17.0-1022-azure,4,15.6,3.12.14,pyspark_iceberg,4.1.3,ok,warm,query,6,13.4948,1,ok,
35517764345-1,2026-09-20T14:51:49Z,https://github.com/djouallah/onelake-iceberg/actions/runs/35517764345,c9e8c79,10,tpch,linux-6.17.0-1022-azure,4,15.6,3.12.14,pyspark_iceberg,4.1.3,ok,warm,query,7,50.6688,9,ok,
35517764345-1,2026-09-20T14:51:49Z,https://github.com/djouallah/onelake-iceberg/actions/runs/35517764345,c9e8c79,10,tpch,linux-6.17.0-1022-azure,4,15.6,3.12.14,pyspark_iceberg,4.1.3,ok,warm,query,8,31.8036,2,ok,
35517764345-1,2026-09-20T14:51:49Z,https://github.com/djouallah/onelake-iceberg/actions/runs/35517764345,c9e8c79,10,tpch,linux-6.17.0-1022-azure,4,15.6,3.12.14,pyspark_iceberg,4.1.3,ok,warm,query,9,35.6851,175,ok,
35517764345-1,2026-09-20T14:51:49Z,https://github.com/djouallah/onelake-iceberg/actions/runs/35517764345,c9e8c79,10,tpch,linux-6.17.0-1022-azure,4,15.6,3.12.14,pyspark_iceberg,4.1.3,ok,warm,query,10,19.4666,20,ok,
35517764345-1,2026-09-20T14:51:49Z,https://github.com/djouallah/onelake-iceberg/actions/runs/35517764345,c9e8c79,10,tpch,linux-6.17.0-1022-azure,4,15.6,3.12.14,pyspark_iceberg,4.1.3,ok,warm,query,11,3.7079,8685,ok,
35517764345-1,2026-09-20T14:51:49Z,https://github.com/djouallah/onelake-iceberg/actions/runs/35517764345,c9e8c79,10,tpch,linux-6.17.0-1022-azure,4,15.6,3.12.14,pyspark_iceberg,4.1.3,ok,warm,query,12,16.9809,2,ok,
35517764345-1,2026-09-20T14:51:49Z,https://github.com/djouallah/onelake-iceberg/actions/runs/35517764345,c9e8c79,10,tpch,linux-6.17.0-1022-azure,4,15.6,3.12.14,pyspark_iceberg,4.1.3,ok,warm,query,13,13.4766,46,ok,
35517764345-1,2026-09-20T14:51:49Z,https://github.com/djouallah/onelake-iceberg/actions/runs/35517764345,c9e8c79,10,tpch,linux-6.17.0-1022-azure,4,15.6,3.12.14,pyspark_iceberg,4.1.3,ok,warm,query,14,12.7589,1,ok,
35517764345-1,2026-09-20T14:51:49Z,https://github.com/djouallah/onelake-iceberg/actions/runs/35517764345,c9e8c79,10,tpch,linux-6.17.0-1022-azure,4,15.6,3.12.14,pyspark_iceberg,4.1.3,ok,warm,query,15,24.2733,1,ok,
35517764345-1,2026-09-20T14:51:49Z,https://github.com/djouallah/onelake-iceberg/actions/runs/35517764345,c9e8c79,10,tpch,linux-6.17.0-1022-azure,4,15.6,3.12.14,pyspark_iceberg,4.1.3,ok,warm,query,16,5.3494,27840,ok,
35517764345-1,2026-09-20T14:51:49Z,https://github.com/djouallah/onelake-iceberg/actions/runs/35517764345,c9e8c79,10,tpch,linux-6.17.0-1022-azure,4,15.6,3.12.14,pyspark_iceberg,4.1.3,ok,warm,query,17,44.8905,1,ok,
35517764345-1,2026-09-20T14:51:49Z,https://github.com/djouallah/onelake-iceberg/actions/runs/35517764345,c9e8c79,10,tpch,linux-6.17.0-1022-azure,4,15.6,3.12.14,pyspark_iceberg,4.1.3,ok,warm,query,18,41.9826,100,ok,
35517764345-1,2026-09-20T14:51:49Z,https://github.com/djouallah/onelake-iceberg/actions/runs/35517764345,c9e8c79,10,tpch,linux-6.17.0-1022-azure,4,15.6,3.12.14,pyspark_iceberg,4.1.3,ok,warm,query,19,15.5059,1,ok,
35517764345-1,2026-09-20T14:51:49Z,https://github.com/djouallah/onelake-iceberg/actions/runs/35517764345,c9e8c79,10,tpch,linux-6.17.0-1022-azure,4,15.6,3.12.14,pyspark_iceberg,4.1.3,ok,warm,query,20,15.6676,1804,ok,
35517764345-1,2026-09-20T14:51:49Z,https://github.com/djouallah/onelake-iceberg/actions/runs/35517764345,c9e8c79,10,tpch,linux-6.17.0-1022-azure,4,15.6,3.12.14,pyspark_iceberg,4.1.3,ok,warm,query,21,52.836,100,ok,
35517764345-1,2026-09-20T14:51:49Z,https://github.com/djouallah/onelake-iceberg/actions/runs/35517764345,c9e8c79,10,tpch,linux-6.17.0-1022-azure,4,15.6,3.12.14,pyspark_iceberg,4.1.3,ok,warm,query,22,6.5251,7,ok,
35591079526-1,2026-09-21T10:53:26Z,https://github.com/djouallah/onelake-iceberg/actions/runs/35591079526,44dd28a,10,tpch,linux-6.17.0-1022-azure,4,15.6,3.12.14,chdb_iceberg,4.4.0,ok,cold,setup,0,2.5152,,ok,
35591079526-1,2026-09-21T10:53:26Z,https://github.com/djouallah/onelake-iceberg/actions/runs/35591079526,44dd28a,10,tpch,linux-6.17.0-1022-azure,4,15.6,3.12.14,chdb_iceberg,4.4.0,ok,cold,query,1,10.2273,4,ok,
35591079526-1,2026-09-21T10:53:26Z,https://github.com/djouallah/onelake-iceberg/actions/runs/35591079526,44dd28a,10,tpch,linux-6.17.0-1022-azure,4,15.6,3.12.14,chdb_iceberg,4.4.0,ok,cold,query,2,8.1322,10,ok,
35591079526-1,2026-09-21T10:53:26Z,https://github.com/djouallah/onelake-iceberg/actions/runs/35591079526,44dd28a,10,tpch,linux-6.17.0-1022-azure,4,15.6,3.12.14,chdb_iceberg,4.4.0,ok,cold,query,3,7.2664,10,ok,
35591079526-1,2026-09-21T10:53:26Z,https://github.com/djouallah/onelake-iceberg/actions/runs/35591079526,44dd28a,10,tpch,linux-6.17.0-1022-azure,4,15.6,3.12.14,chdb_iceberg,4.4.0,ok,cold,query,4,4.1995,5,ok,
35591079526-1,2026-09-21T10:53:26Z,https://github.com/djouallah/onelake-iceberg/actions/runs/35591079526,44dd28a,10,tpch,linux-6.17.0-1022-azure,4,15.6,3.12.14,chdb_iceberg,4.4.0,ok,cold,query,5,5.9459,5,ok,
35591079526-1,2026-09-21T10:53:26Z,https://github.com/djouallah/onelake-iceberg/actions/runs/35591079526,44dd28a,10,tpch,linux-6.17.0-1022-azure,4,15.6,3.12.14,chdb_iceberg,4.4.0,ok,cold,query,6,1.2133,1,ok,
35591079526-1,2026-09-21T10:53:26Z,https://github.com/djouallah/onelake-iceberg/actions/runs/35591079526,44dd28a,10,tpch,linux-6.17.0-1022-azure,4,15.6,3.12.14,chdb_iceberg,4.4.0,ok,cold,query,7,15.7118,9,ok,
35591079526-1,2026-09-21T10:53:26Z,https://github.com/djouallah/onelake-iceberg/actions/runs/35591079526,44dd28a,10,tpch,linux-6.17.0-1022-azure,4,15.6,3.12.14,chdb_iceberg,4.4.0,ok,cold,query,8,7.4007,2,ok,
35591079526-1,2026-09-21T10:53:26Z,https://github.com/djouallah/onelake-iceberg/actions/runs/35591079526,44dd28a,10,tpch,linux-6.17.0-1022-azure,4,15.6,3.12.14,chdb_iceberg,4.4.0,ok,cold,query,9,7.7011,175,ok,
35591079526-1,2026-09-21T10:53:26Z,https://github.com/djouallah/onelake-iceberg/actions/runs/35591079526,44dd28a,10,tpch,linux-6.17.0-1022-azure,4,15.6,3.12.14,chdb_iceberg,4.4.0,ok,cold,query,10,4.7473,20,ok,
35591079526-1,2026-09-21T10:53:26Z,https://github.com/djouallah/onelake-iceberg/actions/runs/35591079526,44dd28a,10,tpch,linux-6.17.0-1022-azure,4,15.6,3.12.14,chdb_iceberg,4.4.0,ok,cold,query,11,3.1098,8685,ok,
35591079526-1,2026-09-21T10:53:26Z,https://github.com/djouallah/onelake-iceberg/actions/runs/35591079526,44dd28a,10,tpch,linux-6.17.0-1022-azure,4,15.6,3.12.14,chdb_iceberg,4.4.0,ok,cold,query,12,3.075,2,ok,
35591079526-1,2026-09-21T10:53:26Z,https://github.com/djouallah/onelake-iceberg/actions/runs/35591079526,44dd28a,10,tpch,linux-6.17.0-1022-azure,4,15.6,3.12.14,chdb_iceberg,4.4.0,ok,cold,query,13,3.1876,46,ok,
35591079526-1,2026-09-21T10:53:26Z,https://github.com/djouallah/onelake-iceberg/actions/runs/35591079526,44dd28a,10,tpch,linux-6.17.0-1022-azure,4,15.6,3.12.14,chdb_iceberg,4.4.0,ok,cold,query,14,1.9344,1,ok,
35591079526-1,2026-09-21T10:53:26Z,https://github.com/djouallah/onelake-iceberg/actions/runs/35591079526,44dd28a,10,tpch,linux-6.17.0-1022-azure,4,15.6,3.12.14,chdb_iceberg,4.4.0,ok,cold,query,15,2.8749,1,ok,
35591079526-1,2026-09-21T10:53:26Z,https://github.com/djouallah/onelake-iceberg/actions/runs/35591079526,44dd28a,10,tpch,linux-6.17.0-1022-azure,4,15.6,3.12.14,chdb_iceberg,4.4.0,ok,cold,query,16,1.6742,27840,ok,
35591079526-1,2026-09-21T10:53:26Z,https://github.com/djouallah/onelake-iceberg/actions/runs/35591079526,44dd28a,10,tpch,linux-6.17.0-1022-azure,4,15.6,3.12.14,chdb_iceberg,4.4.0,ok,cold,query,17,4.2496,1,ok,
35591079526-1,2026-09-21T10:53:26Z,https://github.com/djouallah/onelake-iceberg/actions/runs/35591079526,44dd28a,10,tpch,linux-6.17.0-1022-azure,4,15.6,3.12.14,chdb_iceberg,4.4.0,ok,cold,query,18,3.7081,100,ok,
35591079526-1,2026-09-21T10:53:26Z,https://github.com/djouallah/onelake-iceberg/actions/runs/35591079526,44dd28a,10,tpch,linux-6.17.0-1022-azure,4,15.6,3.12.14,chdb_iceberg,4.4.0,ok,cold,query,19,2.9574,1,ok,
35591079526-1,2026-09-21T10:53:26Z,https://github.com/djouallah/onelake-iceberg/actions/runs/35591079526,44dd28a,10,tpch,linux-6.17.0-1022-azure,4,15.6,3.12.14,chdb_iceberg,4.4.0,ok,cold,query,20,3.5796,1804,ok,
35591079526-1,2026-09-21T10:53:26Z,https://github.com/djouallah/onelake-iceberg/actions/runs/35591079526,44dd28a,10,tpch,linux-6.17.0-1022-azure,4,15.6,3.12.14,chdb_iceberg,4.4.0,ok,cold,query,21,10.9142,100,ok,
35591079526-1,2026-09-21T10:53:26Z,https://github.com/djouallah/onelake-iceberg/actions/runs/35591079526,44dd28a,10,tpch,linux-6.17.0-1022-azure,4,15.6,3.12.14,chdb_iceberg,4.4.0,ok,cold,query,22,2.5754,7,ok,
35591079526-1,2026-09-21T10:53:26Z,https://github.com/djouallah/onelake-iceberg/actions/runs/35591079526,44dd28a,10,tpch,linux-6.17.0-1022-azure,4,15.6,3.12.14,chdb_iceberg,4.4.0,ok,warm,query,1,2.8838,4,ok,
35591079526-1,2026-09-21T10:53:26Z,https://github.com/djouallah/onelake-iceberg/actions/runs/35591079526,44dd28a,10,tpch,linux-6.17.0-1022-azure,4,15.6,3.12.14,chdb_iceberg,4.4.0,ok,warm,query,2,5.9016,10,ok,
35591079526-1,2026-09-21T10:53:26Z,https://github.com/djouallah/onelake-iceberg/actions/runs/35591079526,44dd28a,10,tpch,linux-6.17.0-1022-azure,4,15.6,3.12.14,chdb_iceberg,4.4.0,ok,warm,query,3,4.1011,10,ok,
35591079526-1,2026-09-21T10:53:26Z,https://github.com/djouallah/onelake-iceberg/actions/runs/35591079526,44dd28a,10,tpch,linux-6.17.0-1022-azure,4,15.6,3.12.14,chdb_iceberg,4.4.0,ok,warm,query,4,3.1486,5,ok,
35591079526-1,2026-09-21T10:53:26Z,https://github.com/djouallah/onelake-iceberg/actions/runs/35591079526,44dd28a,10,tpch,linux-6.17.0-1022-azure,4,15.6,3.12.14,chdb_iceberg,4.4.0,ok,warm,query,5,5.8727,5,ok,
35591079526-1,2026-09-21T10:53:26Z,https://github.com/djouallah/onelake-iceberg/actions/runs/35591079526,44dd28a,10,tpch,linux-6.17.0-1022-azure,4,15.6,3.12.14,chdb_iceberg,4.4.0,ok,warm,query,6,1.1283,1,ok,
35591079526-1,2026-09-21T10:53:26Z,https://github.com/djouallah/onelake-iceberg/actions/runs/35591079526,44dd28a,10,tpch,linux-6.17.0-1022-azure,4,15.6,3.12.14,chdb_iceberg,4.4.0,ok,warm,query,7,15.5213,9,ok,
35591079526-1,2026-09-21T10:53:26Z,https://github.com/djouallah/onelake-iceberg/actions/runs/35591079526,44dd28a,10,tpch,linux-6.17.0-1022-azure,4,15.6,3.12.14,chdb_iceberg,4.4.0,ok,warm,query,8,7.6574,2,ok,
35591079526-1,2026-09-21T10:53:26Z,https://github.com/djouallah/onelake-iceberg/actions/runs/35591079526,44dd28a,10,tpch,linux-6.17.0-1022-azure,4,15.6,3.12.14,chdb_iceberg,4.4.0,ok,warm,query,9,7.555,175,ok,
35591079526-1,2026-09-21T10:53:26Z,https://github.com/djouallah/onelake-iceberg/actions/runs/35591079526,44dd28a,10,tpch,linux-6.17.0-1022-azure,4,15.6,3.12.14,chdb_iceberg,4.4.0,ok,warm,query,10,4.6715,20,ok,
35591079526-1,2026-09-21T10:53:26Z,https://github.com/djouallah/onelake-iceberg/actions/runs/35591079526,44dd28a,10,tpch,linux-6.17.0-1022-azure,4,15.6,3.12.14,chdb_iceberg,4.4.0,ok,warm,query,11,2.9891,8685,ok,
35591079526-1,2026-09-21T10:53:26Z,https://github.com/djouallah/onelake-iceberg/actions/runs/35591079526,44dd28a,10,tpch,linux-6.17.0-1022-azure,4,15.6,3.12.14,chdb_iceberg,4.4.0,ok,warm,query,12,2.7776,2,ok,
35591079526-1,2026-09-21T10:53:26Z,https://github.com/djouallah/onelake-iceberg/actions/runs/35591079526,44dd28a,10,tpch,linux-6.17.0-1022-azure,4,15.6,3.12.14,chdb_iceberg,4.4.0,ok,warm,query,13,2.8125,46,ok,
35591079526-1,2026-09-21T10:53:26Z,https://github.com/djouallah/onelake-iceberg/actions/runs/35591079526,44dd28a,10,tpch,linux-6.17.0-1022-azure,4,15.6,3.12.14,chdb_iceberg,4.4.0,ok,warm,query,14,1.9786,1,ok,
35591079526-1,2026-09-21T10:53:26Z,https://github.com/djouallah/onelake-iceberg/actions/runs/35591079526,44dd28a,10,tpch,linux-6.17.0-1022-azure,4,15.6,3.12.14,chdb_iceberg,4.4.0,ok,warm,query,15,2.5073,1,ok,
35591079526-1,2026-09-21T10:53:26Z,https://github.com/djouallah/onelake-iceberg/actions/runs/35591079526,44dd28a,10,tpch,linux-6.17.0-1022-azure,4,15.6,3.12.14,chdb_iceberg,4.4.0,ok,warm,query,16,1.9341,27840,ok,
35591079526-1,2026-09-21T10:53:26Z,https://github.com/djouallah/onelake-iceberg/actions/runs/35591079526,44dd28a,10,tpch,linux-6.17.0-1022-azure,4,15.6,3.12.14,chdb_iceberg,4.4.0,ok,warm,query,17,4.2213,1,ok,
35591079526-1,2026-09-21T10:53:26Z,https://github.com/djouallah/onelake-iceberg/actions/runs/35591079526,44dd28a,10,tpch,linux-6.17.0-1022-azure,4,15.6,3.12.14,chdb_iceberg,4.4.0,ok,warm,query,18,4.1843,100,ok,
35591079526-1,2026-09-21T10:53:26Z,https://github.com/djouallah/onelake-iceberg/actions/runs/35591079526,44dd28a,10,tpch,linux-6.17.0-1022-azure,4,15.6,3.12.14,chdb_iceberg,4.4.0,ok,warm,query,19,2.7983,1,ok,
35591079526-1,2026-09-21T10:53:26Z,https://github.com/djouallah/onelake-iceberg/actions/runs/35591079526,44dd28a,10,tpch,linux-6.17.0-1022-azure,4,15.6,3.12.14,chdb_iceberg,4.4.0,ok,warm,query,20,3.5256,1804,ok,
35591079526-1,2026-09-21T10:53:26Z,https://github.com/djouallah/onelake-iceberg/actions/runs/35591079526,44dd28a,10,tpch,linux-6.17.0-1022-azure,4,15.6,3.12.14,chdb_iceberg,4.4.0,ok,warm,query,21,11.1622,100,ok,
35591079526-1,2026-09-21T10:53:26Z,https://github.com/djouallah/onelake-iceberg/actions/runs/35591079526,44dd28a,10,tpch,linux-6.17.0-1022-azure,4,15.6,3.12.14,chdb_iceberg,4.4.0,ok,warm,query,22,3.391,7,ok,
35591079526-1,2026-09-21T10:53:26Z,https://github.com/djouallah/onelake-iceberg/actions/runs/35591079526,44dd28a,10,tpch,linux-6.17.0-1022-azure,4,15.6,3.12.14,duckdb_iceberg,2.0.0.dev2609121639,ok,cold,setup,0,7.5964,,ok,
35591079526-1,2026-09-21T10:53:26Z,https://github.com/djouallah/onelake-iceberg/actions/runs/35591079526,44dd28a,10,tpch,linux-6.17.0-1022-azure,4,15.6,3.12.14,duckdb_iceberg,2.0.0.dev2609121639,ok,cold,query,1,8.8881,4,ok,
35591079526-1,2026-09-21T10:53:26Z,https://github.com/djouallah/onelake-iceberg/actions/runs/35591079526,44dd28a,10,tpch,linux-6.17.0-1022-azure,4,15.6,3.12.14,duckdb_iceberg,2.0.0.dev2609121639,ok,cold,query,2,2.2399,10,ok,
35591079526-1,2026-09-21T10:53:26Z,https://github.com/djouallah/onelake-iceberg/actions/runs/35591079526,44dd28a,10,tpch,linux-6.17.0-1022-azure,4,15.6,3.12.14,duckdb_iceberg,2.0.0.dev2609121639,ok,cold,query,3,3.5751,10,ok,
35591079526-1,2026-09-21T10:53:26Z,https://github.com/djouallah/onelake-iceberg/actions/runs/35591079526,44dd28a,10,tpch,linux-6.17.0-1022-azure,4,15.6,3.12.14,duckdb_iceberg,2.0.0.dev2609121639,ok,cold,query,4,1.0493,5,ok,
35591079526-1,2026-09-21T10:53:26Z,https://github.com/djouallah/onelake-iceberg/actions/runs/35591079526,44dd28a,10,tpch,linux-6.17.0-1022-azure,4,15.6,3.12.14,duckdb_iceberg,2.0.0.dev2609121639,ok,cold,query,5,2.0796,5,ok,
35591079526-1,2026-09-21T10:53:26Z,https://github.com/djouallah/onelake-iceberg/actions/runs/35591079526,44dd28a,10,tpch,linux-6.17.0-1022-azure,4,15.6,3.12.14,duckdb_iceberg,2.0.0.dev2609121639,ok,cold,query,6,0.4595,1,ok,
35591079526-1,2026-09-21T10:53:26Z,https://github.com/djouallah/onelake-iceberg/actions/runs/35591079526,44dd28a,10,tpch,linux-6.17.0-1022-azure,4,15.6,3.12.14,duckdb_iceberg,2.0.0.dev2609121639,ok,cold,query,7,0.8798,9,ok,
35591079526-1,2026-09-21T10:53:26Z,https://github.com/djouallah/onelake-iceberg/actions/runs/35591079526,44dd28a,10,tpch,linux-6.17.0-1022-azure,4,15.6,3.12.14,duckdb_iceberg,2.0.0.dev2609121639,ok,cold,query,8,1.347,2,ok,
35591079526-1,2026-09-21T10:53:26Z,https://github.com/djouallah/onelake-iceberg/actions/runs/35591079526,44dd28a,10,tpch,linux-6.17.0-1022-azure,4,15.6,3.12.14,duckdb_iceberg,2.0.0.dev2609121639,ok,cold,query,9,2.0655,175,ok,
35591079526-1,2026-09-21T10:53:26Z,https://github.com/djouallah/onelake-iceberg/actions/runs/35591079526,44dd28a,10,tpch,linux-6.17.0-1022-azure,4,15.6,3.12.14,duckdb_iceberg,2.0.0.dev2609121639,ok,cold,query,10,1.4498,20,ok,
35591079526-1,2026-09-21T10:53:26Z,https://github.com/djouallah/onelake-iceberg/actions/runs/35591079526,44dd28a,10,tpch,linux-6.17.0-1022-azure,4,15.6,3.12.14,duckdb_iceberg,2.0.0.dev2609121639,ok,cold,query,11,0.1543,8685,ok,
35591079526-1,2026-09-21T10:53:26Z,https://github.com/djouallah/onelake-iceberg/actions/runs/35591079526,44dd28a,10,tpch,linux-6.17.0-1022-azure,4,15.6,3.12.14,duckdb_iceberg,2.0.0.dev2609121639,ok,cold,query,12,0.5697,2,ok,
35591079526-1,2026-09-21T10:53:26Z,https://github.com/djouallah/onelake-iceberg/actions/runs/35591079526,44dd28a,10,tpch,linux-6.17.0-1022-azure,4,15.6,3.12.14,duckdb_iceberg,2.0.0.dev2609121639,ok,cold,query,13,1.8304,46,ok,
35591079526-1,2026-09-21T10:53:26Z,https://github.com/djouallah/onelake-iceberg/actions/runs/35591079526,44dd28a,10,tpch,linux-6.17.0-1022-azure,4,15.6,3.12.14,duckdb_iceberg,2.0.0.dev2609121639,ok,cold,query,14,0.7799,1,ok,
35591079526-1,2026-09-21T10:53:26Z,https://github.com/djouallah/onelake-iceberg/actions/runs/35591079526,44dd28a,10,tpch,linux-6.17.0-1022-azure,4,15.6,3.12.14,duckdb_iceberg,2.0.0.dev2609121639,ok,cold,query,15,0.5866,1,ok,
35591079526-1,2026-09-21T10:53:26Z,https://github.com/djouallah/onelake-iceberg/actions/runs/35591079526,44dd28a,10,tpch,linux-6.17.0-1022-azure,4,15.6,3.12.14,duckdb_iceberg,2.0.0.dev2609121639,ok,cold,query,16,0.2396,27840,ok,
35591079526-1,2026-09-21T10:53:26Z,https://github.com/djouallah/onelake-iceberg/actions/runs/35591079526,44dd28a,10,tpch,linux-6.17.0-1022-azure,4,15.6,3.12.14,duckdb_iceberg,2.0.0.dev2609121639,ok,cold,query,17,2.4358,1,ok,
35591079526-1,2026-09-21T10:53:26Z,https://github.com/djouallah/onelake-iceberg/actions/runs/35591079526,44dd28a,10,tpch,linux-6.17.0-1022-azure,4,15.6,3.12.14,duckdb_iceberg,2.0.0.dev2609121639,ok,cold,query,18,1.1416,100,ok,
35591079526-1,2026-09-21T10:53:26Z,https://github.com/djouallah/onelake-iceberg/actions/runs/35591079526,44dd28a,10,tpch,linux-6.17.0-1022-azure,4,15.6,3.12.14,duckdb_iceberg,2.0.0.dev2609121639,ok,cold,query,19,0.8468,1,ok,
35591079526-1,2026-09-21T10:53:26Z,https://github.com/djouallah/onelake-iceberg/actions/runs/35591079526,44dd28a,10,tpch,linux-6.17.0-1022-azure,4,15.6,3.12.14,duckdb_iceberg,2.0.0.dev2609121639,ok,cold,query,20,1.0738,1804,ok,
35591079526-1,2026-09-21T10:53:26Z,https://github.com/djouallah/onelake-iceberg/actions/runs/35591079526,44dd28a,10,tpch,linux-6.17.0-1022-azure,4,15.6,3.12.14,duckdb_iceberg,2.0.0.dev2609121639,ok,cold,query,21,3.8922,100,ok,
35591079526-1,2026-09-21T10:53:26Z,https://github.com/djouallah/onelake-iceberg/actions/runs/35591079526,44dd28a,10,tpch,linux-6.17.0-1022-azure,4,15.6,3.12.14,duckdb_iceberg,2.0.0.dev2609121639,ok,cold,query,22,0.486,7,ok,
35591079526-1,2026-09-21T10:53:26Z,https://github.com/djouallah/onelake-iceberg/actions/runs/35591079526,44dd28a,10,tpch,linux-6.17.0-1022-azure,4,15.6,3.12.14,duckdb_iceberg,2.0.0.dev2609121639,ok,warm,query,1,1.1884,4,ok,
35591079526-1,2026-09-21T10:53:26Z,https://github.com/djouallah/onelake-iceberg/actions/runs/35591079526,44dd28a,10,tpch,linux-6.17.0-1022-azure,4,15.6,3.12.14,duckdb_iceberg,2.0.0.dev2609121639,ok,warm,query,2,0.3132,10,ok,
35591079526-1,2026-09-21T10:53:26Z,https://github.com/djouallah/onelake-iceberg/actions/runs/35591079526,44dd28a,10,tpch,linux-6.17.0-1022-azure,4,15.6,3.12.14,duckdb_iceberg,2.0.0.dev2609121639,ok,warm,query,3,0.8468,10,ok,
35591079526-1,2026-09-21T10:53:26Z,https://github.com/djouallah/onelake-iceberg/actions/runs/35591079526,44dd28a,10,tpch,linux-6.17.0-1022-azure,4,15.6,3.12.14,duckdb_iceberg,2.0.0.dev2609121639,ok,warm,query,4,0.431,5,ok,
35591079526-1,2026-09-21T10:53:26Z,https://github.com/djouallah/onelake-iceberg/actions/runs/35591079526,44dd28a,10,tpch,linux-6.17.0-1022-azure,4,15.6,3.12.14,duckdb_iceberg,2.0.0.dev2609121639,ok,warm,query,5,1.0688,5,ok,
35591079526-1,2026-09-21T10:53:26Z,https://github.com/djouallah/onelake-iceberg/actions/runs/35591079526,44dd28a,10,tpch,linux-6.17.0-1022-azure,4,15.6,3.12.14,duckdb_iceberg,2.0.0.dev2609121639,ok,warm,query,6,0.4674,1,ok,
35591079526-1,2026-09-21T10:53:26Z,https://github.com/djouallah/onelake-iceberg/actions/runs/35591079526,44dd28a,10,tpch,linux-6.17.0-1022-azure,4,15.6,3.12.14,duckdb_iceberg,2.0.0.dev2609121639,ok,warm,query,7,0.9038,9,ok,
35591079526-1,2026-09-21T10:53:26Z,https://github.com/djouallah/onelake-iceberg/actions/runs/35591079526,44dd28a,10,tpch,linux-6.17.0-1022-azure,4,15.6,3.12.14,duckdb_iceberg,2.0.0.dev2609121639,ok,warm,query,8,1.1304,2,ok,
35591079526-1,2026-09-21T10:53:26Z,https://github.com/djouallah/onelake-iceberg/actions/runs/35591079526,44dd28a,10,tpch,linux-6.17.0-1022-azure,4,15.6,3.12.14,duckdb_iceberg,2.0.0.dev2609121639,ok,warm,query,9,2.1382,175,ok,
35591079526-1,2026-09-21T10:53:26Z,https://github.com/djouallah/onelake-iceberg/actions/runs/35591079526,44dd28a,10,tpch,linux-6.17.0-1022-azure,4,15.6,3.12.14,duckdb_iceberg,2.0.0.dev2609121639,ok,warm,query,10,1.2333,20,ok,
35591079526-1,2026-09-21T10:53:26Z,https://github.com/djouallah/onelake-iceberg/actions/runs/35591079526,44dd28a,10,tpch,linux-6.17.0-1022-azure,4,15.6,3.12.14,duckdb_iceberg,2.0.0.dev2609121639,ok,warm,query,11,0.1549,8685,ok,
35591079526-1,2026-09-21T10:53:26Z,https://github.com/djouallah/onelake-iceberg/actions/runs/35591079526,44dd28a,10,tpch,linux-6.17.0-1022-azure,4,15.6,3.12.14,duckdb_iceberg,2.0.0.dev2609121639,ok,warm,query,12,0.5402,2,ok,
35591079526-1,2026-09-21T10:53:26Z,https://github.com/djouallah/onelake-iceberg/actions/runs/35591079526,44dd28a,10,tpch,linux-6.17.0-1022-azure,4,15.6,3.12.14,duckdb_iceberg,2.0.0.dev2609121639,ok,warm,query,13,1.4549,46,ok,
35591079526-1,2026-09-21T10:53:26Z,https://github.com/djouallah/onelake-iceberg/actions/runs/35591079526,44dd28a,10,tpch,linux-6.17.0-1022-azure,4,15.6,3.12.14,duckdb_iceberg,2.0.0.dev2609121639,ok,warm,query,14,0.7722,1,ok,
35591079526-1,2026-09-21T10:53:26Z,https://github.com/djouallah/onelake-iceberg/actions/runs/35591079526,44dd28a,10,tpch,linux-6.17.0-1022-azure,4,15.6,3.12.14,duckdb_iceberg,2.0.0.dev2609121639,ok,warm,query,15,0.5784,1,ok,
35591079526-1,2026-09-21T10:53:26Z,https://github.com/djouallah/onelake-iceberg/actions/runs/35591079526,44dd28a,10,tpch,linux-6.17.0-1022-azure,4,15.6,3.12.14,duckdb_iceberg,2.0.0.dev2609121639,ok,warm,query,16,0.2529,27840,ok,
35591079526-1,2026-09-21T10:53:26Z,https://github.com/djouallah/onelake-iceberg/actions/runs/35591079526,44dd28a,10,tpch,linux-6.17.0-1022-azure,4,15.6,3.12.14,duckdb_iceberg,2.0.0.dev2609121639,ok,warm,query,17,2.6334,1,ok,
35591079526-1,2026-09-21T10:53:26Z,https://github.com/djouallah/onelake-iceberg/actions/runs/35591079526,44dd28a,10,tpch,linux-6.17.0-1022-azure,4,15.6,3.12.14,duckdb_iceberg,2.0.0.dev2609121639,ok,warm,query,18,1.0502,100,ok,
35591079526-1,2026-09-21T10:53:26Z,https://github.com/djouallah/onelake-iceberg/actions/runs/35591079526,44dd28a,10,tpch,linux-6.17.0-1022-azure,4,15.6,3.12.14,duckdb_iceberg,2.0.0.dev2609121639,ok,warm,query,19,0.8275,1,ok,
35591079526-1,2026-09-21T10:53:26Z,https://github.com/djouallah/onelake-iceberg/actions/runs/35591079526,44dd28a,10,tpch,linux-6.17.0-1022-azure,4,15.6,3.12.14,duckdb_iceberg,2.0.0.dev2609121639,ok,warm,query,20,1.0648,1804,ok,
35591079526-1,2026-09-21T10:53:26Z,https://github.com/djouallah/onelake-iceberg/actions/runs/35591079526,44dd28a,10,tpch,linux-6.17.0-1022-azure,4,15.6,3.12.14,duckdb_iceberg,2.0.0.dev2609121639,ok,warm,query,21,3.8896,100,ok,
35591079526-1,2026-09-21T10:53:26Z,https://github.com/djouallah/onelake-iceberg/actions/runs/35591079526,44dd28a,10,tpch,linux-6.17.0-1022-azure,4,15.6,3.12.14,duckdb_iceberg,2.0.0.dev2609121639,ok,warm,query,22,0.5507,7,ok,
35591079526-1,2026-09-21T10:53:26Z,https://github.com/djouallah/onelake-iceberg/actions/runs/35591079526,44dd28a,10,tpch,linux-6.17.0-1022-azure,4,15.6,3.12.14,lakesail_iceberg,0.7.1,ok,cold,setup,0,1.1614,,ok,
35591079526-1,2026-09-21T10:53:26Z,https://github.com/djouallah/onelake-iceberg/actions/runs/35591079526,44dd28a,10,tpch,linux-6.17.0-1022-azure,4,15.6,3.12.14,lakesail_iceberg,0.7.1,ok,cold,query,1,7.044,4,ok,
35591079526-1,2026-09-21T10:53:26Z,https://github.com/djouallah/onelake-iceberg/actions/runs/35591079526,44dd28a,10,tpch,linux-6.17.0-1022-azure,4,15.6,3.12.14,lakesail_iceberg,0.7.1,ok,cold,query,2,5.3592,10,ok,
35591079526-1,2026-09-21T10:53:26Z,https://github.com/djouallah/onelake-iceberg/actions/runs/35591079526,44dd28a,10,tpch,linux-6.17.0-1022-azure,4,15.6,3.12.14,lakesail_iceberg,0.7.1,ok,cold,query,3,5.1726,10,ok,
35591079526-1,2026-09-21T10:53:26Z,https://github.com/djouallah/onelake-iceberg/actions/runs/35591079526,44dd28a,10,tpch,linux-6.17.0-1022-azure,4,15.6,3.12.14,lakesail_iceberg,0.7.1,ok,cold,query,4,2.8559,5,ok,
35591079526-1,2026-09-21T10:53:26Z,https://github.com/djouallah/onelake-iceberg/actions/runs/35591079526,44dd28a,10,tpch,linux-6.17.0-1022-azure,4,15.6,3.12.14,lakesail_iceberg,0.7.1,ok,cold,query,5,6.0433,5,ok,
35591079526-1,2026-09-21T10:53:26Z,https://github.com/djouallah/onelake-iceberg/actions/runs/35591079526,44dd28a,10,tpch,linux-6.17.0-1022-azure,4,15.6,3.12.14,lakesail_iceberg,0.7.1,ok,cold,query,6,3.2363,1,ok,
35591079526-1,2026-09-21T10:53:26Z,https://github.com/djouallah/onelake-iceberg/actions/runs/35591079526,44dd28a,10,tpch,linux-6.17.0-1022-azure,4,15.6,3.12.14,lakesail_iceberg,0.7.1,ok,cold,query,7,6.077,9,ok,
35591079526-1,2026-09-21T10:53:26Z,https://github.com/djouallah/onelake-iceberg/actions/runs/35591079526,44dd28a,10,tpch,linux-6.17.0-1022-azure,4,15.6,3.12.14,lakesail_iceberg,0.7.1,ok,cold,query,8,8.0394,2,ok,
35591079526-1,2026-09-21T10:53:26Z,https://github.com/djouallah/onelake-iceberg/actions/runs/35591079526,44dd28a,10,tpch,linux-6.17.0-1022-azure,4,15.6,3.12.14,lakesail_iceberg,0.7.1,ok,cold,query,9,7.6363,175,ok,
35591079526-1,2026-09-21T10:53:26Z,https://github.com/djouallah/onelake-iceberg/actions/runs/35591079526,44dd28a,10,tpch,linux-6.17.0-1022-azure,4,15.6,3.12.14,lakesail_iceberg,0.7.1,ok,cold,query,10,5.8872,20,ok,
35591079526-1,2026-09-21T10:53:26Z,https://github.com/djouallah/onelake-iceberg/actions/runs/35591079526,44dd28a,10,tpch,linux-6.17.0-1022-azure,4,15.6,3.12.14,lakesail_iceberg,0.7.1,ok,cold,query,11,3.0886,8685,ok,
35591079526-1,2026-09-21T10:53:26Z,https://github.com/djouallah/onelake-iceberg/actions/runs/35591079526,44dd28a,10,tpch,linux-6.17.0-1022-azure,4,15.6,3.12.14,lakesail_iceberg,0.7.1,ok,cold,query,12,3.9018,2,ok,
35591079526-1,2026-09-21T10:53:26Z,https://github.com/djouallah/onelake-iceberg/actions/runs/35591079526,44dd28a,10,tpch,linux-6.17.0-1022-azure,4,15.6,3.12.14,lakesail_iceberg,0.7.1,ok,cold,query,13,2.731,46,ok,
35591079526-1,2026-09-21T10:53:26Z,https://github.com/djouallah/onelake-iceberg/actions/runs/35591079526,44dd28a,10,tpch,linux-6.17.0-1022-azure,4,15.6,3.12.14,lakesail_iceberg,0.7.1,ok,cold,query,14,3.9827,1,ok,
35591079526-1,2026-09-21T10:53:26Z,https://github.com/djouallah/onelake-iceberg/actions/runs/35591079526,44dd28a,10,tpch,linux-6.17.0-1022-azure,4,15.6,3.12.14,lakesail_iceberg,0.7.1,ok,cold,query,15,6.5947,1,ok,
35591079526-1,2026-09-21T10:53:26Z,https://github.com/djouallah/onelake-iceberg/actions/runs/35591079526,44dd28a,10,tpch,linux-6.17.0-1022-azure,4,15.6,3.12.14,lakesail_iceberg,0.7.1,ok,cold,query,16,1.9296,27840,ok,
35591079526-1,2026-09-21T10:53:26Z,https://github.com/djouallah/onelake-iceberg/actions/runs/35591079526,44dd28a,10,tpch,linux-6.17.0-1022-azure,4,15.6,3.12.14,lakesail_iceberg,0.7.1,ok,cold,query,17,7.3122,1,ok,
35591079526-1,2026-09-21T10:53:26Z,https://github.com/djouallah/onelake-iceberg/actions/runs/35591079526,44dd28a,10,tpch,linux-6.17.0-1022-azure,4,15.6,3.12.14,lakesail_iceberg,0.7.1,ok,cold,query,18,9.0665,100,ok,
35591079526-1,2026-09-21T10:53:26Z,https://github.com/djouallah/onelake-iceberg/actions/runs/35591079526,44dd28a,10,tpch,linux-6.17.0-1022-azure,4,15.6,3.12.14,lakesail_iceberg,0.7.1,ok,cold,query,19,4.2428,1,ok,
35591079526-1,2026-09-21T10:53:26Z,https://github.com/djouallah/onelake-iceberg/actions/runs/35591079526,44dd28a,10,tpch,linux-6.17.0-1022-azure,4,15.6,3.12.14,lakesail_iceberg,0.7.1,ok,cold,query,20,5.6049,1804,ok,
35591079526-1,2026-09-21T10:53:26Z,https://github.com/djouallah/onelake-iceberg/actions/runs/35591079526,44dd28a,10,tpch,linux-6.17.0-1022-azure,4,15.6,3.12.14,lakesail_iceberg,0.7.1,ok,cold,query,21,9.8885,100,ok,
35591079526-1,2026-09-21T10:53:26Z,https://github.com/djouallah/onelake-iceberg/actions/runs/35591079526,44dd28a,10,tpch,linux-6.17.0-1022-azure,4,15.6,3.12.14,lakesail_iceberg,0.7.1,ok,cold,query,22,2.2159,7,ok,
35591079526-1,2026-09-21T10:53:26Z,https://github.com/djouallah/onelake-iceberg/actions/runs/35591079526,44dd28a,10,tpch,linux-6.17.0-1022-azure,4,15.6,3.12.14,lakesail_iceberg,0.7.1,ok,warm,query,1,4.9702,4,ok,
35591079526-1,2026-09-21T10:53:26Z,https://github.com/djouallah/onelake-iceberg/actions/runs/35591079526,44dd28a,10,tpch,linux-6.17.0-1022-azure,4,15.6,3.12.14,lakesail_iceberg,0.7.1,ok,warm,query,2,4.9916,10,ok,
35591079526-1,2026-09-21T10:53:26Z,https://github.com/djouallah/onelake-iceberg/actions/runs/35591079526,44dd28a,10,tpch,linux-6.17.0-1022-azure,4,15.6,3.12.14,lakesail_iceberg,0.7.1,ok,warm,query,3,5.1161,10,ok,
35591079526-1,2026-09-21T10:53:26Z,https://github.com/djouallah/onelake-iceberg/actions/runs/35591079526,44dd28a,10,tpch,linux-6.17.0-1022-azure,4,15.6,3.12.14,lakesail_iceberg,0.7.1,ok,warm,query,4,2.931,5,ok,
35591079526-1,2026-09-21T10:53:26Z,https://github.com/djouallah/onelake-iceberg/actions/runs/35591079526,44dd28a,10,tpch,linux-6.17.0-1022-azure,4,15.6,3.12.14,lakesail_iceberg,0.7.1,ok,warm,query,5,6.1306,5,ok,
35591079526-1,2026-09-21T10:53:26Z,https://github.com/djouallah/onelake-iceberg/actions/runs/35591079526,44dd28a,10,tpch,linux-6.17.0-1022-azure,4,15.6,3.12.14,lakesail_iceberg,0.7.1,ok,warm,query,6,3.1217,1,ok,
35591079526-1,2026-09-21T10:53:26Z,https://github.com/djouallah/onelake-iceberg/actions/runs/35591079526,44dd28a,10,tpch,linux-6.17.0-1022-azure,4,15.6,3.12.14,lakesail_iceberg,0.7.1,ok,warm,query,7,5.9073,9,ok,
35591079526-1,2026-09-21T10:53:26Z,https://github.com/djouallah/onelake-iceberg/actions/runs/35591079526,44dd28a,10,tpch,linux-6.17.0-1022-azure,4,15.6,3.12.14,lakesail_iceberg,0.7.1,ok,warm,query,8,6.897,2,ok,
35591079526-1,2026-09-21T10:53:26Z,https://github.com/djouallah/onelake-iceberg/actions/runs/35591079526,44dd28a,10,tpch,linux-6.17.0-1022-azure,4,15.6,3.12.14,lakesail_iceberg,0.7.1,ok,warm,query,9,7.7642,175,ok,
35591079526-1,2026-09-21T10:53:26Z,https://github.com/djouallah/onelake-iceberg/actions/runs/35591079526,44dd28a,10,tpch,linux-6.17.0-1022-azure,4,15.6,3.12.14,lakesail_iceberg,0.7.1,ok,warm,query,10,5.8136,20,ok,
35591079526-1,2026-09-21T10:53:26Z,https://github.com/djouallah/onelake-iceberg/actions/runs/35591079526,44dd28a,10,tpch,linux-6.17.0-1022-azure,4,15.6,3.12.14,lakesail_iceberg,0.7.1,ok,warm,query,11,2.6946,8685,ok,
35591079526-1,2026-09-21T10:53:26Z,https://github.com/djouallah/onelake-iceberg/actions/runs/35591079526,44dd28a,10,tpch,linux-6.17.0-1022-azure,4,15.6,3.12.14,lakesail_iceberg,0.7.1,ok,warm,query,12,3.8793,2,ok,
35591079526-1,2026-09-21T10:53:26Z,https://github.com/djouallah/onelake-iceberg/actions/runs/35591079526,44dd28a,10,tpch,linux-6.17.0-1022-azure,4,15.6,3.12.14,lakesail_iceberg,0.7.1,ok,warm,query,13,2.4839,46,ok,
35591079526-1,2026-09-21T10:53:26Z,https://github.com/djouallah/onelake-iceberg/actions/runs/35591079526,44dd28a,10,tpch,linux-6.17.0-1022-azure,4,15.6,3.12.14,lakesail_iceberg,0.7.1,ok,warm,query,14,4.0679,1,ok,
35591079526-1,2026-09-21T10:53:26Z,https://github.com/djouallah/onelake-iceberg/actions/runs/35591079526,44dd28a,10,tpch,linux-6.17.0-1022-azure,4,15.6,3.12.14,lakesail_iceberg,0.7.1,ok,warm,query,15,7.0704,1,ok,
35591079526-1,2026-09-21T10:53:26Z,https://github.com/djouallah/onelake-iceberg/actions/runs/35591079526,44dd28a,10,tpch,linux-6.17.0-1022-azure,4,15.6,3.12.14,lakesail_iceberg,0.7.1,ok,warm,query,16,1.7676,27840,ok,
35591079526-1,2026-09-21T10:53:26Z,https://github.com/djouallah/onelake-iceberg/actions/runs/35591079526,44dd28a,10,tpch,linux-6.17.0-1022-azure,4,15.6,3.12.14,lakesail_iceberg,0.7.1,ok,warm,query,17,7.4048,1,ok,
35591079526-1,2026-09-21T10:53:26Z,https://github.com/djouallah/onelake-iceberg/actions/runs/35591079526,44dd28a,10,tpch,linux-6.17.0-1022-azure,4,15.6,3.12.14,lakesail_iceberg,0.7.1,ok,warm,query,18,8.2728,100,ok,
35591079526-1,2026-09-21T10:53:26Z,https://github.com/djouallah/onelake-iceberg/actions/runs/35591079526,44dd28a,10,tpch,linux-6.17.0-1022-azure,4,15.6,3.12.14,lakesail_iceberg,0.7.1,ok,warm,query,19,4.077,1,ok,
35591079526-1,2026-09-21T10:53:26Z,https://github.com/djouallah/onelake-iceberg/actions/runs/35591079526,44dd28a,10,tpch,linux-6.17.0-1022-azure,4,15.6,3.12.14,lakesail_iceberg,0.7.1,ok,warm,query,20,5.2603,1804,ok,
35591079526-1,2026-09-21T10:53:26Z,https://github.com/djouallah/onelake-iceberg/actions/runs/35591079526,44dd28a,10,tpch,linux-6.17.0-1022-azure,4,15.6,3.12.14,lakesail_iceberg,0.7.1,ok,warm,query,21,9.5835,100,ok,
35591079526-1,2026-09-21T10:53:26Z,https://github.com/djouallah/onelake-iceberg/actions/runs/35591079526,44dd28a,10,tpch,linux-6.17.0-1022-azure,4,15.6,3.12.14,lakesail_iceberg,0.7.1,ok,warm,query,22,1.8368,7,ok,
35591079526-1,2026-09-21T10:53:26Z,https://github.com/djouallah/onelake-iceberg/actions/runs/35591079526,44dd28a,10,tpch,linux-6.17.0-1022-azure,4,15.6,3.12.14,polars_iceberg,2.0.0-rc.2,ok,cold,setup,0,6.5113,,ok,
35591079526-1,2026-09-21T10:53:26Z,https://github.com/djouallah/onelake-iceberg/actions/runs/35591079526,44dd28a,10,tpch,linux-6.17.0-1022-azure,4,15.6,3.12.14,polars_iceberg,2.0.0-rc.2,ok,cold,query,1,8.8142,4,ok,
35591079526-1,2026-09-21T10:53:26Z,https://github.com/djouallah/onelake-iceberg/actions/runs/35591079526,44dd28a,10,tpch,linux-6.17.0-1022-azure,4,15.6,3.12.14,polars_iceberg,2.0.0-rc.2,ok,cold,query,2,3.7061,10,ok,
35591079526-1,2026-09-21T10:53:26Z,https://github.com/djouallah/onelake-iceberg/actions/runs/35591079526,44dd28a,10,tpch,linux-6.17.0-1022-azure,4,15.6,3.12.14,polars_iceberg,2.0.0-rc.2,ok,cold,query,3,3.7105,10,ok,
35591079526-1,2026-09-21T10:53:26Z,https://github.com/djouallah/onelake-iceberg/actions/runs/35591079526,44dd28a,10,tpch,linux-6.17.0-1022-azure,4,15.6,3.12.14,polars_iceberg,2.0.0-rc.2,ok,cold,query,4,2.7434,5,ok,
35591079526-1,2026-09-21T10:53:26Z,https://github.com/djouallah/onelake-iceberg/actions/runs/35591079526,44dd28a,10,tpch,linux-6.17.0-1022-azure,4,15.6,3.12.14,polars_iceberg,2.0.0-rc.2,ok,cold,query,5,3.7629,5,ok,
35591079526-1,2026-09-21T10:53:26Z,https://github.com/djouallah/onelake-iceberg/actions/runs/35591079526,44dd28a,10,tpch,linux-6.17.0-1022-azure,4,15.6,3.12.14,polars_iceberg,2.0.0-rc.2,ok,cold,query,6,1.8717,1,ok,
35591079526-1,2026-09-21T10:53:26Z,https://github.com/djouallah/onelake-iceberg/actions/runs/35591079526,44dd28a,10,tpch,linux-6.17.0-1022-azure,4,15.6,3.12.14,polars_iceberg,2.0.0-rc.2,ok,cold,query,7,9.9302,9,ok,
35591079526-1,2026-09-21T10:53:26Z,https://github.com/djouallah/onelake-iceberg/actions/runs/35591079526,44dd28a,10,tpch,linux-6.17.0-1022-azure,4,15.6,3.12.14,polars_iceberg,2.0.0-rc.2,ok,cold,query,8,4.1957,2,ok,
35591079526-1,2026-09-21T10:53:26Z,https://github.com/djouallah/onelake-iceberg/actions/runs/35591079526,44dd28a,10,tpch,linux-6.17.0-1022-azure,4,15.6,3.12.14,polars_iceberg,2.0.0-rc.2,ok,cold,query,9,5.7755,175,ok,
35591079526-1,2026-09-21T10:53:26Z,https://github.com/djouallah/onelake-iceberg/actions/runs/35591079526,44dd28a,10,tpch,linux-6.17.0-1022-azure,4,15.6,3.12.14,polars_iceberg,2.0.0-rc.2,ok,cold,query,10,2.5548,20,ok,
35591079526-1,2026-09-21T10:53:26Z,https://github.com/djouallah/onelake-iceberg/actions/runs/35591079526,44dd28a,10,tpch,linux-6.17.0-1022-azure,4,15.6,3.12.14,polars_iceberg,2.0.0-rc.2,ok,cold,query,11,0.5974,8685,ok,
35591079526-1,2026-09-21T10:53:26Z,https://github.com/djouallah/onelake-iceberg/actions/runs/35591079526,44dd28a,10,tpch,linux-6.17.0-1022-azure,4,15.6,3.12.14,polars_iceberg,2.0.0-rc.2,ok,cold,query,12,1.2642,2,ok,
35591079526-1,2026-09-21T10:53:26Z,https://github.com/djouallah/onelake-iceberg/actions/runs/35591079526,44dd28a,10,tpch,linux-6.17.0-1022-azure,4,15.6,3.12.14,polars_iceberg,2.0.0-rc.2,ok,cold,query,13,2.9056,46,ok,
35591079526-1,2026-09-21T10:53:26Z,https://github.com/djouallah/onelake-iceberg/actions/runs/35591079526,44dd28a,10,tpch,linux-6.17.0-1022-azure,4,15.6,3.12.14,polars_iceberg,2.0.0-rc.2,ok,cold,query,14,1.6743,1,ok,
35591079526-1,2026-09-21T10:53:26Z,https://github.com/djouallah/onelake-iceberg/actions/runs/35591079526,44dd28a,10,tpch,linux-6.17.0-1022-azure,4,15.6,3.12.14,polars_iceberg,2.0.0-rc.2,ok,cold,query,15,1.601,1,ok,
35591079526-1,2026-09-21T10:53:26Z,https://github.com/djouallah/onelake-iceberg/actions/runs/35591079526,44dd28a,10,tpch,linux-6.17.0-1022-azure,4,15.6,3.12.14,polars_iceberg,2.0.0-rc.2,ok,cold,query,16,0.6505,27840,ok,
35591079526-1,2026-09-21T10:53:26Z,https://github.com/djouallah/onelake-iceberg/actions/runs/35591079526,44dd28a,10,tpch,linux-6.17.0-1022-azure,4,15.6,3.12.14,polars_iceberg,2.0.0-rc.2,ok,cold,query,17,5.1542,1,ok,
35591079526-1,2026-09-21T10:53:26Z,https://github.com/djouallah/onelake-iceberg/actions/runs/35591079526,44dd28a,10,tpch,linux-6.17.0-1022-azure,4,15.6,3.12.14,polars_iceberg,2.0.0-rc.2,ok,cold,query,18,8.6705,100,ok,
35591079526-1,2026-09-21T10:53:26Z,https://github.com/djouallah/onelake-iceberg/actions/runs/35591079526,44dd28a,10,tpch,linux-6.17.0-1022-azure,4,15.6,3.12.14,polars_iceberg,2.0.0-rc.2,ok,cold,query,19,2.8386,1,ok,
35591079526-1,2026-09-21T10:53:26Z,https://github.com/djouallah/onelake-iceberg/actions/runs/35591079526,44dd28a,10,tpch,linux-6.17.0-1022-azure,4,15.6,3.12.14,polars_iceberg,2.0.0-rc.2,ok,cold,query,20,4.4058,1804,ok,
35591079526-1,2026-09-21T10:53:26Z,https://github.com/djouallah/onelake-iceberg/actions/runs/35591079526,44dd28a,10,tpch,linux-6.17.0-1022-azure,4,15.6,3.12.14,polars_iceberg,2.0.0-rc.2,ok,cold,query,21,8.8024,100,ok,
35591079526-1,2026-09-21T10:53:26Z,https://github.com/djouallah/onelake-iceberg/actions/runs/35591079526,44dd28a,10,tpch,linux-6.17.0-1022-azure,4,15.6,3.12.14,polars_iceberg,2.0.0-rc.2,ok,cold,query,22,2.1787,7,ok,
35591079526-1,2026-09-21T10:53:26Z,https://github.com/djouallah/onelake-iceberg/actions/runs/35591079526,44dd28a,10,tpch,linux-6.17.0-1022-azure,4,15.6,3.12.14,polars_iceberg,2.0.0-rc.2,ok,warm,query,1,8.2562,4,ok,
35591079526-1,2026-09-21T10:53:26Z,https://github.com/djouallah/onelake-iceberg/actions/runs/35591079526,44dd28a,10,tpch,linux-6.17.0-1022-azure,4,15.6,3.12.14,polars_iceberg,2.0.0-rc.2,ok,warm,query,2,3.6532,10,ok,
35591079526-1,2026-09-21T10:53:26Z,https://github.com/djouallah/onelake-iceberg/actions/runs/35591079526,44dd28a,10,tpch,linux-6.17.0-1022-azure,4,15.6,3.12.14,polars_iceberg,2.0.0-rc.2,ok,warm,query,3,2.7067,10,ok,
35591079526-1,2026-09-21T10:53:26Z,https://github.com/djouallah/onelake-iceberg/actions/runs/35591079526,44dd28a,10,tpch,linux-6.17.0-1022-azure,4,15.6,3.12.14,polars_iceberg,2.0.0-rc.2,ok,warm,query,4,1.6906,5,ok,
35591079526-1,2026-09-21T10:53:26Z,https://github.com/djouallah/onelake-iceberg/actions/runs/35591079526,44dd28a,10,tpch,linux-6.17.0-1022-azure,4,15.6,3.12.14,polars_iceberg,2.0.0-rc.2,ok,warm,query,5,4.0194,5,ok,
35591079526-1,2026-09-21T10:53:26Z,https://github.com/djouallah/onelake-iceberg/actions/runs/35591079526,44dd28a,10,tpch,linux-6.17.0-1022-azure,4,15.6,3.12.14,polars_iceberg,2.0.0-rc.2,ok,warm,query,6,1.8725,1,ok,
35591079526-1,2026-09-21T10:53:26Z,https://github.com/djouallah/onelake-iceberg/actions/runs/35591079526,44dd28a,10,tpch,linux-6.17.0-1022-azure,4,15.6,3.12.14,polars_iceberg,2.0.0-rc.2,ok,warm,query,7,10.1218,9,ok,
35591079526-1,2026-09-21T10:53:26Z,https://github.com/djouallah/onelake-iceberg/actions/runs/35591079526,44dd28a,10,tpch,linux-6.17.0-1022-azure,4,15.6,3.12.14,polars_iceberg,2.0.0-rc.2,ok,warm,query,8,4.9547,2,ok,
35591079526-1,2026-09-21T10:53:26Z,https://github.com/djouallah/onelake-iceberg/actions/runs/35591079526,44dd28a,10,tpch,linux-6.17.0-1022-azure,4,15.6,3.12.14,polars_iceberg,2.0.0-rc.2,ok,warm,query,9,6.2693,175,ok,
35591079526-1,2026-09-21T10:53:26Z,https://github.com/djouallah/onelake-iceberg/actions/runs/35591079526,44dd28a,10,tpch,linux-6.17.0-1022-azure,4,15.6,3.12.14,polars_iceberg,2.0.0-rc.2,ok,warm,query,10,3.4331,20,ok,
35591079526-1,2026-09-21T10:53:26Z,https://github.com/djouallah/onelake-iceberg/actions/runs/35591079526,44dd28a,10,tpch,linux-6.17.0-1022-azure,4,15.6,3.12.14,polars_iceberg,2.0.0-rc.2,ok,warm,query,11,0.9232,8685,ok,
35591079526-1,2026-09-21T10:53:26Z,https://github.com/djouallah/onelake-iceberg/actions/runs/35591079526,44dd28a,10,tpch,linux-6.17.0-1022-azure,4,15.6,3.12.14,polars_iceberg,2.0.0-rc.2,ok,warm,query,12,1.64,2,ok,
35591079526-1,2026-09-21T10:53:26Z,https://github.com/djouallah/onelake-iceberg/actions/runs/35591079526,44dd28a,10,tpch,linux-6.17.0-1022-azure,4,15.6,3.12.14,polars_iceberg,2.0.0-rc.2,ok,warm,query,13,3.3328,46,ok,
35591079526-1,2026-09-21T10:53:26Z,https://github.com/djouallah/onelake-iceberg/actions/runs/35591079526,44dd28a,10,tpch,linux-6.17.0-1022-azure,4,15.6,3.12.14,polars_iceberg,2.0.0-rc.2,ok,warm,query,14,2.3076,1,ok,
35591079526-1,2026-09-21T10:53:26Z,https://github.com/djouallah/onelake-iceberg/actions/runs/35591079526,44dd28a,10,tpch,linux-6.17.0-1022-azure,4,15.6,3.12.14,polars_iceberg,2.0.0-rc.2,ok,warm,query,15,2.276,1,ok,
35591079526-1,2026-09-21T10:53:26Z,https://github.com/djouallah/onelake-iceberg/actions/runs/35591079526,44dd28a,10,tpch,linux-6.17.0-1022-azure,4,15.6,3.12.14,polars_iceberg,2.0.0-rc.2,ok,warm,query,16,1.0553,27840,ok,
35591079526-1,2026-09-21T10:53:26Z,https://github.com/djouallah/onelake-iceberg/actions/runs/35591079526,44dd28a,10,tpch,linux-6.17.0-1022-azure,4,15.6,3.12.14,polars_iceberg,2.0.0-rc.2,ok,warm,query,17,5.3168,1,ok,
35591079526-1,2026-09-21T10:53:26Z,https://github.com/djouallah/onelake-iceberg/actions/runs/35591079526,44dd28a,10,tpch,linux-6.17.0-1022-azure,4,15.6,3.12.14,polars_iceberg,2.0.0-rc.2,ok,warm,query,18,7.4771,100,ok,
35591079526-1,2026-09-21T10:53:26Z,https://github.com/djouallah/onelake-iceberg/actions/runs/35591079526,44dd28a,10,tpch,linux-6.17.0-1022-azure,4,15.6,3.12.14,polars_iceberg,2.0.0-rc.2,ok,warm,query,19,2.7011,1,ok,
35591079526-1,2026-09-21T10:53:26Z,https://github.com/djouallah/onelake-iceberg/actions/runs/35591079526,44dd28a,10,tpch,linux-6.17.0-1022-azure,4,15.6,3.12.14,polars_iceberg,2.0.0-rc.2,ok,warm,query,20,4.1416,1804,ok,
35591079526-1,2026-09-21T10:53:26Z,https://github.com/djouallah/onelake-iceberg/actions/runs/35591079526,44dd28a,10,tpch,linux-6.17.0-1022-azure,4,15.6,3.12.14,polars_iceberg,2.0.0-rc.2,ok,warm,query,21,8.5955,100,ok,
35591079526-1,2026-09-21T10:53:26Z,https://github.com/djouallah/onelake-iceberg/actions/runs/35591079526,44dd28a,10,tpch,linux-6.17.0-1022-azure,4,15.6,3.12.14,polars_iceberg,2.0.0-rc.2,ok,warm,query,22,2.6616,7,ok,
35591079526-1,2026-09-21T10:53:26Z,https://github.com/djouallah/onelake-iceberg/actions/runs/35591079526,44dd28a,10,tpch,linux-6.17.0-1022-azure,4,15.6,3.12.14,pyspark_iceberg,4.1.3 + iceberg Apache Iceberg 1.11.0 (commit 6976e020b894f6a6777704df2b8c4458cb291ae9),ok,cold,setup,0,19.1976,,ok,
35591079526-1,2026-09-21T10:53:26Z,https://github.com/djouallah/onelake-iceberg/actions/runs/35591079526,44dd28a,10,tpch,linux-6.17.0-1022-azure,4,15.6,3.12.14,pyspark_iceberg,4.1.3 + iceberg Apache Iceberg 1.11.0 (commit 6976e020b894f6a6777704df2b8c4458cb291ae9),ok,cold,query,1,51.9209,4,ok,
35591079526-1,2026-09-21T10:53:26Z,https://github.com/djouallah/onelake-iceberg/actions/runs/35591079526,44dd28a,10,tpch,linux-6.17.0-1022-azure,4,15.6,3.12.14,pyspark_iceberg,4.1.3 + iceberg Apache Iceberg 1.11.0 (commit 6976e020b894f6a6777704df2b8c4458cb291ae9),ok,cold,query,2,14.1372,10,ok,
35591079526-1,2026-09-21T10:53:26Z,https://github.com/djouallah/onelake-iceberg/actions/runs/35591079526,44dd28a,10,tpch,linux-6.17.0-1022-azure,4,15.6,3.12.14,pyspark_iceberg,4.1.3 + iceberg Apache Iceberg 1.11.0 (commit 6976e020b894f6a6777704df2b8c4458cb291ae9),ok,cold,query,3,23.1471,10,ok,
35591079526-1,2026-09-21T10:53:26Z,https://github.com/djouallah/onelake-iceberg/actions/runs/35591079526,44dd28a,10,tpch,linux-6.17.0-1022-azure,4,15.6,3.12.14,pyspark_iceberg,4.1.3 + iceberg Apache Iceberg 1.11.0 (commit 6976e020b894f6a6777704df2b8c4458cb291ae9),ok,cold,query,4,16.105,5,ok,
35591079526-1,2026-09-21T10:53:26Z,https://github.com/djouallah/onelake-iceberg/actions/runs/35591079526,44dd28a,10,tpch,linux-6.17.0-1022-azure,4,15.6,3.12.14,pyspark_iceberg,4.1.3 + iceberg Apache Iceberg 1.11.0 (commit 6976e020b894f6a6777704df2b8c4458cb291ae9),ok,cold,query,5,32.8645,5,ok,
35591079526-1,2026-09-21T10:53:26Z,https://github.com/djouallah/onelake-iceberg/actions/runs/35591079526,44dd28a,10,tpch,linux-6.17.0-1022-azure,4,15.6,3.12.14,pyspark_iceberg,4.1.3 + iceberg Apache Iceberg 1.11.0 (commit 6976e020b894f6a6777704df2b8c4458cb291ae9),ok,cold,query,6,14.9467,1,ok,
35591079526-1,2026-09-21T10:53:26Z,https://github.com/djouallah/onelake-iceberg/actions/runs/35591079526,44dd28a,10,tpch,linux-6.17.0-1022-azure,4,15.6,3.12.14,pyspark_iceberg,4.1.3 + iceberg Apache Iceberg 1.11.0 (commit 6976e020b894f6a6777704df2b8c4458cb291ae9),ok,cold,query,7,46.7514,9,ok,
35591079526-1,2026-09-21T10:53:26Z,https://github.com/djouallah/onelake-iceberg/actions/runs/35591079526,44dd28a,10,tpch,linux-6.17.0-1022-azure,4,15.6,3.12.14,pyspark_iceberg,4.1.3 + iceberg Apache Iceberg 1.11.0 (commit 6976e020b894f6a6777704df2b8c4458cb291ae9),ok,cold,query,8,28.8011,2,ok,
35591079526-1,2026-09-21T10:53:26Z,https://github.com/djouallah/onelake-iceberg/actions/runs/35591079526,44dd28a,10,tpch,linux-6.17.0-1022-azure,4,15.6,3.12.14,pyspark_iceberg,4.1.3 + iceberg Apache Iceberg 1.11.0 (commit 6976e020b894f6a6777704df2b8c4458cb291ae9),ok,cold,query,9,37.2393,175,ok,
35591079526-1,2026-09-21T10:53:26Z,https://github.com/djouallah/onelake-iceberg/actions/runs/35591079526,44dd28a,10,tpch,linux-6.17.0-1022-azure,4,15.6,3.12.14,pyspark_iceberg,4.1.3 + iceberg Apache Iceberg 1.11.0 (commit 6976e020b894f6a6777704df2b8c4458cb291ae9),ok,cold,query,10,20.9868,20,ok,
35591079526-1,2026-09-21T10:53:26Z,https://github.com/djouallah/onelake-iceberg/actions/runs/35591079526,44dd28a,10,tpch,linux-6.17.0-1022-azure,4,15.6,3.12.14,pyspark_iceberg,4.1.3 + iceberg Apache Iceberg 1.11.0 (commit 6976e020b894f6a6777704df2b8c4458cb291ae9),ok,cold,query,11,4.096,8685,ok,
35591079526-1,2026-09-21T10:53:26Z,https://github.com/djouallah/onelake-iceberg/actions/runs/35591079526,44dd28a,10,tpch,linux-6.17.0-1022-azure,4,15.6,3.12.14,pyspark_iceberg,4.1.3 + iceberg Apache Iceberg 1.11.0 (commit 6976e020b894f6a6777704df2b8c4458cb291ae9),ok,cold,query,12,17.2371,2,ok,
35591079526-1,2026-09-21T10:53:26Z,https://github.com/djouallah/onelake-iceberg/actions/runs/35591079526,44dd28a,10,tpch,linux-6.17.0-1022-azure,4,15.6,3.12.14,pyspark_iceberg,4.1.3 + iceberg Apache Iceberg 1.11.0 (commit 6976e020b894f6a6777704df2b8c4458cb291ae9),ok,cold,query,13,12.3481,46,ok,
35591079526-1,2026-09-21T10:53:26Z,https://github.com/djouallah/onelake-iceberg/actions/runs/35591079526,44dd28a,10,tpch,linux-6.17.0-1022-azure,4,15.6,3.12.14,pyspark_iceberg,4.1.3 + iceberg Apache Iceberg 1.11.0 (commit 6976e020b894f6a6777704df2b8c4458cb291ae9),ok,cold,query,14,14.7122,1,ok,
35591079526-1,2026-09-21T10:53:26Z,https://github.com/djouallah/onelake-iceberg/actions/runs/35591079526,44dd28a,10,tpch,linux-6.17.0-1022-azure,4,15.6,3.12.14,pyspark_iceberg,4.1.3 + iceberg Apache Iceberg 1.11.0 (commit 6976e020b894f6a6777704df2b8c4458cb291ae9),ok,cold,query,15,26.9034,1,ok,
35591079526-1,2026-09-21T10:53:26Z,https://github.com/djouallah/onelake-iceberg/actions/runs/35591079526,44dd28a,10,tpch,linux-6.17.0-1022-azure,4,15.6,3.12.14,pyspark_iceberg,4.1.3 + iceberg Apache Iceberg 1.11.0 (commit 6976e020b894f6a6777704df2b8c4458cb291ae9),ok,cold,query,16,5.6933,27840,ok,
35591079526-1,2026-09-21T10:53:26Z,https://github.com/djouallah/onelake-iceberg/actions/runs/35591079526,44dd28a,10,tpch,linux-6.17.0-1022-azure,4,15.6,3.12.14,pyspark_iceberg,4.1.3 + iceberg Apache Iceberg 1.11.0 (commit 6976e020b894f6a6777704df2b8c4458cb291ae9),ok,cold,query,17,46.9489,1,ok,
35591079526-1,2026-09-21T10:53:26Z,https://github.com/djouallah/onelake-iceberg/actions/runs/35591079526,44dd28a,10,tpch,linux-6.17.0-1022-azure,4,15.6,3.12.14,pyspark_iceberg,4.1.3 + iceberg Apache Iceberg 1.11.0 (commit 6976e020b894f6a6777704df2b8c4458cb291ae9),ok,cold,query,18,40.2969,100,ok,
35591079526-1,2026-09-21T10:53:26Z,https://github.com/djouallah/onelake-iceberg/actions/runs/35591079526,44dd28a,10,tpch,linux-6.17.0-1022-azure,4,15.6,3.12.14,pyspark_iceberg,4.1.3 + iceberg Apache Iceberg 1.11.0 (commit 6976e020b894f6a6777704df2b8c4458cb291ae9),ok,cold,query,19,17.6341,1,ok,
35591079526-1,2026-09-21T10:53:26Z,https://github.com/djouallah/onelake-iceberg/actions/runs/35591079526,44dd28a,10,tpch,linux-6.17.0-1022-azure,4,15.6,3.12.14,pyspark_iceberg,4.1.3 + iceberg Apache Iceberg 1.11.0 (commit 6976e020b894f6a6777704df2b8c4458cb291ae9),ok,cold,query,20,15.777,1804,ok,
35591079526-1,2026-09-21T10:53:26Z,https://github.com/djouallah/onelake-iceberg/actions/runs/35591079526,44dd28a,10,tpch,linux-6.17.0-1022-azure,4,15.6,3.12.14,pyspark_iceberg,4.1.3 + iceberg Apache Iceberg 1.11.0 (commit 6976e020b894f6a6777704df2b8c4458cb291ae9),ok,cold,query,21,55.2313,100,ok,
35591079526-1,2026-09-21T10:53:26Z,https://github.com/djouallah/onelake-iceberg/actions/runs/35591079526,44dd28a,10,tpch,linux-6.17.0-1022-azure,4,15.6,3.12.14,pyspark_iceberg,4.1.3 + iceberg Apache Iceberg 1.11.0 (commit 6976e020b894f6a6777704df2b8c4458cb291ae9),ok,cold,query,22,6.9667,7,ok,
35591079526-1,2026-09-21T10:53:26Z,https://github.com/djouallah/onelake-iceberg/actions/runs/35591079526,44dd28a,10,tpch,linux-6.17.0-1022-azure,4,15.6,3.12.14,pyspark_iceberg,4.1.3 + iceberg Apache Iceberg 1.11.0 (commit 6976e020b894f6a6777704df2b8c4458cb291ae9),ok,warm,query,1,38.9036,4,ok,
35591079526-1,2026-09-21T10:53:26Z,https://github.com/djouallah/onelake-iceberg/actions/runs/35591079526,44dd28a,10,tpch,linux-6.17.0-1022-azure,4,15.6,3.12.14,pyspark_iceberg,4.1.3 + iceberg Apache Iceberg 1.11.0 (commit 6976e020b894f6a6777704df2b8c4458cb291ae9),ok,warm,query,2,8.1844,10,ok,
35591079526-1,2026-09-21T10:53:26Z,https://github.com/djouallah/onelake-iceberg/actions/runs/35591079526,44dd28a,10,tpch,linux-6.17.0-1022-azure,4,15.6,3.12.14,pyspark_iceberg,4.1.3 + iceberg Apache Iceberg 1.11.0 (commit 6976e020b894f6a6777704df2b8c4458cb291ae9),ok,warm,query,3,21.6267,10,ok,
35591079526-1,2026-09-21T10:53:26Z,https://github.com/djouallah/onelake-iceberg/actions/runs/35591079526,44dd28a,10,tpch,linux-6.17.0-1022-azure,4,15.6,3.12.14,pyspark_iceberg,4.1.3 + iceberg Apache Iceberg 1.11.0 (commit 6976e020b894f6a6777704df2b8c4458cb291ae9),ok,warm,query,4,16.3972,5,ok,
35591079526-1,2026-09-21T10:53:26Z,https://github.com/djouallah/onelake-iceberg/actions/runs/35591079526,44dd28a,10,tpch,linux-6.17.0-1022-azure,4,15.6,3.12.14,pyspark_iceberg,4.1.3 + iceberg Apache Iceberg 1.11.0 (commit 6976e020b894f6a6777704df2b8c4458cb291ae9),ok,warm,query,5,30.621,5,ok,
35591079526-1,2026-09-21T10:53:26Z,https://github.com/djouallah/onelake-iceberg/actions/runs/35591079526,44dd28a,10,tpch,linux-6.17.0-1022-azure,4,15.6,3.12.14,pyspark_iceberg,4.1.3 + iceberg Apache Iceberg 1.11.0 (commit 6976e020b894f6a6777704df2b8c4458cb291ae9),ok,warm,query,6,13.8075,1,ok,
35591079526-1,2026-09-21T10:53:26Z,https://github.com/djouallah/onelake-iceberg/actions/runs/35591079526,44dd28a,10,tpch,linux-6.17.0-1022-azure,4,15.6,3.12.14,pyspark_iceberg,4.1.3 + iceberg Apache Iceberg 1.11.0 (commit 6976e020b894f6a6777704df2b8c4458cb291ae9),ok,warm,query,7,46.2358,9,ok,
35591079526-1,2026-09-21T10:53:26Z,https://github.com/djouallah/onelake-iceberg/actions/runs/35591079526,44dd28a,10,tpch,linux-6.17.0-1022-azure,4,15.6,3.12.14,pyspark_iceberg,4.1.3 + iceberg Apache Iceberg 1.11.0 (commit 6976e020b894f6a6777704df2b8c4458cb291ae9),ok,warm,query,8,28.3916,2,ok,
35591079526-1,2026-09-21T10:53:26Z,https://github.com/djouallah/onelake-iceberg/actions/runs/35591079526,44dd28a,10,tpch,linux-6.17.0-1022-azure,4,15.6,3.12.14,pyspark_iceberg,4.1.3 + iceberg Apache Iceberg 1.11.0 (commit 6976e020b894f6a6777704df2b8c4458cb291ae9),ok,warm,query,9,35.3399,175,ok,
35591079526-1,2026-09-21T10:53:26Z,https://github.com/djouallah/onelake-iceberg/actions/runs/35591079526,44dd28a,10,tpch,linux-6.17.0-1022-azure,4,15.6,3.12.14,pyspark_iceberg,4.1.3 + iceberg Apache Iceberg 1.11.0 (commit 6976e020b894f6a6777704df2b8c4458cb291ae9),ok,warm,query,10,20.1337,20,ok,
35591079526-1,2026-09-21T10:53:26Z,https://github.com/djouallah/onelake-iceberg/actions/runs/35591079526,44dd28a,10,tpch,linux-6.17.0-1022-azure,4,15.6,3.12.14,pyspark_iceberg,4.1.3 + iceberg Apache Iceberg 1.11.0 (commit 6976e020b894f6a6777704df2b8c4458cb291ae9),ok,warm,query,11,4.2689,8685,ok,
35591079526-1,2026-09-21T10:53:26Z,https://github.com/djouallah/onelake-iceberg/actions/runs/35591079526,44dd28a,10,tpch,linux-6.17.0-1022-azure,4,15.6,3.12.14,pyspark_iceberg,4.1.3 + iceberg Apache Iceberg 1.11.0 (commit 6976e020b894f6a6777704df2b8c4458cb291ae9),ok,warm,query,12,17.8429,2,ok,
35591079526-1,2026-09-21T10:53:26Z,https://github.com/djouallah/onelake-iceberg/actions/runs/35591079526,44dd28a,10,tpch,linux-6.17.0-1022-azure,4,15.6,3.12.14,pyspark_iceberg,4.1.3 + iceberg Apache Iceberg 1.11.0 (commit 6976e020b894f6a6777704df2b8c4458cb291ae9),ok,warm,query,13,13.374,46,ok,
35591079526-1,2026-09-21T10:53:26Z,https://github.com/djouallah/onelake-iceberg/actions/runs/35591079526,44dd28a,10,tpch,linux-6.17.0-1022-azure,4,15.6,3.12.14,pyspark_iceberg,4.1.3 + iceberg Apache Iceberg 1.11.0 (commit 6976e020b894f6a6777704df2b8c4458cb291ae9),ok,warm,query,14,13.6915,1,ok,
35591079526-1,2026-09-21T10:53:26Z,https://github.com/djouallah/onelake-iceberg/actions/runs/35591079526,44dd28a,10,tpch,linux-6.17.0-1022-azure,4,15.6,3.12.14,pyspark_iceberg,4.1.3 + iceberg Apache Iceberg 1.11.0 (commit 6976e020b894f6a6777704df2b8c4458cb291ae9),ok,warm,query,15,26.2256,1,ok,
35591079526-1,2026-09-21T10:53:26Z,https://github.com/djouallah/onelake-iceberg/actions/runs/35591079526,44dd28a,10,tpch,linux-6.17.0-1022-azure,4,15.6,3.12.14,pyspark_iceberg,4.1.3 + iceberg Apache Iceberg 1.11.0 (commit 6976e020b894f6a6777704df2b8c4458cb291ae9),ok,warm,query,16,5.0375,27840,ok,
35591079526-1,2026-09-21T10:53:26Z,https://github.com/djouallah/onelake-iceberg/actions/runs/35591079526,44dd28a,10,tpch,linux-6.17.0-1022-azure,4,15.6,3.12.14,pyspark_iceberg,4.1.3 + iceberg Apache Iceberg 1.11.0 (commit 6976e020b894f6a6777704df2b8c4458cb291ae9),ok,warm,query,17,45.8735,1,ok,
35591079526-1,2026-09-21T10:53:26Z,https://github.com/djouallah/onelake-iceberg/actions/runs/35591079526,44dd28a,10,tpch,linux-6.17.0-1022-azure,4,15.6,3.12.14,pyspark_iceberg,4.1.3 + iceberg Apache Iceberg 1.11.0 (commit 6976e020b894f6a6777704df2b8c4458cb291ae9),ok,warm,query,18,39.2097,100,ok,
35591079526-1,2026-09-21T10:53:26Z,https://github.com/djouallah/onelake-iceberg/actions/runs/35591079526,44dd28a,10,tpch,linux-6.17.0-1022-azure,4,15.6,3.12.14,pyspark_iceberg,4.1.3 + iceberg Apache Iceberg 1.11.0 (commit 6976e020b894f6a6777704df2b8c4458cb291ae9),ok,warm,query,19,17.6809,1,ok,
35591079526-1,2026-09-21T10:53:26Z,https://github.com/djouallah/onelake-iceberg/actions/runs/35591079526,44dd28a,10,tpch,linux-6.17.0-1022-azure,4,15.6,3.12.14,pyspark_iceberg,4.1.3 + iceberg Apache Iceberg 1.11.0 (commit 6976e020b894f6a6777704df2b8c4458cb291ae9),ok,warm,query,20,15.5496,1804,ok,
35591079526-1,2026-09-21T10:53:26Z,https://github.com/djouallah/onelake-iceberg/actions/runs/35591079526,44dd28a,10,tpch,linux-6.17.0-1022-azure,4,15.6,3.12.14,pyspark_iceberg,4.1.3 + iceberg Apache Iceberg 1.11.0 (commit 6976e020b894f6a6777704df2b8c4458cb291ae9),ok,warm,query,21,53.5015,100,ok,
35591079526-1,2026-09-21T10:53:26Z,https://github.com/djouallah/onelake-iceberg/actions/runs/35591079526,44dd28a,10,tpch,linux-6.17.0-1022-azure,4,15.6,3.12.14,pyspark_iceberg,4.1.3 + iceberg Apache Iceberg 1.11.0 (commit 6976e020b894f6a6777704df2b8c4458cb291ae9),ok,warm,query,22,6.8461,7,ok,
35673269660-1,2026-09-22T00:46:24Z,https://github.com/djouallah/lakehouse_benchmark/actions/runs/35673269660,c2871af,10,tpch,linux-6.17.0-1022-azure,4,15.6,3.12.14,chdb_iceberg,4.4.0,ok,cold,setup,0,2.4791,,ok,
35673269660-1,2026-09-22T00:46:24Z,https://github.com/djouallah/lakehouse_benchmark/actions/runs/35673269660,c2871af,10,tpch,linux-6.17.0-1022-azure,4,15.6,3.12.14,chdb_iceberg,4.4.0,ok,cold,query,1,11.3395,4,ok,
35673269660-1,2026-09-22T00:46:24Z,https://github.com/djouallah/lakehouse_benchmark/actions/runs/35673269660,c2871af,10,tpch,linux-6.17.0-1022-azure,4,15.6,3.12.14,chdb_iceberg,4.4.0,ok,cold,query,2,11.6488,10,ok,
35673269660-1,2026-09-22T00:46:24Z,https://github.com/djouallah/lakehouse_benchmark/actions/runs/35673269660,c2871af,10,tpch,linux-6.17.0-1022-azure,4,15.6,3.12.14,chdb_iceberg,4.4.0,ok,cold,query,3,9.1343,10,ok,
35673269660-1,2026-09-22T00:46:24Z,https://github.com/djouallah/lakehouse_benchmark/actions/runs/35673269660,c2871af,10,tpch,linux-6.17.0-1022-azure,4,15.6,3.12.14,chdb_iceberg,4.4.0,ok,cold,query,4,4.4488,5,ok,
35673269660-1,2026-09-22T00:46:24Z,https://github.com/djouallah/lakehouse_benchmark/actions/runs/35673269660,c2871af,10,tpch,linux-6.17.0-1022-azure,4,15.6,3.12.14,chdb_iceberg,4.4.0,ok,cold,query,5,6.5132,5,ok,
35673269660-1,2026-09-22T00:46:24Z,https://github.com/djouallah/lakehouse_benchmark/actions/runs/35673269660,c2871af,10,tpch,linux-6.17.0-1022-azure,4,15.6,3.12.14,chdb_iceberg,4.4.0,ok,cold,query,6,1.529,1,ok,
35673269660-1,2026-09-22T00:46:24Z,https://github.com/djouallah/lakehouse_benchmark/actions/runs/35673269660,c2871af,10,tpch,linux-6.17.0-1022-azure,4,15.6,3.12.14,chdb_iceberg,4.4.0,ok,cold,query,7,17.6515,9,ok,
35673269660-1,2026-09-22T00:46:24Z,https://github.com/djouallah/lakehouse_benchmark/actions/runs/35673269660,c2871af,10,tpch,linux-6.17.0-1022-azure,4,15.6,3.12.14,chdb_iceberg,4.4.0,ok,cold,query,8,8.0502,2,ok,
35673269660-1,2026-09-22T00:46:24Z,https://github.com/djouallah/lakehouse_benchmark/actions/runs/35673269660,c2871af,10,tpch,linux-6.17.0-1022-azure,4,15.6,3.12.14,chdb_iceberg,4.4.0,ok,cold,query,9,7.1795,175,ok,
35673269660-1,2026-09-22T00:46:24Z,https://github.com/djouallah/lakehouse_benchmark/actions/runs/35673269660,c2871af,10,tpch,linux-6.17.0-1022-azure,4,15.6,3.12.14,chdb_iceberg,4.4.0,ok,cold,query,10,4.6989,20,ok,
35673269660-1,2026-09-22T00:46:24Z,https://github.com/djouallah/lakehouse_benchmark/actions/runs/35673269660,c2871af,10,tpch,linux-6.17.0-1022-azure,4,15.6,3.12.14,chdb_iceberg,4.4.0,ok,cold,query,11,3.8117,8685,ok,
35673269660-1,2026-09-22T00:46:24Z,https://github.com/djouallah/lakehouse_benchmark/actions/runs/35673269660,c2871af,10,tpch,linux-6.17.0-1022-azure,4,15.6,3.12.14,chdb_iceberg,4.4.0,ok,cold,query,12,2.5808,2,ok,
35673269660-1,2026-09-22T00:46:24Z,https://github.com/djouallah/lakehouse_benchmark/actions/runs/35673269660,c2871af,10,tpch,linux-6.17.0-1022-azure,4,15.6,3.12.14,chdb_iceberg,4.4.0,ok,cold,query,13,3.4934,46,ok,
35673269660-1,2026-09-22T00:46:24Z,https://github.com/djouallah/lakehouse_benchmark/actions/runs/35673269660,c2871af,10,tpch,linux-6.17.0-1022-azure,4,15.6,3.12.14,chdb_iceberg,4.4.0,ok,cold,query,14,1.9937,1,ok,
35673269660-1,2026-09-22T00:46:24Z,https://github.com/djouallah/lakehouse_benchmark/actions/runs/35673269660,c2871af,10,tpch,linux-6.17.0-1022-azure,4,15.6,3.12.14,chdb_iceberg,4.4.0,ok,cold,query,15,2.8336,1,ok,
35673269660-1,2026-09-22T00:46:24Z,https://github.com/djouallah/lakehouse_benchmark/actions/runs/35673269660,c2871af,10,tpch,linux-6.17.0-1022-azure,4,15.6,3.12.14,chdb_iceberg,4.4.0,ok,cold,query,16,2.0001,27840,ok,
35673269660-1,2026-09-22T00:46:24Z,https://github.com/djouallah/lakehouse_benchmark/actions/runs/35673269660,c2871af,10,tpch,linux-6.17.0-1022-azure,4,15.6,3.12.14,chdb_iceberg,4.4.0,ok,cold,query,17,4.2429,1,ok,
35673269660-1,2026-09-22T00:46:24Z,https://github.com/djouallah/lakehouse_benchmark/actions/runs/35673269660,c2871af,10,tpch,linux-6.17.0-1022-azure,4,15.6,3.12.14,chdb_iceberg,4.4.0,ok,cold,query,18,25.7875,100,ok,
35673269660-1,2026-09-22T00:46:24Z,https://github.com/djouallah/lakehouse_benchmark/actions/runs/35673269660,c2871af,10,tpch,linux-6.17.0-1022-azure,4,15.6,3.12.14,chdb_iceberg,4.4.0,ok,cold,query,19,2.6005,1,ok,
35673269660-1,2026-09-22T00:46:24Z,https://github.com/djouallah/lakehouse_benchmark/actions/runs/35673269660,c2871af,10,tpch,linux-6.17.0-1022-azure,4,15.6,3.12.14,chdb_iceberg,4.4.0,ok,cold,query,20,4.0361,1804,ok,
35673269660-1,2026-09-22T00:46:24Z,https://github.com/djouallah/lakehouse_benchmark/actions/runs/35673269660,c2871af,10,tpch,linux-6.17.0-1022-azure,4,15.6,3.12.14,chdb_iceberg,4.4.0,ok,cold,query,21,9.3197,100,ok,
35673269660-1,2026-09-22T00:46:24Z,https://github.com/djouallah/lakehouse_benchmark/actions/runs/35673269660,c2871af,10,tpch,linux-6.17.0-1022-azure,4,15.6,3.12.14,chdb_iceberg,4.4.0,ok,cold,query,22,2.8857,7,ok,
35673269660-1,2026-09-22T00:46:24Z,https://github.com/djouallah/lakehouse_benchmark/actions/runs/35673269660,c2871af,10,tpch,linux-6.17.0-1022-azure,4,15.6,3.12.14,chdb_iceberg,4.4.0,ok,warm,query,1,2.7175,4,ok,
35673269660-1,2026-09-22T00:46:24Z,https://github.com/djouallah/lakehouse_benchmark/actions/runs/35673269660,c2871af,10,tpch,linux-6.17.0-1022-azure,4,15.6,3.12.14,chdb_iceberg,4.4.0,ok,warm,query,2,6.3179,10,ok,
35673269660-1,2026-09-22T00:46:24Z,https://github.com/djouallah/lakehouse_benchmark/actions/runs/35673269660,c2871af,10,tpch,linux-6.17.0-1022-azure,4,15.6,3.12.14,chdb_iceberg,4.4.0,ok,warm,query,3,3.8894,10,ok,
35673269660-1,2026-09-22T00:46:24Z,https://github.com/djouallah/lakehouse_benchmark/actions/runs/35673269660,c2871af,10,tpch,linux-6.17.0-1022-azure,4,15.6,3.12.14,chdb_iceberg,4.4.0,ok,warm,query,4,2.5574,5,ok,
35673269660-1,2026-09-22T00:46:24Z,https://github.com/djouallah/lakehouse_benchmark/actions/runs/35673269660,c2871af,10,tpch,linux-6.17.0-1022-azure,4,15.6,3.12.14,chdb_iceberg,4.4.0,ok,warm,query,5,6.0368,5,ok,
35673269660-1,2026-09-22T00:46:24Z,https://github.com/djouallah/lakehouse_benchmark/actions/runs/35673269660,c2871af,10,tpch,linux-6.17.0-1022-azure,4,15.6,3.12.14,chdb_iceberg,4.4.0,ok,warm,query,6,1.1442,1,ok,
35673269660-1,2026-09-22T00:46:24Z,https://github.com/djouallah/lakehouse_benchmark/actions/runs/35673269660,c2871af,10,tpch,linux-6.17.0-1022-azure,4,15.6,3.12.14,chdb_iceberg,4.4.0,ok,warm,query,7,17.3129,9,ok,
35673269660-1,2026-09-22T00:46:24Z,https://github.com/djouallah/lakehouse_benchmark/actions/runs/35673269660,c2871af,10,tpch,linux-6.17.0-1022-azure,4,15.6,3.12.14,chdb_iceberg,4.4.0,ok,warm,query,8,7.8226,2,ok,
35673269660-1,2026-09-22T00:46:24Z,https://github.com/djouallah/lakehouse_benchmark/actions/runs/35673269660,c2871af,10,tpch,linux-6.17.0-1022-azure,4,15.6,3.12.14,chdb_iceberg,4.4.0,ok,warm,query,9,7.4149,175,ok,
35673269660-1,2026-09-22T00:46:24Z,https://github.com/djouallah/lakehouse_benchmark/actions/runs/35673269660,c2871af,10,tpch,linux-6.17.0-1022-azure,4,15.6,3.12.14,chdb_iceberg,4.4.0,ok,warm,query,10,4.2906,20,ok,
35673269660-1,2026-09-22T00:46:24Z,https://github.com/djouallah/lakehouse_benchmark/actions/runs/35673269660,c2871af,10,tpch,linux-6.17.0-1022-azure,4,15.6,3.12.14,chdb_iceberg,4.4.0,ok,warm,query,11,3.566,8685,ok,
35673269660-1,2026-09-22T00:46:24Z,https://github.com/djouallah/lakehouse_benchmark/actions/runs/35673269660,c2871af,10,tpch,linux-6.17.0-1022-azure,4,15.6,3.12.14,chdb_iceberg,4.4.0,ok,warm,query,12,3.8864,2,ok,
35673269660-1,2026-09-22T00:46:24Z,https://github.com/djouallah/lakehouse_benchmark/actions/runs/35673269660,c2871af,10,tpch,linux-6.17.0-1022-azure,4,15.6,3.12.14,chdb_iceberg,4.4.0,ok,warm,query,13,4.7005,46,ok,
35673269660-1,2026-09-22T00:46:24Z,https://github.com/djouallah/lakehouse_benchmark/actions/runs/35673269660,c2871af,10,tpch,linux-6.17.0-1022-azure,4,15.6,3.12.14,chdb_iceberg,4.4.0,ok,warm,query,14,2.0414,1,ok,
35673269660-1,2026-09-22T00:46:24Z,https://github.com/djouallah/lakehouse_benchmark/actions/runs/35673269660,c2871af,10,tpch,linux-6.17.0-1022-azure,4,15.6,3.12.14,chdb_iceberg,4.4.0,ok,warm,query,15,3.1518,1,ok,
35673269660-1,2026-09-22T00:46:24Z,https://github.com/djouallah/lakehouse_benchmark/actions/runs/35673269660,c2871af,10,tpch,linux-6.17.0-1022-azure,4,15.6,3.12.14,chdb_iceberg,4.4.0,ok,warm,query,16,2.0913,27840,ok,
35673269660-1,2026-09-22T00:46:24Z,https://github.com/djouallah/lakehouse_benchmark/actions/runs/35673269660,c2871af,10,tpch,linux-6.17.0-1022-azure,4,15.6,3.12.14,chdb_iceberg,4.4.0,ok,warm,query,17,4.7358,1,ok,
35673269660-1,2026-09-22T00:46:24Z,https://github.com/djouallah/lakehouse_benchmark/actions/runs/35673269660,c2871af,10,tpch,linux-6.17.0-1022-azure,4,15.6,3.12.14,chdb_iceberg,4.4.0,ok,warm,query,18,3.6381,100,ok,
35673269660-1,2026-09-22T00:46:24Z,https://github.com/djouallah/lakehouse_benchmark/actions/runs/35673269660,c2871af,10,tpch,linux-6.17.0-1022-azure,4,15.6,3.12.14,chdb_iceberg,4.4.0,ok,warm,query,19,2.6008,1,ok,
35673269660-1,2026-09-22T00:46:24Z,https://github.com/djouallah/lakehouse_benchmark/actions/runs/35673269660,c2871af,10,tpch,linux-6.17.0-1022-azure,4,15.6,3.12.14,chdb_iceberg,4.4.0,ok,warm,query,20,4.0192,1804,ok,
35673269660-1,2026-09-22T00:46:24Z,https://github.com/djouallah/lakehouse_benchmark/actions/runs/35673269660,c2871af,10,tpch,linux-6.17.0-1022-azure,4,15.6,3.12.14,chdb_iceberg,4.4.0,ok,warm,query,21,9.3167,100,ok,
35673269660-1,2026-09-22T00:46:24Z,https://github.com/djouallah/lakehouse_benchmark/actions/runs/35673269660,c2871af,10,tpch,linux-6.17.0-1022-azure,4,15.6,3.12.14,chdb_iceberg,4.4.0,ok,warm,query,22,2.9438,7,ok,
35673269660-1,2026-09-22T00:46:24Z,https://github.com/djouallah/lakehouse_benchmark/actions/runs/35673269660,c2871af,10,tpch,linux-6.17.0-1022-azure,4,15.6,3.12.14,duckdb_iceberg,2.0.0.dev2609121639,ok,cold,setup,0,7.1487,,ok,
35673269660-1,2026-09-22T00:46:24Z,https://github.com/djouallah/lakehouse_benchmark/actions/runs/35673269660,c2871af,10,tpch,linux-6.17.0-1022-azure,4,15.6,3.12.14,duckdb_iceberg,2.0.0.dev2609121639,ok,cold,query,1,8.6775,4,ok,
35673269660-1,2026-09-22T00:46:24Z,https://github.com/djouallah/lakehouse_benchmark/actions/runs/35673269660,c2871af,10,tpch,linux-6.17.0-1022-azure,4,15.6,3.12.14,duckdb_iceberg,2.0.0.dev2609121639,ok,cold,query,2,4.0801,10,ok,
35673269660-1,2026-09-22T00:46:24Z,https://github.com/djouallah/lakehouse_benchmark/actions/runs/35673269660,c2871af,10,tpch,linux-6.17.0-1022-azure,4,15.6,3.12.14,duckdb_iceberg,2.0.0.dev2609121639,ok,cold,query,3,5.5031,10,ok,
35673269660-1,2026-09-22T00:46:24Z,https://github.com/djouallah/lakehouse_benchmark/actions/runs/35673269660,c2871af,10,tpch,linux-6.17.0-1022-azure,4,15.6,3.12.14,duckdb_iceberg,2.0.0.dev2609121639,ok,cold,query,4,2.0108,5,ok,
35673269660-1,2026-09-22T00:46:24Z,https://github.com/djouallah/lakehouse_benchmark/actions/runs/35673269660,c2871af,10,tpch,linux-6.17.0-1022-azure,4,15.6,3.12.14,duckdb_iceberg,2.0.0.dev2609121639,ok,cold,query,5,2.4511,5,ok,
35673269660-1,2026-09-22T00:46:24Z,https://github.com/djouallah/lakehouse_benchmark/actions/runs/35673269660,c2871af,10,tpch,linux-6.17.0-1022-azure,4,15.6,3.12.14,duckdb_iceberg,2.0.0.dev2609121639,ok,cold,query,6,0.5042,1,ok,
35673269660-1,2026-09-22T00:46:24Z,https://github.com/djouallah/lakehouse_benchmark/actions/runs/35673269660,c2871af,10,tpch,linux-6.17.0-1022-azure,4,15.6,3.12.14,duckdb_iceberg,2.0.0.dev2609121639,ok,cold,query,7,0.9551,9,ok,
35673269660-1,2026-09-22T00:46:24Z,https://github.com/djouallah/lakehouse_benchmark/actions/runs/35673269660,c2871af,10,tpch,linux-6.17.0-1022-azure,4,15.6,3.12.14,duckdb_iceberg,2.0.0.dev2609121639,ok,cold,query,8,1.6177,2,ok,
35673269660-1,2026-09-22T00:46:24Z,https://github.com/djouallah/lakehouse_benchmark/actions/runs/35673269660,c2871af,10,tpch,linux-6.17.0-1022-azure,4,15.6,3.12.14,duckdb_iceberg,2.0.0.dev2609121639,ok,cold,query,9,2.1253,175,ok,
35673269660-1,2026-09-22T00:46:24Z,https://github.com/djouallah/lakehouse_benchmark/actions/runs/35673269660,c2871af,10,tpch,linux-6.17.0-1022-azure,4,15.6,3.12.14,duckdb_iceberg,2.0.0.dev2609121639,ok,cold,query,10,1.856,20,ok,
35673269660-1,2026-09-22T00:46:24Z,https://github.com/djouallah/lakehouse_benchmark/actions/runs/35673269660,c2871af,10,tpch,linux-6.17.0-1022-azure,4,15.6,3.12.14,duckdb_iceberg,2.0.0.dev2609121639,ok,cold,query,11,0.1486,8685,ok,
35673269660-1,2026-09-22T00:46:24Z,https://github.com/djouallah/lakehouse_benchmark/actions/runs/35673269660,c2871af,10,tpch,linux-6.17.0-1022-azure,4,15.6,3.12.14,duckdb_iceberg,2.0.0.dev2609121639,ok,cold,query,12,0.7783,2,ok,
35673269660-1,2026-09-22T00:46:24Z,https://github.com/djouallah/lakehouse_benchmark/actions/runs/35673269660,c2871af,10,tpch,linux-6.17.0-1022-azure,4,15.6,3.12.14,duckdb_iceberg,2.0.0.dev2609121639,ok,cold,query,13,1.8456,46,ok,
35673269660-1,2026-09-22T00:46:24Z,https://github.com/djouallah/lakehouse_benchmark/actions/runs/35673269660,c2871af,10,tpch,linux-6.17.0-1022-azure,4,15.6,3.12.14,duckdb_iceberg,2.0.0.dev2609121639,ok,cold,query,14,0.8344,1,ok,
35673269660-1,2026-09-22T00:46:24Z,https://github.com/djouallah/lakehouse_benchmark/actions/runs/35673269660,c2871af,10,tpch,linux-6.17.0-1022-azure,4,15.6,3.12.14,duckdb_iceberg,2.0.0.dev2609121639,ok,cold,query,15,0.6231,1,ok,
35673269660-1,2026-09-22T00:46:24Z,https://github.com/djouallah/lakehouse_benchmark/actions/runs/35673269660,c2871af,10,tpch,linux-6.17.0-1022-azure,4,15.6,3.12.14,duckdb_iceberg,2.0.0.dev2609121639,ok,cold,query,16,0.2644,27840,ok,
35673269660-1,2026-09-22T00:46:24Z,https://github.com/djouallah/lakehouse_benchmark/actions/runs/35673269660,c2871af,10,tpch,linux-6.17.0-1022-azure,4,15.6,3.12.14,duckdb_iceberg,2.0.0.dev2609121639,ok,cold,query,17,2.3514,1,ok,
35673269660-1,2026-09-22T00:46:24Z,https://github.com/djouallah/lakehouse_benchmark/actions/runs/35673269660,c2871af,10,tpch,linux-6.17.0-1022-azure,4,15.6,3.12.14,duckdb_iceberg,2.0.0.dev2609121639,ok,cold,query,18,1.4844,100,ok,
35673269660-1,2026-09-22T00:46:24Z,https://github.com/djouallah/lakehouse_benchmark/actions/runs/35673269660,c2871af,10,tpch,linux-6.17.0-1022-azure,4,15.6,3.12.14,duckdb_iceberg,2.0.0.dev2609121639,ok,cold,query,19,0.9179,1,ok,
35673269660-1,2026-09-22T00:46:24Z,https://github.com/djouallah/lakehouse_benchmark/actions/runs/35673269660,c2871af,10,tpch,linux-6.17.0-1022-azure,4,15.6,3.12.14,duckdb_iceberg,2.0.0.dev2609121639,ok,cold,query,20,1.125,1804,ok,
35673269660-1,2026-09-22T00:46:24Z,https://github.com/djouallah/lakehouse_benchmark/actions/runs/35673269660,c2871af,10,tpch,linux-6.17.0-1022-azure,4,15.6,3.12.14,duckdb_iceberg,2.0.0.dev2609121639,ok,cold,query,21,3.5495,100,ok,
35673269660-1,2026-09-22T00:46:24Z,https://github.com/djouallah/lakehouse_benchmark/actions/runs/35673269660,c2871af,10,tpch,linux-6.17.0-1022-azure,4,15.6,3.12.14,duckdb_iceberg,2.0.0.dev2609121639,ok,cold,query,22,0.5478,7,ok,
35673269660-1,2026-09-22T00:46:24Z,https://github.com/djouallah/lakehouse_benchmark/actions/runs/35673269660,c2871af,10,tpch,linux-6.17.0-1022-azure,4,15.6,3.12.14,duckdb_iceberg,2.0.0.dev2609121639,ok,warm,query,1,1.3949,4,ok,
35673269660-1,2026-09-22T00:46:24Z,https://github.com/djouallah/lakehouse_benchmark/actions/runs/35673269660,c2871af,10,tpch,linux-6.17.0-1022-azure,4,15.6,3.12.14,duckdb_iceberg,2.0.0.dev2609121639,ok,warm,query,2,0.3292,10,ok,
35673269660-1,2026-09-22T00:46:24Z,https://github.com/djouallah/lakehouse_benchmark/actions/runs/35673269660,c2871af,10,tpch,linux-6.17.0-1022-azure,4,15.6,3.12.14,duckdb_iceberg,2.0.0.dev2609121639,ok,warm,query,3,0.88,10,ok,
35673269660-1,2026-09-22T00:46:24Z,https://github.com/djouallah/lakehouse_benchmark/actions/runs/35673269660,c2871af,10,tpch,linux-6.17.0-1022-azure,4,15.6,3.12.14,duckdb_iceberg,2.0.0.dev2609121639,ok,warm,query,4,0.4406,5,ok,
35673269660-1,2026-09-22T00:46:24Z,https://github.com/djouallah/lakehouse_benchmark/actions/runs/35673269660,c2871af,10,tpch,linux-6.17.0-1022-azure,4,15.6,3.12.14,duckdb_iceberg,2.0.0.dev2609121639,ok,warm,query,5,1.0673,5,ok,
35673269660-1,2026-09-22T00:46:24Z,https://github.com/djouallah/lakehouse_benchmark/actions/runs/35673269660,c2871af,10,tpch,linux-6.17.0-1022-azure,4,15.6,3.12.14,duckdb_iceberg,2.0.0.dev2609121639,ok,warm,query,6,0.5025,1,ok,
35673269660-1,2026-09-22T00:46:24Z,https://github.com/djouallah/lakehouse_benchmark/actions/runs/35673269660,c2871af,10,tpch,linux-6.17.0-1022-azure,4,15.6,3.12.14,duckdb_iceberg,2.0.0.dev2609121639,ok,warm,query,7,0.9492,9,ok,
35673269660-1,2026-09-22T00:46:24Z,https://github.com/djouallah/lakehouse_benchmark/actions/runs/35673269660,c2871af,10,tpch,linux-6.17.0-1022-azure,4,15.6,3.12.14,duckdb_iceberg,2.0.0.dev2609121639,ok,warm,query,8,1.136,2,ok,
35673269660-1,2026-09-22T00:46:24Z,https://github.com/djouallah/lakehouse_benchmark/actions/runs/35673269660,c2871af,10,tpch,linux-6.17.0-1022-azure,4,15.6,3.12.14,duckdb_iceberg,2.0.0.dev2609121639,ok,warm,query,9,2.1685,175,ok,
35673269660-1,2026-09-22T00:46:24Z,https://github.com/djouallah/lakehouse_benchmark/actions/runs/35673269660,c2871af,10,tpch,linux-6.17.0-1022-azure,4,15.6,3.12.14,duckdb_iceberg,2.0.0.dev2609121639,ok,warm,query,10,1.2594,20,ok,
35673269660-1,2026-09-22T00:46:24Z,https://github.com/djouallah/lakehouse_benchmark/actions/runs/35673269660,c2871af,10,tpch,linux-6.17.0-1022-azure,4,15.6,3.12.14,duckdb_iceberg,2.0.0.dev2609121639,ok,warm,query,11,0.1463,8685,ok,
35673269660-1,2026-09-22T00:46:24Z,https://github.com/djouallah/lakehouse_benchmark/actions/runs/35673269660,c2871af,10,tpch,linux-6.17.0-1022-azure,4,15.6,3.12.14,duckdb_iceberg,2.0.0.dev2609121639,ok,warm,query,12,0.5601,2,ok,
35673269660-1,2026-09-22T00:46:24Z,https://github.com/djouallah/lakehouse_benchmark/actions/runs/35673269660,c2871af,10,tpch,linux-6.17.0-1022-azure,4,15.6,3.12.14,duckdb_iceberg,2.0.0.dev2609121639,ok,warm,query,13,1.5346,46,ok,
35673269660-1,2026-09-22T00:46:24Z,https://github.com/djouallah/lakehouse_benchmark/actions/runs/35673269660,c2871af,10,tpch,linux-6.17.0-1022-azure,4,15.6,3.12.14,duckdb_iceberg,2.0.0.dev2609121639,ok,warm,query,14,0.857,1,ok,
35673269660-1,2026-09-22T00:46:24Z,https://github.com/djouallah/lakehouse_benchmark/actions/runs/35673269660,c2871af,10,tpch,linux-6.17.0-1022-azure,4,15.6,3.12.14,duckdb_iceberg,2.0.0.dev2609121639,ok,warm,query,15,0.6171,1,ok,
35673269660-1,2026-09-22T00:46:24Z,https://github.com/djouallah/lakehouse_benchmark/actions/runs/35673269660,c2871af,10,tpch,linux-6.17.0-1022-azure,4,15.6,3.12.14,duckdb_iceberg,2.0.0.dev2609121639,ok,warm,query,16,0.2587,27840,ok,
35673269660-1,2026-09-22T00:46:24Z,https://github.com/djouallah/lakehouse_benchmark/actions/runs/35673269660,c2871af,10,tpch,linux-6.17.0-1022-azure,4,15.6,3.12.14,duckdb_iceberg,2.0.0.dev2609121639,ok,warm,query,17,2.4844,1,ok,
35673269660-1,2026-09-22T00:46:24Z,https://github.com/djouallah/lakehouse_benchmark/actions/runs/35673269660,c2871af,10,tpch,linux-6.17.0-1022-azure,4,15.6,3.12.14,duckdb_iceberg,2.0.0.dev2609121639,ok,warm,query,18,1.1379,100,ok,
35673269660-1,2026-09-22T00:46:24Z,https://github.com/djouallah/lakehouse_benchmark/actions/runs/35673269660,c2871af,10,tpch,linux-6.17.0-1022-azure,4,15.6,3.12.14,duckdb_iceberg,2.0.0.dev2609121639,ok,warm,query,19,0.8829,1,ok,
35673269660-1,2026-09-22T00:46:24Z,https://github.com/djouallah/lakehouse_benchmark/actions/runs/35673269660,c2871af,10,tpch,linux-6.17.0-1022-azure,4,15.6,3.12.14,duckdb_iceberg,2.0.0.dev2609121639,ok,warm,query,20,1.1193,1804,ok,
35673269660-1,2026-09-22T00:46:24Z,https://github.com/djouallah/lakehouse_benchmark/actions/runs/35673269660,c2871af,10,tpch,linux-6.17.0-1022-azure,4,15.6,3.12.14,duckdb_iceberg,2.0.0.dev2609121639,ok,warm,query,21,3.6535,100,ok,
35673269660-1,2026-09-22T00:46:24Z,https://github.com/djouallah/lakehouse_benchmark/actions/runs/35673269660,c2871af,10,tpch,linux-6.17.0-1022-azure,4,15.6,3.12.14,duckdb_iceberg,2.0.0.dev2609121639,ok,warm,query,22,0.5016,7,ok,
35673269660-1,2026-09-22T00:46:24Z,https://github.com/djouallah/lakehouse_benchmark/actions/runs/35673269660,c2871af,10,tpch,linux-6.17.0-1022-azure,4,15.6,3.12.14,lakesail_iceberg,0.7.1,ok,cold,setup,0,2.4462,,ok,
35673269660-1,2026-09-22T00:46:24Z,https://github.com/djouallah/lakehouse_benchmark/actions/runs/35673269660,c2871af,10,tpch,linux-6.17.0-1022-azure,4,15.6,3.12.14,lakesail_iceberg,0.7.1,ok,cold,query,1,13.6036,4,ok,
35673269660-1,2026-09-22T00:46:24Z,https://github.com/djouallah/lakehouse_benchmark/actions/runs/35673269660,c2871af,10,tpch,linux-6.17.0-1022-azure,4,15.6,3.12.14,lakesail_iceberg,0.7.1,ok,cold,query,2,11.8953,10,ok,
35673269660-1,2026-09-22T00:46:24Z,https://github.com/djouallah/lakehouse_benchmark/actions/runs/35673269660,c2871af,10,tpch,linux-6.17.0-1022-azure,4,15.6,3.12.14,lakesail_iceberg,0.7.1,ok,cold,query,3,9.6826,10,ok,
35673269660-1,2026-09-22T00:46:24Z,https://github.com/djouallah/lakehouse_benchmark/actions/runs/35673269660,c2871af,10,tpch,linux-6.17.0-1022-azure,4,15.6,3.12.14,lakesail_iceberg,0.7.1,ok,cold,query,4,6.0906,5,ok,
35673269660-1,2026-09-22T00:46:24Z,https://github.com/djouallah/lakehouse_benchmark/actions/runs/35673269660,c2871af,10,tpch,linux-6.17.0-1022-azure,4,15.6,3.12.14,lakesail_iceberg,0.7.1,ok,cold,query,5,11.9245,5,ok,
35673269660-1,2026-09-22T00:46:24Z,https://github.com/djouallah/lakehouse_benchmark/actions/runs/35673269660,c2871af,10,tpch,linux-6.17.0-1022-azure,4,15.6,3.12.14,lakesail_iceberg,0.7.1,ok,cold,query,6,5.5577,1,ok,
35673269660-1,2026-09-22T00:46:24Z,https://github.com/djouallah/lakehouse_benchmark/actions/runs/35673269660,c2871af,10,tpch,linux-6.17.0-1022-azure,4,15.6,3.12.14,lakesail_iceberg,0.7.1,ok,cold,query,7,11.2226,9,ok,
35673269660-1,2026-09-22T00:46:24Z,https://github.com/djouallah/lakehouse_benchmark/actions/runs/35673269660,c2871af,10,tpch,linux-6.17.0-1022-azure,4,15.6,3.12.14,lakesail_iceberg,0.7.1,ok,cold,query,8,14.1181,2,ok,
35673269660-1,2026-09-22T00:46:24Z,https://github.com/djouallah/lakehouse_benchmark/actions/runs/35673269660,c2871af,10,tpch,linux-6.17.0-1022-azure,4,15.6,3.12.14,lakesail_iceberg,0.7.1,ok,cold,query,9,13.1754,175,ok,
35673269660-1,2026-09-22T00:46:24Z,https://github.com/djouallah/lakehouse_benchmark/actions/runs/35673269660,c2871af,10,tpch,linux-6.17.0-1022-azure,4,15.6,3.12.14,lakesail_iceberg,0.7.1,ok,cold,query,10,10.5506,20,ok,
35673269660-1,2026-09-22T00:46:24Z,https://github.com/djouallah/lakehouse_benchmark/actions/runs/35673269660,c2871af,10,tpch,linux-6.17.0-1022-azure,4,15.6,3.12.14,lakesail_iceberg,0.7.1,ok,cold,query,11,6.0535,8685,ok,
35673269660-1,2026-09-22T00:46:24Z,https://github.com/djouallah/lakehouse_benchmark/actions/runs/35673269660,c2871af,10,tpch,linux-6.17.0-1022-azure,4,15.6,3.12.14,lakesail_iceberg,0.7.1,ok,cold,query,12,7.4547,2,ok,
35673269660-1,2026-09-22T00:46:24Z,https://github.com/djouallah/lakehouse_benchmark/actions/runs/35673269660,c2871af,10,tpch,linux-6.17.0-1022-azure,4,15.6,3.12.14,lakesail_iceberg,0.7.1,ok,cold,query,13,4.2033,46,ok,
35673269660-1,2026-09-22T00:46:24Z,https://github.com/djouallah/lakehouse_benchmark/actions/runs/35673269660,c2871af,10,tpch,linux-6.17.0-1022-azure,4,15.6,3.12.14,lakesail_iceberg,0.7.1,ok,cold,query,14,6.8018,1,ok,
35673269660-1,2026-09-22T00:46:24Z,https://github.com/djouallah/lakehouse_benchmark/actions/runs/35673269660,c2871af,10,tpch,linux-6.17.0-1022-azure,4,15.6,3.12.14,lakesail_iceberg,0.7.1,ok,cold,query,15,12.1163,1,ok,
35673269660-1,2026-09-22T00:46:24Z,https://github.com/djouallah/lakehouse_benchmark/actions/runs/35673269660,c2871af,10,tpch,linux-6.17.0-1022-azure,4,15.6,3.12.14,lakesail_iceberg,0.7.1,ok,cold,query,16,3.661,27840,ok,
35673269660-1,2026-09-22T00:46:24Z,https://github.com/djouallah/lakehouse_benchmark/actions/runs/35673269660,c2871af,10,tpch,linux-6.17.0-1022-azure,4,15.6,3.12.14,lakesail_iceberg,0.7.1,ok,cold,query,17,12.8722,1,ok,
35673269660-1,2026-09-22T00:46:24Z,https://github.com/djouallah/lakehouse_benchmark/actions/runs/35673269660,c2871af,10,tpch,linux-6.17.0-1022-azure,4,15.6,3.12.14,lakesail_iceberg,0.7.1,ok,cold,query,18,16.381,100,ok,
35673269660-1,2026-09-22T00:46:24Z,https://github.com/djouallah/lakehouse_benchmark/actions/runs/35673269660,c2871af,10,tpch,linux-6.17.0-1022-azure,4,15.6,3.12.14,lakesail_iceberg,0.7.1,ok,cold,query,19,9.181,1,ok,
35673269660-1,2026-09-22T00:46:24Z,https://github.com/djouallah/lakehouse_benchmark/actions/runs/35673269660,c2871af,10,tpch,linux-6.17.0-1022-azure,4,15.6,3.12.14,lakesail_iceberg,0.7.1,ok,cold,query,20,11.2311,1804,ok,
35673269660-1,2026-09-22T00:46:24Z,https://github.com/djouallah/lakehouse_benchmark/actions/runs/35673269660,c2871af,10,tpch,linux-6.17.0-1022-azure,4,15.6,3.12.14,lakesail_iceberg,0.7.1,ok,cold,query,21,19.5627,100,ok,
35673269660-1,2026-09-22T00:46:24Z,https://github.com/djouallah/lakehouse_benchmark/actions/runs/35673269660,c2871af,10,tpch,linux-6.17.0-1022-azure,4,15.6,3.12.14,lakesail_iceberg,0.7.1,ok,cold,query,22,5.2714,7,ok,
35673269660-1,2026-09-22T00:46:24Z,https://github.com/djouallah/lakehouse_benchmark/actions/runs/35673269660,c2871af,10,tpch,linux-6.17.0-1022-azure,4,15.6,3.12.14,lakesail_iceberg,0.7.1,ok,warm,query,1,7.5106,4,ok,
35673269660-1,2026-09-22T00:46:24Z,https://github.com/djouallah/lakehouse_benchmark/actions/runs/35673269660,c2871af,10,tpch,linux-6.17.0-1022-azure,4,15.6,3.12.14,lakesail_iceberg,0.7.1,ok,warm,query,2,12.0132,10,ok,
35673269660-1,2026-09-22T00:46:24Z,https://github.com/djouallah/lakehouse_benchmark/actions/runs/35673269660,c2871af,10,tpch,linux-6.17.0-1022-azure,4,15.6,3.12.14,lakesail_iceberg,0.7.1,ok,warm,query,3,10.0475,10,ok,
35673269660-1,2026-09-22T00:46:24Z,https://github.com/djouallah/lakehouse_benchmark/actions/runs/35673269660,c2871af,10,tpch,linux-6.17.0-1022-azure,4,15.6,3.12.14,lakesail_iceberg,0.7.1,ok,warm,query,4,6.0715,5,ok,
35673269660-1,2026-09-22T00:46:24Z,https://github.com/djouallah/lakehouse_benchmark/actions/runs/35673269660,c2871af,10,tpch,linux-6.17.0-1022-azure,4,15.6,3.12.14,lakesail_iceberg,0.7.1,ok,warm,query,5,12.9818,5,ok,
35673269660-1,2026-09-22T00:46:24Z,https://github.com/djouallah/lakehouse_benchmark/actions/runs/35673269660,c2871af,10,tpch,linux-6.17.0-1022-azure,4,15.6,3.12.14,lakesail_iceberg,0.7.1,ok,warm,query,6,5.6386,1,ok,
35673269660-1,2026-09-22T00:46:24Z,https://github.com/djouallah/lakehouse_benchmark/actions/runs/35673269660,c2871af,10,tpch,linux-6.17.0-1022-azure,4,15.6,3.12.14,lakesail_iceberg,0.7.1,ok,warm,query,7,11.4684,9,ok,
35673269660-1,2026-09-22T00:46:24Z,https://github.com/djouallah/lakehouse_benchmark/actions/runs/35673269660,c2871af,10,tpch,linux-6.17.0-1022-azure,4,15.6,3.12.14,lakesail_iceberg,0.7.1,ok,warm,query,8,14.6291,2,ok,
35673269660-1,2026-09-22T00:46:24Z,https://github.com/djouallah/lakehouse_benchmark/actions/runs/35673269660,c2871af,10,tpch,linux-6.17.0-1022-azure,4,15.6,3.12.14,lakesail_iceberg,0.7.1,ok,warm,query,9,14.5773,175,ok,
35673269660-1,2026-09-22T00:46:24Z,https://github.com/djouallah/lakehouse_benchmark/actions/runs/35673269660,c2871af,10,tpch,linux-6.17.0-1022-azure,4,15.6,3.12.14,lakesail_iceberg,0.7.1,ok,warm,query,10,10.5401,20,ok,
35673269660-1,2026-09-22T00:46:24Z,https://github.com/djouallah/lakehouse_benchmark/actions/runs/35673269660,c2871af,10,tpch,linux-6.17.0-1022-azure,4,15.6,3.12.14,lakesail_iceberg,0.7.1,ok,warm,query,11,6.1272,8685,ok,
35673269660-1,2026-09-22T00:46:24Z,https://github.com/djouallah/lakehouse_benchmark/actions/runs/35673269660,c2871af,10,tpch,linux-6.17.0-1022-azure,4,15.6,3.12.14,lakesail_iceberg,0.7.1,ok,warm,query,12,6.7595,2,ok,
35673269660-1,2026-09-22T00:46:24Z,https://github.com/djouallah/lakehouse_benchmark/actions/runs/35673269660,c2871af,10,tpch,linux-6.17.0-1022-azure,4,15.6,3.12.14,lakesail_iceberg,0.7.1,ok,warm,query,13,4.4486,46,ok,
35673269660-1,2026-09-22T00:46:24Z,https://github.com/djouallah/lakehouse_benchmark/actions/runs/35673269660,c2871af,10,tpch,linux-6.17.0-1022-azure,4,15.6,3.12.14,lakesail_iceberg,0.7.1,ok,warm,query,14,6.5023,1,ok,
35673269660-1,2026-09-22T00:46:24Z,https://github.com/djouallah/lakehouse_benchmark/actions/runs/35673269660,c2871af,10,tpch,linux-6.17.0-1022-azure,4,15.6,3.12.14,lakesail_iceberg,0.7.1,ok,warm,query,15,11.316,1,ok,
35673269660-1,2026-09-22T00:46:24Z,https://github.com/djouallah/lakehouse_benchmark/actions/runs/35673269660,c2871af,10,tpch,linux-6.17.0-1022-azure,4,15.6,3.12.14,lakesail_iceberg,0.7.1,ok,warm,query,16,25.8742,27840,ok,
35673269660-1,2026-09-22T00:46:24Z,https://github.com/djouallah/lakehouse_benchmark/actions/runs/35673269660,c2871af,10,tpch,linux-6.17.0-1022-azure,4,15.6,3.12.14,lakesail_iceberg,0.7.1,ok,warm,query,17,14.4829,1,ok,
35673269660-1,2026-09-22T00:46:24Z,https://github.com/djouallah/lakehouse_benchmark/actions/runs/35673269660,c2871af,10,tpch,linux-6.17.0-1022-azure,4,15.6,3.12.14,lakesail_iceberg,0.7.1,ok,warm,query,18,14.0595,100,ok,
35673269660-1,2026-09-22T00:46:24Z,https://github.com/djouallah/lakehouse_benchmark/actions/runs/35673269660,c2871af,10,tpch,linux-6.17.0-1022-azure,4,15.6,3.12.14,lakesail_iceberg,0.7.1,ok,warm,query,19,8.5705,1,ok,
35673269660-1,2026-09-22T00:46:24Z,https://github.com/djouallah/lakehouse_benchmark/actions/runs/35673269660,c2871af,10,tpch,linux-6.17.0-1022-azure,4,15.6,3.12.14,lakesail_iceberg,0.7.1,ok,warm,query,20,10.7477,1804,ok,
35673269660-1,2026-09-22T00:46:24Z,https://github.com/djouallah/lakehouse_benchmark/actions/runs/35673269660,c2871af,10,tpch,linux-6.17.0-1022-azure,4,15.6,3.12.14,lakesail_iceberg,0.7.1,ok,warm,query,21,19.4651,100,ok,
35673269660-1,2026-09-22T00:46:24Z,https://github.com/djouallah/lakehouse_benchmark/actions/runs/35673269660,c2871af,10,tpch,linux-6.17.0-1022-azure,4,15.6,3.12.14,lakesail_iceberg,0.7.1,ok,warm,query,22,27.3967,7,ok,
35673269660-1,2026-09-22T00:46:24Z,https://github.com/djouallah/lakehouse_benchmark/actions/runs/35673269660,c2871af,10,tpch,linux-6.17.0-1022-azure,4,15.6,3.12.14,polars_iceberg,2.0.0-rc.2,ok,cold,setup,0,7.5089,,ok,
35673269660-1,2026-09-22T00:46:24Z,https://github.com/djouallah/lakehouse_benchmark/actions/runs/35673269660,c2871af,10,tpch,linux-6.17.0-1022-azure,4,15.6,3.12.14,polars_iceberg,2.0.0-rc.2,ok,cold,query,1,11.2798,4,ok,
35673269660-1,2026-09-22T00:46:24Z,https://github.com/djouallah/lakehouse_benchmark/actions/runs/35673269660,c2871af,10,tpch,linux-6.17.0-1022-azure,4,15.6,3.12.14,polars_iceberg,2.0.0-rc.2,ok,cold,query,2,5.8005,10,ok,
35673269660-1,2026-09-22T00:46:24Z,https://github.com/djouallah/lakehouse_benchmark/actions/runs/35673269660,c2871af,10,tpch,linux-6.17.0-1022-azure,4,15.6,3.12.14,polars_iceberg,2.0.0-rc.2,ok,cold,query,3,3.7767,10,ok,
35673269660-1,2026-09-22T00:46:24Z,https://github.com/djouallah/lakehouse_benchmark/actions/runs/35673269660,c2871af,10,tpch,linux-6.17.0-1022-azure,4,15.6,3.12.14,polars_iceberg,2.0.0-rc.2,ok,cold,query,4,2.5701,5,ok,
35673269660-1,2026-09-22T00:46:24Z,https://github.com/djouallah/lakehouse_benchmark/actions/runs/35673269660,c2871af,10,tpch,linux-6.17.0-1022-azure,4,15.6,3.12.14,polars_iceberg,2.0.0-rc.2,ok,cold,query,5,3.9151,5,ok,
35673269660-1,2026-09-22T00:46:24Z,https://github.com/djouallah/lakehouse_benchmark/actions/runs/35673269660,c2871af,10,tpch,linux-6.17.0-1022-azure,4,15.6,3.12.14,polars_iceberg,2.0.0-rc.2,ok,cold,query,6,1.9937,1,ok,
35673269660-1,2026-09-22T00:46:24Z,https://github.com/djouallah/lakehouse_benchmark/actions/runs/35673269660,c2871af,10,tpch,linux-6.17.0-1022-azure,4,15.6,3.12.14,polars_iceberg,2.0.0-rc.2,ok,cold,query,7,10.4158,9,ok,
35673269660-1,2026-09-22T00:46:24Z,https://github.com/djouallah/lakehouse_benchmark/actions/runs/35673269660,c2871af,10,tpch,linux-6.17.0-1022-azure,4,15.6,3.12.14,polars_iceberg,2.0.0-rc.2,ok,cold,query,8,7.1064,2,ok,
35673269660-1,2026-09-22T00:46:24Z,https://github.com/djouallah/lakehouse_benchmark/actions/runs/35673269660,c2871af,10,tpch,linux-6.17.0-1022-azure,4,15.6,3.12.14,polars_iceberg,2.0.0-rc.2,ok,cold,query,9,7.7013,175,ok,
35673269660-1,2026-09-22T00:46:24Z,https://github.com/djouallah/lakehouse_benchmark/actions/runs/35673269660,c2871af,10,tpch,linux-6.17.0-1022-azure,4,15.6,3.12.14,polars_iceberg,2.0.0-rc.2,ok,cold,query,10,5.3757,20,ok,
35673269660-1,2026-09-22T00:46:24Z,https://github.com/djouallah/lakehouse_benchmark/actions/runs/35673269660,c2871af,10,tpch,linux-6.17.0-1022-azure,4,15.6,3.12.14,polars_iceberg,2.0.0-rc.2,ok,cold,query,11,3.1256,8685,ok,
35673269660-1,2026-09-22T00:46:24Z,https://github.com/djouallah/lakehouse_benchmark/actions/runs/35673269660,c2871af,10,tpch,linux-6.17.0-1022-azure,4,15.6,3.12.14,polars_iceberg,2.0.0-rc.2,ok,cold,query,12,1.615,2,ok,
35673269660-1,2026-09-22T00:46:24Z,https://github.com/djouallah/lakehouse_benchmark/actions/runs/35673269660,c2871af,10,tpch,linux-6.17.0-1022-azure,4,15.6,3.12.14,polars_iceberg,2.0.0-rc.2,ok,cold,query,13,4.1663,46,ok,
35673269660-1,2026-09-22T00:46:24Z,https://github.com/djouallah/lakehouse_benchmark/actions/runs/35673269660,c2871af,10,tpch,linux-6.17.0-1022-azure,4,15.6,3.12.14,polars_iceberg,2.0.0-rc.2,ok,cold,query,14,2.0958,1,ok,
35673269660-1,2026-09-22T00:46:24Z,https://github.com/djouallah/lakehouse_benchmark/actions/runs/35673269660,c2871af,10,tpch,linux-6.17.0-1022-azure,4,15.6,3.12.14,polars_iceberg,2.0.0-rc.2,ok,cold,query,15,1.4284,1,ok,
35673269660-1,2026-09-22T00:46:24Z,https://github.com/djouallah/lakehouse_benchmark/actions/runs/35673269660,c2871af,10,tpch,linux-6.17.0-1022-azure,4,15.6,3.12.14,polars_iceberg,2.0.0-rc.2,ok,cold,query,16,0.8115,27840,ok,
35673269660-1,2026-09-22T00:46:24Z,https://github.com/djouallah/lakehouse_benchmark/actions/runs/35673269660,c2871af,10,tpch,linux-6.17.0-1022-azure,4,15.6,3.12.14,polars_iceberg,2.0.0-rc.2,ok,cold,query,17,5.2288,1,ok,
35673269660-1,2026-09-22T00:46:24Z,https://github.com/djouallah/lakehouse_benchmark/actions/runs/35673269660,c2871af,10,tpch,linux-6.17.0-1022-azure,4,15.6,3.12.14,polars_iceberg,2.0.0-rc.2,ok,cold,query,18,7.7062,100,ok,
35673269660-1,2026-09-22T00:46:24Z,https://github.com/djouallah/lakehouse_benchmark/actions/runs/35673269660,c2871af,10,tpch,linux-6.17.0-1022-azure,4,15.6,3.12.14,polars_iceberg,2.0.0-rc.2,ok,cold,query,19,2.1187,1,ok,
35673269660-1,2026-09-22T00:46:24Z,https://github.com/djouallah/lakehouse_benchmark/actions/runs/35673269660,c2871af,10,tpch,linux-6.17.0-1022-azure,4,15.6,3.12.14,polars_iceberg,2.0.0-rc.2,ok,cold,query,20,3.4294,1804,ok,
35673269660-1,2026-09-22T00:46:24Z,https://github.com/djouallah/lakehouse_benchmark/actions/runs/35673269660,c2871af,10,tpch,linux-6.17.0-1022-azure,4,15.6,3.12.14,polars_iceberg,2.0.0-rc.2,ok,cold,query,21,7.6679,100,ok,
35673269660-1,2026-09-22T00:46:24Z,https://github.com/djouallah/lakehouse_benchmark/actions/runs/35673269660,c2871af,10,tpch,linux-6.17.0-1022-azure,4,15.6,3.12.14,polars_iceberg,2.0.0-rc.2,ok,cold,query,22,1.0699,7,ok,
35673269660-1,2026-09-22T00:46:24Z,https://github.com/djouallah/lakehouse_benchmark/actions/runs/35673269660,c2871af,10,tpch,linux-6.17.0-1022-azure,4,15.6,3.12.14,polars_iceberg,2.0.0-rc.2,ok,warm,query,1,7.6401,4,ok,
35673269660-1,2026-09-22T00:46:24Z,https://github.com/djouallah/lakehouse_benchmark/actions/runs/35673269660,c2871af,10,tpch,linux-6.17.0-1022-azure,4,15.6,3.12.14,polars_iceberg,2.0.0-rc.2,ok,warm,query,2,2.5178,10,ok,
35673269660-1,2026-09-22T00:46:24Z,https://github.com/djouallah/lakehouse_benchmark/actions/runs/35673269660,c2871af,10,tpch,linux-6.17.0-1022-azure,4,15.6,3.12.14,polars_iceberg,2.0.0-rc.2,ok,warm,query,3,2.3378,10,ok,
35673269660-1,2026-09-22T00:46:24Z,https://github.com/djouallah/lakehouse_benchmark/actions/runs/35673269660,c2871af,10,tpch,linux-6.17.0-1022-azure,4,15.6,3.12.14,polars_iceberg,2.0.0-rc.2,ok,warm,query,4,1.9721,5,ok,
35673269660-1,2026-09-22T00:46:24Z,https://github.com/djouallah/lakehouse_benchmark/actions/runs/35673269660,c2871af,10,tpch,linux-6.17.0-1022-azure,4,15.6,3.12.14,polars_iceberg,2.0.0-rc.2,ok,warm,query,5,3.9474,5,ok,
35673269660-1,2026-09-22T00:46:24Z,https://github.com/djouallah/lakehouse_benchmark/actions/runs/35673269660,c2871af,10,tpch,linux-6.17.0-1022-azure,4,15.6,3.12.14,polars_iceberg,2.0.0-rc.2,ok,warm,query,6,2.6272,1,ok,
35673269660-1,2026-09-22T00:46:24Z,https://github.com/djouallah/lakehouse_benchmark/actions/runs/35673269660,c2871af,10,tpch,linux-6.17.0-1022-azure,4,15.6,3.12.14,polars_iceberg,2.0.0-rc.2,ok,warm,query,7,14.1357,9,ok,
35673269660-1,2026-09-22T00:46:24Z,https://github.com/djouallah/lakehouse_benchmark/actions/runs/35673269660,c2871af,10,tpch,linux-6.17.0-1022-azure,4,15.6,3.12.14,polars_iceberg,2.0.0-rc.2,ok,warm,query,8,6.8538,2,ok,
35673269660-1,2026-09-22T00:46:24Z,https://github.com/djouallah/lakehouse_benchmark/actions/runs/35673269660,c2871af,10,tpch,linux-6.17.0-1022-azure,4,15.6,3.12.14,polars_iceberg,2.0.0-rc.2,ok,warm,query,9,5.3578,175,ok,
35673269660-1,2026-09-22T00:46:24Z,https://github.com/djouallah/lakehouse_benchmark/actions/runs/35673269660,c2871af,10,tpch,linux-6.17.0-1022-azure,4,15.6,3.12.14,polars_iceberg,2.0.0-rc.2,ok,warm,query,10,2.5297,20,ok,
35673269660-1,2026-09-22T00:46:24Z,https://github.com/djouallah/lakehouse_benchmark/actions/runs/35673269660,c2871af,10,tpch,linux-6.17.0-1022-azure,4,15.6,3.12.14,polars_iceberg,2.0.0-rc.2,ok,warm,query,11,0.7233,8685,ok,
35673269660-1,2026-09-22T00:46:24Z,https://github.com/djouallah/lakehouse_benchmark/actions/runs/35673269660,c2871af,10,tpch,linux-6.17.0-1022-azure,4,15.6,3.12.14,polars_iceberg,2.0.0-rc.2,ok,warm,query,12,1.4717,2,ok,
35673269660-1,2026-09-22T00:46:24Z,https://github.com/djouallah/lakehouse_benchmark/actions/runs/35673269660,c2871af,10,tpch,linux-6.17.0-1022-azure,4,15.6,3.12.14,polars_iceberg,2.0.0-rc.2,ok,warm,query,13,2.8775,46,ok,
35673269660-1,2026-09-22T00:46:24Z,https://github.com/djouallah/lakehouse_benchmark/actions/runs/35673269660,c2871af,10,tpch,linux-6.17.0-1022-azure,4,15.6,3.12.14,polars_iceberg,2.0.0-rc.2,ok,warm,query,14,3.1206,1,ok,
35673269660-1,2026-09-22T00:46:24Z,https://github.com/djouallah/lakehouse_benchmark/actions/runs/35673269660,c2871af,10,tpch,linux-6.17.0-1022-azure,4,15.6,3.12.14,polars_iceberg,2.0.0-rc.2,ok,warm,query,15,3.5021,1,ok,
35673269660-1,2026-09-22T00:46:24Z,https://github.com/djouallah/lakehouse_benchmark/actions/runs/35673269660,c2871af,10,tpch,linux-6.17.0-1022-azure,4,15.6,3.12.14,polars_iceberg,2.0.0-rc.2,ok,warm,query,16,2.6947,27840,ok,
35673269660-1,2026-09-22T00:46:24Z,https://github.com/djouallah/lakehouse_benchmark/actions/runs/35673269660,c2871af,10,tpch,linux-6.17.0-1022-azure,4,15.6,3.12.14,polars_iceberg,2.0.0-rc.2,ok,warm,query,17,7.3928,1,ok,
35673269660-1,2026-09-22T00:46:24Z,https://github.com/djouallah/lakehouse_benchmark/actions/runs/35673269660,c2871af,10,tpch,linux-6.17.0-1022-azure,4,15.6,3.12.14,polars_iceberg,2.0.0-rc.2,ok,warm,query,18,9.5625,100,ok,
35673269660-1,2026-09-22T00:46:24Z,https://github.com/djouallah/lakehouse_benchmark/actions/runs/35673269660,c2871af,10,tpch,linux-6.17.0-1022-azure,4,15.6,3.12.14,polars_iceberg,2.0.0-rc.2,ok,warm,query,19,2.8591,1,ok,
35673269660-1,2026-09-22T00:46:24Z,https://github.com/djouallah/lakehouse_benchmark/actions/runs/35673269660,c2871af,10,tpch,linux-6.17.0-1022-azure,4,15.6,3.12.14,polars_iceberg,2.0.0-rc.2,ok,warm,query,20,4.5127,1804,ok,
35673269660-1,2026-09-22T00:46:24Z,https://github.com/djouallah/lakehouse_benchmark/actions/runs/35673269660,c2871af,10,tpch,linux-6.17.0-1022-azure,4,15.6,3.12.14,polars_iceberg,2.0.0-rc.2,ok,warm,query,21,7.6437,100,ok,
35673269660-1,2026-09-22T00:46:24Z,https://github.com/djouallah/lakehouse_benchmark/actions/runs/35673269660,c2871af,10,tpch,linux-6.17.0-1022-azure,4,15.6,3.12.14,polars_iceberg,2.0.0-rc.2,ok,warm,query,22,1.0549,7,ok,
35673269660-1,2026-09-22T00:46:24Z,https://github.com/djouallah/lakehouse_benchmark/actions/runs/35673269660,c2871af,10,tpch,linux-6.17.0-1022-azure,4,15.6,3.12.14,pyspark_iceberg,4.1.3 + iceberg Apache Iceberg 1.11.0 (commit 6976e020b894f6a6777704df2b8c4458cb291ae9),ok,cold,setup,0,18.9014,,ok,
35673269660-1,2026-09-22T00:46:24Z,https://github.com/djouallah/lakehouse_benchmark/actions/runs/35673269660,c2871af,10,tpch,linux-6.17.0-1022-azure,4,15.6,3.12.14,pyspark_iceberg,4.1.3 + iceberg Apache Iceberg 1.11.0 (commit 6976e020b894f6a6777704df2b8c4458cb291ae9),ok,cold,query,1,42.5133,4,ok,
35673269660-1,2026-09-22T00:46:24Z,https://github.com/djouallah/lakehouse_benchmark/actions/runs/35673269660,c2871af,10,tpch,linux-6.17.0-1022-azure,4,15.6,3.12.14,pyspark_iceberg,4.1.3 + iceberg Apache Iceberg 1.11.0 (commit 6976e020b894f6a6777704df2b8c4458cb291ae9),ok,cold,query,2,10.1828,10,ok,
35673269660-1,2026-09-22T00:46:24Z,https://github.com/djouallah/lakehouse_benchmark/actions/runs/35673269660,c2871af,10,tpch,linux-6.17.0-1022-azure,4,15.6,3.12.14,pyspark_iceberg,4.1.3 + iceberg Apache Iceberg 1.11.0 (commit 6976e020b894f6a6777704df2b8c4458cb291ae9),ok,cold,query,3,37.798,10,ok,
35673269660-1,2026-09-22T00:46:24Z,https://github.com/djouallah/lakehouse_benchmark/actions/runs/35673269660,c2871af,10,tpch,linux-6.17.0-1022-azure,4,15.6,3.12.14,pyspark_iceberg,4.1.3 + iceberg Apache Iceberg 1.11.0 (commit 6976e020b894f6a6777704df2b8c4458cb291ae9),ok,cold,query,4,11.3165,5,ok,
35673269660-1,2026-09-22T00:46:24Z,https://github.com/djouallah/lakehouse_benchmark/actions/runs/35673269660,c2871af,10,tpch,linux-6.17.0-1022-azure,4,15.6,3.12.14,pyspark_iceberg,4.1.3 + iceberg Apache Iceberg 1.11.0 (commit 6976e020b894f6a6777704df2b8c4458cb291ae9),ok,cold,query,5,26.3181,5,ok,
35673269660-1,2026-09-22T00:46:24Z,https://github.com/djouallah/lakehouse_benchmark/actions/runs/35673269660,c2871af,10,tpch,linux-6.17.0-1022-azure,4,15.6,3.12.14,pyspark_iceberg,4.1.3 + iceberg Apache Iceberg 1.11.0 (commit 6976e020b894f6a6777704df2b8c4458cb291ae9),ok,cold,query,6,7.417,1,ok,
35673269660-1,2026-09-22T00:46:24Z,https://github.com/djouallah/lakehouse_benchmark/actions/runs/35673269660,c2871af,10,tpch,linux-6.17.0-1022-azure,4,15.6,3.12.14,pyspark_iceberg,4.1.3 + iceberg Apache Iceberg 1.11.0 (commit 6976e020b894f6a6777704df2b8c4458cb291ae9),ok,cold,query,7,40.0955,9,ok,
35673269660-1,2026-09-22T00:46:24Z,https://github.com/djouallah/lakehouse_benchmark/actions/runs/35673269660,c2871af,10,tpch,linux-6.17.0-1022-azure,4,15.6,3.12.14,pyspark_iceberg,4.1.3 + iceberg Apache Iceberg 1.11.0 (commit 6976e020b894f6a6777704df2b8c4458cb291ae9),ok,cold,query,8,23.7372,2,ok,
35673269660-1,2026-09-22T00:46:24Z,https://github.com/djouallah/lakehouse_benchmark/actions/runs/35673269660,c2871af,10,tpch,linux-6.17.0-1022-azure,4,15.6,3.12.14,pyspark_iceberg,4.1.3 + iceberg Apache Iceberg 1.11.0 (commit 6976e020b894f6a6777704df2b8c4458cb291ae9),ok,cold,query,9,31.4046,175,ok,
35673269660-1,2026-09-22T00:46:24Z,https://github.com/djouallah/lakehouse_benchmark/actions/runs/35673269660,c2871af,10,tpch,linux-6.17.0-1022-azure,4,15.6,3.12.14,pyspark_iceberg,4.1.3 + iceberg Apache Iceberg 1.11.0 (commit 6976e020b894f6a6777704df2b8c4458cb291ae9),ok,cold,query,10,13.3436,20,ok,
35673269660-1,2026-09-22T00:46:24Z,https://github.com/djouallah/lakehouse_benchmark/actions/runs/35673269660,c2871af,10,tpch,linux-6.17.0-1022-azure,4,15.6,3.12.14,pyspark_iceberg,4.1.3 + iceberg Apache Iceberg 1.11.0 (commit 6976e020b894f6a6777704df2b8c4458cb291ae9),ok,cold,query,11,2.9242,8685,ok,
35673269660-1,2026-09-22T00:46:24Z,https://github.com/djouallah/lakehouse_benchmark/actions/runs/35673269660,c2871af,10,tpch,linux-6.17.0-1022-azure,4,15.6,3.12.14,pyspark_iceberg,4.1.3 + iceberg Apache Iceberg 1.11.0 (commit 6976e020b894f6a6777704df2b8c4458cb291ae9),ok,cold,query,12,9.7417,2,ok,
35673269660-1,2026-09-22T00:46:24Z,https://github.com/djouallah/lakehouse_benchmark/actions/runs/35673269660,c2871af,10,tpch,linux-6.17.0-1022-azure,4,15.6,3.12.14,pyspark_iceberg,4.1.3 + iceberg Apache Iceberg 1.11.0 (commit 6976e020b894f6a6777704df2b8c4458cb291ae9),ok,cold,query,13,11.4234,46,ok,
35673269660-1,2026-09-22T00:46:24Z,https://github.com/djouallah/lakehouse_benchmark/actions/runs/35673269660,c2871af,10,tpch,linux-6.17.0-1022-azure,4,15.6,3.12.14,pyspark_iceberg,4.1.3 + iceberg Apache Iceberg 1.11.0 (commit 6976e020b894f6a6777704df2b8c4458cb291ae9),ok,cold,query,14,7.435,1,ok,
35673269660-1,2026-09-22T00:46:24Z,https://github.com/djouallah/lakehouse_benchmark/actions/runs/35673269660,c2871af,10,tpch,linux-6.17.0-1022-azure,4,15.6,3.12.14,pyspark_iceberg,4.1.3 + iceberg Apache Iceberg 1.11.0 (commit 6976e020b894f6a6777704df2b8c4458cb291ae9),ok,cold,query,15,19.778,1,ok,
35673269660-1,2026-09-22T00:46:24Z,https://github.com/djouallah/lakehouse_benchmark/actions/runs/35673269660,c2871af,10,tpch,linux-6.17.0-1022-azure,4,15.6,3.12.14,pyspark_iceberg,4.1.3 + iceberg Apache Iceberg 1.11.0 (commit 6976e020b894f6a6777704df2b8c4458cb291ae9),ok,cold,query,16,5.0497,27840,ok,
35673269660-1,2026-09-22T00:46:24Z,https://github.com/djouallah/lakehouse_benchmark/actions/runs/35673269660,c2871af,10,tpch,linux-6.17.0-1022-azure,4,15.6,3.12.14,pyspark_iceberg,4.1.3 + iceberg Apache Iceberg 1.11.0 (commit 6976e020b894f6a6777704df2b8c4458cb291ae9),ok,cold,query,17,36.7634,1,ok,
35673269660-1,2026-09-22T00:46:24Z,https://github.com/djouallah/lakehouse_benchmark/actions/runs/35673269660,c2871af,10,tpch,linux-6.17.0-1022-azure,4,15.6,3.12.14,pyspark_iceberg,4.1.3 + iceberg Apache Iceberg 1.11.0 (commit 6976e020b894f6a6777704df2b8c4458cb291ae9),ok,cold,query,18,31.9264,100,ok,
35673269660-1,2026-09-22T00:46:24Z,https://github.com/djouallah/lakehouse_benchmark/actions/runs/35673269660,c2871af,10,tpch,linux-6.17.0-1022-azure,4,15.6,3.12.14,pyspark_iceberg,4.1.3 + iceberg Apache Iceberg 1.11.0 (commit 6976e020b894f6a6777704df2b8c4458cb291ae9),ok,cold,query,19,9.1769,1,ok,
35673269660-1,2026-09-22T00:46:24Z,https://github.com/djouallah/lakehouse_benchmark/actions/runs/35673269660,c2871af,10,tpch,linux-6.17.0-1022-azure,4,15.6,3.12.14,pyspark_iceberg,4.1.3 + iceberg Apache Iceberg 1.11.0 (commit 6976e020b894f6a6777704df2b8c4458cb291ae9),ok,cold,query,20,9.0381,1804,ok,
35673269660-1,2026-09-22T00:46:24Z,https://github.com/djouallah/lakehouse_benchmark/actions/runs/35673269660,c2871af,10,tpch,linux-6.17.0-1022-azure,4,15.6,3.12.14,pyspark_iceberg,4.1.3 + iceberg Apache Iceberg 1.11.0 (commit 6976e020b894f6a6777704df2b8c4458cb291ae9),ok,cold,query,21,37.1899,100,ok,
35673269660-1,2026-09-22T00:46:24Z,https://github.com/djouallah/lakehouse_benchmark/actions/runs/35673269660,c2871af,10,tpch,linux-6.17.0-1022-azure,4,15.6,3.12.14,pyspark_iceberg,4.1.3 + iceberg Apache Iceberg 1.11.0 (commit 6976e020b894f6a6777704df2b8c4458cb291ae9),ok,cold,query,22,5.2691,7,ok,
35673269660-1,2026-09-22T00:46:24Z,https://github.com/djouallah/lakehouse_benchmark/actions/runs/35673269660,c2871af,10,tpch,linux-6.17.0-1022-azure,4,15.6,3.12.14,pyspark_iceberg,4.1.3 + iceberg Apache Iceberg 1.11.0 (commit 6976e020b894f6a6777704df2b8c4458cb291ae9),ok,warm,query,1,36.101,4,ok,
35673269660-1,2026-09-22T00:46:24Z,https://github.com/djouallah/lakehouse_benchmark/actions/runs/35673269660,c2871af,10,tpch,linux-6.17.0-1022-azure,4,15.6,3.12.14,pyspark_iceberg,4.1.3 + iceberg Apache Iceberg 1.11.0 (commit 6976e020b894f6a6777704df2b8c4458cb291ae9),ok,warm,query,2,6.9723,10,ok,
35673269660-1,2026-09-22T00:46:24Z,https://github.com/djouallah/lakehouse_benchmark/actions/runs/35673269660,c2871af,10,tpch,linux-6.17.0-1022-azure,4,15.6,3.12.14,pyspark_iceberg,4.1.3 + iceberg Apache Iceberg 1.11.0 (commit 6976e020b894f6a6777704df2b8c4458cb291ae9),ok,warm,query,3,14.8899,10,ok,
35673269660-1,2026-09-22T00:46:24Z,https://github.com/djouallah/lakehouse_benchmark/actions/runs/35673269660,c2871af,10,tpch,linux-6.17.0-1022-azure,4,15.6,3.12.14,pyspark_iceberg,4.1.3 + iceberg Apache Iceberg 1.11.0 (commit 6976e020b894f6a6777704df2b8c4458cb291ae9),ok,warm,query,4,10.5998,5,ok,
35673269660-1,2026-09-22T00:46:24Z,https://github.com/djouallah/lakehouse_benchmark/actions/runs/35673269660,c2871af,10,tpch,linux-6.17.0-1022-azure,4,15.6,3.12.14,pyspark_iceberg,4.1.3 + iceberg Apache Iceberg 1.11.0 (commit 6976e020b894f6a6777704df2b8c4458cb291ae9),ok,warm,query,5,25.28,5,ok,
35673269660-1,2026-09-22T00:46:24Z,https://github.com/djouallah/lakehouse_benchmark/actions/runs/35673269660,c2871af,10,tpch,linux-6.17.0-1022-azure,4,15.6,3.12.14,pyspark_iceberg,4.1.3 + iceberg Apache Iceberg 1.11.0 (commit 6976e020b894f6a6777704df2b8c4458cb291ae9),ok,warm,query,6,7.2065,1,ok,
35673269660-1,2026-09-22T00:46:24Z,https://github.com/djouallah/lakehouse_benchmark/actions/runs/35673269660,c2871af,10,tpch,linux-6.17.0-1022-azure,4,15.6,3.12.14,pyspark_iceberg,4.1.3 + iceberg Apache Iceberg 1.11.0 (commit 6976e020b894f6a6777704df2b8c4458cb291ae9),ok,warm,query,7,39.3916,9,ok,
35673269660-1,2026-09-22T00:46:24Z,https://github.com/djouallah/lakehouse_benchmark/actions/runs/35673269660,c2871af,10,tpch,linux-6.17.0-1022-azure,4,15.6,3.12.14,pyspark_iceberg,4.1.3 + iceberg Apache Iceberg 1.11.0 (commit 6976e020b894f6a6777704df2b8c4458cb291ae9),ok,warm,query,8,25.4048,2,ok,
35673269660-1,2026-09-22T00:46:24Z,https://github.com/djouallah/lakehouse_benchmark/actions/runs/35673269660,c2871af,10,tpch,linux-6.17.0-1022-azure,4,15.6,3.12.14,pyspark_iceberg,4.1.3 + iceberg Apache Iceberg 1.11.0 (commit 6976e020b894f6a6777704df2b8c4458cb291ae9),ok,warm,query,9,29.5046,175,ok,
35673269660-1,2026-09-22T00:46:24Z,https://github.com/djouallah/lakehouse_benchmark/actions/runs/35673269660,c2871af,10,tpch,linux-6.17.0-1022-azure,4,15.6,3.12.14,pyspark_iceberg,4.1.3 + iceberg Apache Iceberg 1.11.0 (commit 6976e020b894f6a6777704df2b8c4458cb291ae9),ok,warm,query,10,13.2765,20,ok,
35673269660-1,2026-09-22T00:46:24Z,https://github.com/djouallah/lakehouse_benchmark/actions/runs/35673269660,c2871af,10,tpch,linux-6.17.0-1022-azure,4,15.6,3.12.14,pyspark_iceberg,4.1.3 + iceberg Apache Iceberg 1.11.0 (commit 6976e020b894f6a6777704df2b8c4458cb291ae9),ok,warm,query,11,2.7086,8685,ok,
35673269660-1,2026-09-22T00:46:24Z,https://github.com/djouallah/lakehouse_benchmark/actions/runs/35673269660,c2871af,10,tpch,linux-6.17.0-1022-azure,4,15.6,3.12.14,pyspark_iceberg,4.1.3 + iceberg Apache Iceberg 1.11.0 (commit 6976e020b894f6a6777704df2b8c4458cb291ae9),ok,warm,query,12,9.7296,2,ok,
35673269660-1,2026-09-22T00:46:24Z,https://github.com/djouallah/lakehouse_benchmark/actions/runs/35673269660,c2871af,10,tpch,linux-6.17.0-1022-azure,4,15.6,3.12.14,pyspark_iceberg,4.1.3 + iceberg Apache Iceberg 1.11.0 (commit 6976e020b894f6a6777704df2b8c4458cb291ae9),ok,warm,query,13,11.6116,46,ok,
35673269660-1,2026-09-22T00:46:24Z,https://github.com/djouallah/lakehouse_benchmark/actions/runs/35673269660,c2871af,10,tpch,linux-6.17.0-1022-azure,4,15.6,3.12.14,pyspark_iceberg,4.1.3 + iceberg Apache Iceberg 1.11.0 (commit 6976e020b894f6a6777704df2b8c4458cb291ae9),ok,warm,query,14,7.2962,1,ok,
35673269660-1,2026-09-22T00:46:24Z,https://github.com/djouallah/lakehouse_benchmark/actions/runs/35673269660,c2871af,10,tpch,linux-6.17.0-1022-azure,4,15.6,3.12.14,pyspark_iceberg,4.1.3 + iceberg Apache Iceberg 1.11.0 (commit 6976e020b894f6a6777704df2b8c4458cb291ae9),ok,warm,query,15,14.2229,1,ok,
35673269660-1,2026-09-22T00:46:24Z,https://github.com/djouallah/lakehouse_benchmark/actions/runs/35673269660,c2871af,10,tpch,linux-6.17.0-1022-azure,4,15.6,3.12.14,pyspark_iceberg,4.1.3 + iceberg Apache Iceberg 1.11.0 (commit 6976e020b894f6a6777704df2b8c4458cb291ae9),ok,warm,query,16,4.708,27840,ok,
35673269660-1,2026-09-22T00:46:24Z,https://github.com/djouallah/lakehouse_benchmark/actions/runs/35673269660,c2871af,10,tpch,linux-6.17.0-1022-azure,4,15.6,3.12.14,pyspark_iceberg,4.1.3 + iceberg Apache Iceberg 1.11.0 (commit 6976e020b894f6a6777704df2b8c4458cb291ae9),ok,warm,query,17,37.709,1,ok,
35673269660-1,2026-09-22T00:46:24Z,https://github.com/djouallah/lakehouse_benchmark/actions/runs/35673269660,c2871af,10,tpch,linux-6.17.0-1022-azure,4,15.6,3.12.14,pyspark_iceberg,4.1.3 + iceberg Apache Iceberg 1.11.0 (commit 6976e020b894f6a6777704df2b8c4458cb291ae9),ok,warm,query,18,32.0829,100,ok,
35673269660-1,2026-09-22T00:46:24Z,https://github.com/djouallah/lakehouse_benchmark/actions/runs/35673269660,c2871af,10,tpch,linux-6.17.0-1022-azure,4,15.6,3.12.14,pyspark_iceberg,4.1.3 + iceberg Apache Iceberg 1.11.0 (commit 6976e020b894f6a6777704df2b8c4458cb291ae9),ok,warm,query,19,9.0132,1,ok,
35673269660-1,2026-09-22T00:46:24Z,https://github.com/djouallah/lakehouse_benchmark/actions/runs/35673269660,c2871af,10,tpch,linux-6.17.0-1022-azure,4,15.6,3.12.14,pyspark_iceberg,4.1.3 + iceberg Apache Iceberg 1.11.0 (commit 6976e020b894f6a6777704df2b8c4458cb291ae9),ok,warm,query,20,8.9399,1804,ok,
35673269660-1,2026-09-22T00:46:24Z,https://github.com/djouallah/lakehouse_benchmark/actions/runs/35673269660,c2871af,10,tpch,linux-6.17.0-1022-azure,4,15.6,3.12.14,pyspark_iceberg,4.1.3 + iceberg Apache Iceberg 1.11.0 (commit 6976e020b894f6a6777704df2b8c4458cb291ae9),ok,warm,query,21,38.0992,100,ok,
35673269660-1,2026-09-22T00:46:24Z,https://github.com/djouallah/lakehouse_benchmark/actions/runs/35673269660,c2871af,10,tpch,linux-6.17.0-1022-azure,4,15.6,3.12.14,pyspark_iceberg,4.1.3 + iceberg Apache Iceberg 1.11.0 (commit 6976e020b894f6a6777704df2b8c4458cb291ae9),ok,warm,query,22,5.1366,7,ok,
35803972302-1,2026-09-23T00:54:04Z,https://github.com/djouallah/lakehouse_benchmark/actions/runs/35803972302,274704b,10,tpch,linux-6.17.0-1022-azure,4,15.6,3.12.14,pyspark_gluten_iceberg,4.1.1 + iceberg Apache Iceberg 1.11.0 (commit 6976e020b894f6a6777704df2b8c4458cb291ae9),ok,cold,setup,0,34.4272,,ok,
35803972302-1,2026-09-23T00:54:04Z,https://github.com/djouallah/lakehouse_benchmark/actions/runs/35803972302,274704b,10,tpch,linux-6.17.0-1022-azure,4,15.6,3.12.14,pyspark_gluten_iceberg,4.1.1 + iceberg Apache Iceberg 1.11.0 (commit 6976e020b894f6a6777704df2b8c4458cb291ae9),ok,cold,query,1,12.4332,4,ok,
35803972302-1,2026-09-23T00:54:04Z,https://github.com/djouallah/lakehouse_benchmark/actions/runs/35803972302,274704b,10,tpch,linux-6.17.0-1022-azure,4,15.6,3.12.14,pyspark_gluten_iceberg,4.1.1 + iceberg Apache Iceberg 1.11.0 (commit 6976e020b894f6a6777704df2b8c4458cb291ae9),ok,cold,query,2,5.989,10,ok,
35803972302-1,2026-09-23T00:54:04Z,https://github.com/djouallah/lakehouse_benchmark/actions/runs/35803972302,274704b,10,tpch,linux-6.17.0-1022-azure,4,15.6,3.12.14,pyspark_gluten_iceberg,4.1.1 + iceberg Apache Iceberg 1.11.0 (commit 6976e020b894f6a6777704df2b8c4458cb291ae9),ok,cold,query,3,5.6825,10,ok,
35803972302-1,2026-09-23T00:54:04Z,https://github.com/djouallah/lakehouse_benchmark/actions/runs/35803972302,274704b,10,tpch,linux-6.17.0-1022-azure,4,15.6,3.12.14,pyspark_gluten_iceberg,4.1.1 + iceberg Apache Iceberg 1.11.0 (commit 6976e020b894f6a6777704df2b8c4458cb291ae9),ok,cold,query,4,4.4083,5,ok,
35803972302-1,2026-09-23T00:54:04Z,https://github.com/djouallah/lakehouse_benchmark/actions/runs/35803972302,274704b,10,tpch,linux-6.17.0-1022-azure,4,15.6,3.12.14,pyspark_gluten_iceberg,4.1.1 + iceberg Apache Iceberg 1.11.0 (commit 6976e020b894f6a6777704df2b8c4458cb291ae9),ok,cold,query,5,7.7237,5,ok,
35803972302-1,2026-09-23T00:54:04Z,https://github.com/djouallah/lakehouse_benchmark/actions/runs/35803972302,274704b,10,tpch,linux-6.17.0-1022-azure,4,15.6,3.12.14,pyspark_gluten_iceberg,4.1.1 + iceberg Apache Iceberg 1.11.0 (commit 6976e020b894f6a6777704df2b8c4458cb291ae9),ok,cold,query,6,1.2589,1,ok,
35803972302-1,2026-09-23T00:54:04Z,https://github.com/djouallah/lakehouse_benchmark/actions/runs/35803972302,274704b,10,tpch,linux-6.17.0-1022-azure,4,15.6,3.12.14,pyspark_gluten_iceberg,4.1.1 + iceberg Apache Iceberg 1.11.0 (commit 6976e020b894f6a6777704df2b8c4458cb291ae9),ok,cold,query,7,13.0407,9,ok,
35803972302-1,2026-09-23T00:54:04Z,https://github.com/djouallah/lakehouse_benchmark/actions/runs/35803972302,274704b,10,tpch,linux-6.17.0-1022-azure,4,15.6,3.12.14,pyspark_gluten_iceberg,4.1.1 + iceberg Apache Iceberg 1.11.0 (commit 6976e020b894f6a6777704df2b8c4458cb291ae9),ok,cold,query,8,8.4017,2,ok,
35803972302-1,2026-09-23T00:54:04Z,https://github.com/djouallah/lakehouse_benchmark/actions/runs/35803972302,274704b,10,tpch,linux-6.17.0-1022-azure,4,15.6,3.12.14,pyspark_gluten_iceberg,4.1.1 + iceberg Apache Iceberg 1.11.0 (commit 6976e020b894f6a6777704df2b8c4458cb291ae9),ok,cold,query,9,9.1342,175,ok,
35803972302-1,2026-09-23T00:54:04Z,https://github.com/djouallah/lakehouse_benchmark/actions/runs/35803972302,274704b,10,tpch,linux-6.17.0-1022-azure,4,15.6,3.12.14,pyspark_gluten_iceberg,4.1.1 + iceberg Apache Iceberg 1.11.0 (commit 6976e020b894f6a6777704df2b8c4458cb291ae9),ok,cold,query,10,3.9594,20,ok,
35803972302-1,2026-09-23T00:54:04Z,https://github.com/djouallah/lakehouse_benchmark/actions/runs/35803972302,274704b,10,tpch,linux-6.17.0-1022-azure,4,15.6,3.12.14,pyspark_gluten_iceberg,4.1.1 + iceberg Apache Iceberg 1.11.0 (commit 6976e020b894f6a6777704df2b8c4458cb291ae9),ok,cold,query,11,1.8653,8685,ok,
35803972302-1,2026-09-23T00:54:04Z,https://github.com/djouallah/lakehouse_benchmark/actions/runs/35803972302,274704b,10,tpch,linux-6.17.0-1022-azure,4,15.6,3.12.14,pyspark_gluten_iceberg,4.1.1 + iceberg Apache Iceberg 1.11.0 (commit 6976e020b894f6a6777704df2b8c4458cb291ae9),ok,cold,query,12,2.7233,2,ok,
35803972302-1,2026-09-23T00:54:04Z,https://github.com/djouallah/lakehouse_benchmark/actions/runs/35803972302,274704b,10,tpch,linux-6.17.0-1022-azure,4,15.6,3.12.14,pyspark_gluten_iceberg,4.1.1 + iceberg Apache Iceberg 1.11.0 (commit 6976e020b894f6a6777704df2b8c4458cb291ae9),ok,cold,query,13,2.9045,46,ok,
35803972302-1,2026-09-23T00:54:04Z,https://github.com/djouallah/lakehouse_benchmark/actions/runs/35803972302,274704b,10,tpch,linux-6.17.0-1022-azure,4,15.6,3.12.14,pyspark_gluten_iceberg,4.1.1 + iceberg Apache Iceberg 1.11.0 (commit 6976e020b894f6a6777704df2b8c4458cb291ae9),ok,cold,query,14,1.7718,1,ok,
35803972302-1,2026-09-23T00:54:04Z,https://github.com/djouallah/lakehouse_benchmark/actions/runs/35803972302,274704b,10,tpch,linux-6.17.0-1022-azure,4,15.6,3.12.14,pyspark_gluten_iceberg,4.1.1 + iceberg Apache Iceberg 1.11.0 (commit 6976e020b894f6a6777704df2b8c4458cb291ae9),ok,cold,query,15,2.9884,1,ok,
35803972302-1,2026-09-23T00:54:04Z,https://github.com/djouallah/lakehouse_benchmark/actions/runs/35803972302,274704b,10,tpch,linux-6.17.0-1022-azure,4,15.6,3.12.14,pyspark_gluten_iceberg,4.1.1 + iceberg Apache Iceberg 1.11.0 (commit 6976e020b894f6a6777704df2b8c4458cb291ae9),ok,cold,query,16,1.6786,27840,ok,
35803972302-1,2026-09-23T00:54:04Z,https://github.com/djouallah/lakehouse_benchmark/actions/runs/35803972302,274704b,10,tpch,linux-6.17.0-1022-azure,4,15.6,3.12.14,pyspark_gluten_iceberg,4.1.1 + iceberg Apache Iceberg 1.11.0 (commit 6976e020b894f6a6777704df2b8c4458cb291ae9),ok,cold,query,17,9.8503,1,ok,
35803972302-1,2026-09-23T00:54:04Z,https://github.com/djouallah/lakehouse_benchmark/actions/runs/35803972302,274704b,10,tpch,linux-6.17.0-1022-azure,4,15.6,3.12.14,pyspark_gluten_iceberg,4.1.1 + iceberg Apache Iceberg 1.11.0 (commit 6976e020b894f6a6777704df2b8c4458cb291ae9),ok,cold,query,18,9.2879,100,ok,
35803972302-1,2026-09-23T00:54:04Z,https://github.com/djouallah/lakehouse_benchmark/actions/runs/35803972302,274704b,10,tpch,linux-6.17.0-1022-azure,4,15.6,3.12.14,pyspark_gluten_iceberg,4.1.1 + iceberg Apache Iceberg 1.11.0 (commit 6976e020b894f6a6777704df2b8c4458cb291ae9),ok,cold,query,19,2.2095,1,ok,
35803972302-1,2026-09-23T00:54:04Z,https://github.com/djouallah/lakehouse_benchmark/actions/runs/35803972302,274704b,10,tpch,linux-6.17.0-1022-azure,4,15.6,3.12.14,pyspark_gluten_iceberg,4.1.1 + iceberg Apache Iceberg 1.11.0 (commit 6976e020b894f6a6777704df2b8c4458cb291ae9),ok,cold,query,20,2.9192,1804,ok,
35803972302-1,2026-09-23T00:54:04Z,https://github.com/djouallah/lakehouse_benchmark/actions/runs/35803972302,274704b,10,tpch,linux-6.17.0-1022-azure,4,15.6,3.12.14,pyspark_gluten_iceberg,4.1.1 + iceberg Apache Iceberg 1.11.0 (commit 6976e020b894f6a6777704df2b8c4458cb291ae9),ok,cold,query,21,13.3078,100,ok,
35803972302-1,2026-09-23T00:54:04Z,https://github.com/djouallah/lakehouse_benchmark/actions/runs/35803972302,274704b,10,tpch,linux-6.17.0-1022-azure,4,15.6,3.12.14,pyspark_gluten_iceberg,4.1.1 + iceberg Apache Iceberg 1.11.0 (commit 6976e020b894f6a6777704df2b8c4458cb291ae9),ok,cold,query,22,1.6224,7,ok,
35803972302-1,2026-09-23T00:54:04Z,https://github.com/djouallah/lakehouse_benchmark/actions/runs/35803972302,274704b,10,tpch,linux-6.17.0-1022-azure,4,15.6,3.12.14,pyspark_gluten_iceberg,4.1.1 + iceberg Apache Iceberg 1.11.0 (commit 6976e020b894f6a6777704df2b8c4458cb291ae9),ok,warm,query,1,3.8037,4,ok,
35803972302-1,2026-09-23T00:54:04Z,https://github.com/djouallah/lakehouse_benchmark/actions/runs/35803972302,274704b,10,tpch,linux-6.17.0-1022-azure,4,15.6,3.12.14,pyspark_gluten_iceberg,4.1.1 + iceberg Apache Iceberg 1.11.0 (commit 6976e020b894f6a6777704df2b8c4458cb291ae9),ok,warm,query,2,2.1673,10,ok,
35803972302-1,2026-09-23T00:54:04Z,https://github.com/djouallah/lakehouse_benchmark/actions/runs/35803972302,274704b,10,tpch,linux-6.17.0-1022-azure,4,15.6,3.12.14,pyspark_gluten_iceberg,4.1.1 + iceberg Apache Iceberg 1.11.0 (commit 6976e020b894f6a6777704df2b8c4458cb291ae9),ok,warm,query,3,3.7705,10,ok,
35803972302-1,2026-09-23T00:54:04Z,https://github.com/djouallah/lakehouse_benchmark/actions/runs/35803972302,274704b,10,tpch,linux-6.17.0-1022-azure,4,15.6,3.12.14,pyspark_gluten_iceberg,4.1.1 + iceberg Apache Iceberg 1.11.0 (commit 6976e020b894f6a6777704df2b8c4458cb291ae9),ok,warm,query,4,3.1127,5,ok,
35803972302-1,2026-09-23T00:54:04Z,https://github.com/djouallah/lakehouse_benchmark/actions/runs/35803972302,274704b,10,tpch,linux-6.17.0-1022-azure,4,15.6,3.12.14,pyspark_gluten_iceberg,4.1.1 + iceberg Apache Iceberg 1.11.0 (commit 6976e020b894f6a6777704df2b8c4458cb291ae9),ok,warm,query,5,6.6354,5,ok,
35803972302-1,2026-09-23T00:54:04Z,https://github.com/djouallah/lakehouse_benchmark/actions/runs/35803972302,274704b,10,tpch,linux-6.17.0-1022-azure,4,15.6,3.12.14,pyspark_gluten_iceberg,4.1.1 + iceberg Apache Iceberg 1.11.0 (commit 6976e020b894f6a6777704df2b8c4458cb291ae9),ok,warm,query,6,1.0122,1,ok,
35803972302-1,2026-09-23T00:54:04Z,https://github.com/djouallah/lakehouse_benchmark/actions/runs/35803972302,274704b,10,tpch,linux-6.17.0-1022-azure,4,15.6,3.12.14,pyspark_gluten_iceberg,4.1.1 + iceberg Apache Iceberg 1.11.0 (commit 6976e020b894f6a6777704df2b8c4458cb291ae9),ok,warm,query,7,12.3584,9,ok,
35803972302-1,2026-09-23T00:54:04Z,https://github.com/djouallah/lakehouse_benchmark/actions/runs/35803972302,274704b,10,tpch,linux-6.17.0-1022-azure,4,15.6,3.12.14,pyspark_gluten_iceberg,4.1.1 + iceberg Apache Iceberg 1.11.0 (commit 6976e020b894f6a6777704df2b8c4458cb291ae9),ok,warm,query,8,7.9912,2,ok,
35803972302-1,2026-09-23T00:54:04Z,https://github.com/djouallah/lakehouse_benchmark/actions/runs/35803972302,274704b,10,tpch,linux-6.17.0-1022-azure,4,15.6,3.12.14,pyspark_gluten_iceberg,4.1.1 + iceberg Apache Iceberg 1.11.0 (commit 6976e020b894f6a6777704df2b8c4458cb291ae9),ok,warm,query,9,9.8405,175,ok,
35803972302-1,2026-09-23T00:54:04Z,https://github.com/djouallah/lakehouse_benchmark/actions/runs/35803972302,274704b,10,tpch,linux-6.17.0-1022-azure,4,15.6,3.12.14,pyspark_gluten_iceberg,4.1.1 + iceberg Apache Iceberg 1.11.0 (commit 6976e020b894f6a6777704df2b8c4458cb291ae9),ok,warm,query,10,3.7008,20,ok,
35803972302-1,2026-09-23T00:54:04Z,https://github.com/djouallah/lakehouse_benchmark/actions/runs/35803972302,274704b,10,tpch,linux-6.17.0-1022-azure,4,15.6,3.12.14,pyspark_gluten_iceberg,4.1.1 + iceberg Apache Iceberg 1.11.0 (commit 6976e020b894f6a6777704df2b8c4458cb291ae9),ok,warm,query,11,1.264,8685,ok,
35803972302-1,2026-09-23T00:54:04Z,https://github.com/djouallah/lakehouse_benchmark/actions/runs/35803972302,274704b,10,tpch,linux-6.17.0-1022-azure,4,15.6,3.12.14,pyspark_gluten_iceberg,4.1.1 + iceberg Apache Iceberg 1.11.0 (commit 6976e020b894f6a6777704df2b8c4458cb291ae9),ok,warm,query,12,2.1239,2,ok,
35803972302-1,2026-09-23T00:54:04Z,https://github.com/djouallah/lakehouse_benchmark/actions/runs/35803972302,274704b,10,tpch,linux-6.17.0-1022-azure,4,15.6,3.12.14,pyspark_gluten_iceberg,4.1.1 + iceberg Apache Iceberg 1.11.0 (commit 6976e020b894f6a6777704df2b8c4458cb291ae9),ok,warm,query,13,2.4264,46,ok,
35803972302-1,2026-09-23T00:54:04Z,https://github.com/djouallah/lakehouse_benchmark/actions/runs/35803972302,274704b,10,tpch,linux-6.17.0-1022-azure,4,15.6,3.12.14,pyspark_gluten_iceberg,4.1.1 + iceberg Apache Iceberg 1.11.0 (commit 6976e020b894f6a6777704df2b8c4458cb291ae9),ok,warm,query,14,2.0321,1,ok,
35803972302-1,2026-09-23T00:54:04Z,https://github.com/djouallah/lakehouse_benchmark/actions/runs/35803972302,274704b,10,tpch,linux-6.17.0-1022-azure,4,15.6,3.12.14,pyspark_gluten_iceberg,4.1.1 + iceberg Apache Iceberg 1.11.0 (commit 6976e020b894f6a6777704df2b8c4458cb291ae9),ok,warm,query,15,2.7573,1,ok,
35803972302-1,2026-09-23T00:54:04Z,https://github.com/djouallah/lakehouse_benchmark/actions/runs/35803972302,274704b,10,tpch,linux-6.17.0-1022-azure,4,15.6,3.12.14,pyspark_gluten_iceberg,4.1.1 + iceberg Apache Iceberg 1.11.0 (commit 6976e020b894f6a6777704df2b8c4458cb291ae9),ok,warm,query,16,1.5217,27840,ok,
35803972302-1,2026-09-23T00:54:04Z,https://github.com/djouallah/lakehouse_benchmark/actions/runs/35803972302,274704b,10,tpch,linux-6.17.0-1022-azure,4,15.6,3.12.14,pyspark_gluten_iceberg,4.1.1 + iceberg Apache Iceberg 1.11.0 (commit 6976e020b894f6a6777704df2b8c4458cb291ae9),ok,warm,query,17,10.3636,1,ok,
35803972302-1,2026-09-23T00:54:04Z,https://github.com/djouallah/lakehouse_benchmark/actions/runs/35803972302,274704b,10,tpch,linux-6.17.0-1022-azure,4,15.6,3.12.14,pyspark_gluten_iceberg,4.1.1 + iceberg Apache Iceberg 1.11.0 (commit 6976e020b894f6a6777704df2b8c4458cb291ae9),ok,warm,query,18,9.1182,100,ok,
35803972302-1,2026-09-23T00:54:04Z,https://github.com/djouallah/lakehouse_benchmark/actions/runs/35803972302,274704b,10,tpch,linux-6.17.0-1022-azure,4,15.6,3.12.14,pyspark_gluten_iceberg,4.1.1 + iceberg Apache Iceberg 1.11.0 (commit 6976e020b894f6a6777704df2b8c4458cb291ae9),ok,warm,query,19,2.2156,1,ok,
35803972302-1,2026-09-23T00:54:04Z,https://github.com/djouallah/lakehouse_benchmark/actions/runs/35803972302,274704b,10,tpch,linux-6.17.0-1022-azure,4,15.6,3.12.14,pyspark_gluten_iceberg,4.1.1 + iceberg Apache Iceberg 1.11.0 (commit 6976e020b894f6a6777704df2b8c4458cb291ae9),ok,warm,query,20,2.5453,1804,ok,
35803972302-1,2026-09-23T00:54:04Z,https://github.com/djouallah/lakehouse_benchmark/actions/runs/35803972302,274704b,10,tpch,linux-6.17.0-1022-azure,4,15.6,3.12.14,pyspark_gluten_iceberg,4.1.1 + iceberg Apache Iceberg 1.11.0 (commit 6976e020b894f6a6777704df2b8c4458cb291ae9),ok,warm,query,21,12.9767,100,ok,
35803972302-1,2026-09-23T00:54:04Z,https://github.com/djouallah/lakehouse_benchmark/actions/runs/35803972302,274704b,10,tpch,linux-6.17.0-1022-azure,4,15.6,3.12.14,pyspark_gluten_iceberg,4.1.1 + iceberg Apache Iceberg 1.11.0 (commit 6976e020b894f6a6777704df2b8c4458cb291ae9),ok,warm,query,22,1.4636,7,ok,
35813119507-1,2026-09-23T03:08:47Z,https://github.com/djouallah/lakehouse_benchmark/actions/runs/35813119507,914a548,10,tpch,linux-6.17.0-1022-azure,4,15.6,3.12.14,pyspark_gluten_iceberg,4.1.1 + iceberg Apache Iceberg 1.11.0 (commit 6976e020b894f6a6777704df2b8c4458cb291ae9),ok,cold,setup,0,39.2698,,ok,
35813119507-1,2026-09-23T03:08:47Z,https://github.com/djouallah/lakehouse_benchmark/actions/runs/35813119507,914a548,10,tpch,linux-6.17.0-1022-azure,4,15.6,3.12.14,pyspark_gluten_iceberg,4.1.1 + iceberg Apache Iceberg 1.11.0 (commit 6976e020b894f6a6777704df2b8c4458cb291ae9),ok,cold,query,1,17.5881,4,ok,
35813119507-1,2026-09-23T03:08:47Z,https://github.com/djouallah/lakehouse_benchmark/actions/runs/35813119507,914a548,10,tpch,linux-6.17.0-1022-azure,4,15.6,3.12.14,pyspark_gluten_iceberg,4.1.1 + iceberg Apache Iceberg 1.11.0 (commit 6976e020b894f6a6777704df2b8c4458cb291ae9),ok,cold,query,2,9.4009,10,ok,
35813119507-1,2026-09-23T03:08:47Z,https://github.com/djouallah/lakehouse_benchmark/actions/runs/35813119507,914a548,10,tpch,linux-6.17.0-1022-azure,4,15.6,3.12.14,pyspark_gluten_iceberg,4.1.1 + iceberg Apache Iceberg 1.11.0 (commit 6976e020b894f6a6777704df2b8c4458cb291ae9),ok,cold,query,3,8.9604,10,ok,
35813119507-1,2026-09-23T03:08:47Z,https://github.com/djouallah/lakehouse_benchmark/actions/runs/35813119507,914a548,10,tpch,linux-6.17.0-1022-azure,4,15.6,3.12.14,pyspark_gluten_iceberg,4.1.1 + iceberg Apache Iceberg 1.11.0 (commit 6976e020b894f6a6777704df2b8c4458cb291ae9),ok,cold,query,4,5.6355,5,ok,
35813119507-1,2026-09-23T03:08:47Z,https://github.com/djouallah/lakehouse_benchmark/actions/runs/35813119507,914a548,10,tpch,linux-6.17.0-1022-azure,4,15.6,3.12.14,pyspark_gluten_iceberg,4.1.1 + iceberg Apache Iceberg 1.11.0 (commit 6976e020b894f6a6777704df2b8c4458cb291ae9),ok,cold,query,5,8.8412,5,ok,
35813119507-1,2026-09-23T03:08:47Z,https://github.com/djouallah/lakehouse_benchmark/actions/runs/35813119507,914a548,10,tpch,linux-6.17.0-1022-azure,4,15.6,3.12.14,pyspark_gluten_iceberg,4.1.1 + iceberg Apache Iceberg 1.11.0 (commit 6976e020b894f6a6777704df2b8c4458cb291ae9),ok,cold,query,6,1.5053,1,ok,
35813119507-1,2026-09-23T03:08:47Z,https://github.com/djouallah/lakehouse_benchmark/actions/runs/35813119507,914a548,10,tpch,linux-6.17.0-1022-azure,4,15.6,3.12.14,pyspark_gluten_iceberg,4.1.1 + iceberg Apache Iceberg 1.11.0 (commit 6976e020b894f6a6777704df2b8c4458cb291ae9),ok,cold,query,7,4.6776,9,ok,
35813119507-1,2026-09-23T03:08:47Z,https://github.com/djouallah/lakehouse_benchmark/actions/runs/35813119507,914a548,10,tpch,linux-6.17.0-1022-azure,4,15.6,3.12.14,pyspark_gluten_iceberg,4.1.1 + iceberg Apache Iceberg 1.11.0 (commit 6976e020b894f6a6777704df2b8c4458cb291ae9),ok,cold,query,8,8.8993,2,ok,
35813119507-1,2026-09-23T03:08:47Z,https://github.com/djouallah/lakehouse_benchmark/actions/runs/35813119507,914a548,10,tpch,linux-6.17.0-1022-azure,4,15.6,3.12.14,pyspark_gluten_iceberg,4.1.1 + iceberg Apache Iceberg 1.11.0 (commit 6976e020b894f6a6777704df2b8c4458cb291ae9),ok,cold,query,9,9.3339,175,ok,
35813119507-1,2026-09-23T03:08:47Z,https://github.com/djouallah/lakehouse_benchmark/actions/runs/35813119507,914a548,10,tpch,linux-6.17.0-1022-azure,4,15.6,3.12.14,pyspark_gluten_iceberg,4.1.1 + iceberg Apache Iceberg 1.11.0 (commit 6976e020b894f6a6777704df2b8c4458cb291ae9),ok,cold,query,10,4.9592,20,ok,
35813119507-1,2026-09-23T03:08:47Z,https://github.com/djouallah/lakehouse_benchmark/actions/runs/35813119507,914a548,10,tpch,linux-6.17.0-1022-azure,4,15.6,3.12.14,pyspark_gluten_iceberg,4.1.1 + iceberg Apache Iceberg 1.11.0 (commit 6976e020b894f6a6777704df2b8c4458cb291ae9),ok,cold,query,11,1.9716,8685,ok,
35813119507-1,2026-09-23T03:08:47Z,https://github.com/djouallah/lakehouse_benchmark/actions/runs/35813119507,914a548,10,tpch,linux-6.17.0-1022-azure,4,15.6,3.12.14,pyspark_gluten_iceberg,4.1.1 + iceberg Apache Iceberg 1.11.0 (commit 6976e020b894f6a6777704df2b8c4458cb291ae9),ok,cold,query,12,3.722,2,ok,
35813119507-1,2026-09-23T03:08:47Z,https://github.com/djouallah/lakehouse_benchmark/actions/runs/35813119507,914a548,10,tpch,linux-6.17.0-1022-azure,4,15.6,3.12.14,pyspark_gluten_iceberg,4.1.1 + iceberg Apache Iceberg 1.11.0 (commit 6976e020b894f6a6777704df2b8c4458cb291ae9),ok,cold,query,13,2.9855,46,ok,
35813119507-1,2026-09-23T03:08:47Z,https://github.com/djouallah/lakehouse_benchmark/actions/runs/35813119507,914a548,10,tpch,linux-6.17.0-1022-azure,4,15.6,3.12.14,pyspark_gluten_iceberg,4.1.1 + iceberg Apache Iceberg 1.11.0 (commit 6976e020b894f6a6777704df2b8c4458cb291ae9),ok,cold,query,14,1.987,1,ok,
35813119507-1,2026-09-23T03:08:47Z,https://github.com/djouallah/lakehouse_benchmark/actions/runs/35813119507,914a548,10,tpch,linux-6.17.0-1022-azure,4,15.6,3.12.14,pyspark_gluten_iceberg,4.1.1 + iceberg Apache Iceberg 1.11.0 (commit 6976e020b894f6a6777704df2b8c4458cb291ae9),ok,cold,query,15,3.5088,1,ok,
35813119507-1,2026-09-23T03:08:47Z,https://github.com/djouallah/lakehouse_benchmark/actions/runs/35813119507,914a548,10,tpch,linux-6.17.0-1022-azure,4,15.6,3.12.14,pyspark_gluten_iceberg,4.1.1 + iceberg Apache Iceberg 1.11.0 (commit 6976e020b894f6a6777704df2b8c4458cb291ae9),ok,cold,query,16,1.6643,27840,ok,
35813119507-1,2026-09-23T03:08:47Z,https://github.com/djouallah/lakehouse_benchmark/actions/runs/35813119507,914a548,10,tpch,linux-6.17.0-1022-azure,4,15.6,3.12.14,pyspark_gluten_iceberg,4.1.1 + iceberg Apache Iceberg 1.11.0 (commit 6976e020b894f6a6777704df2b8c4458cb291ae9),ok,cold,query,17,9.7169,1,ok,
35813119507-1,2026-09-23T03:08:47Z,https://github.com/djouallah/lakehouse_benchmark/actions/runs/35813119507,914a548,10,tpch,linux-6.17.0-1022-azure,4,15.6,3.12.14,pyspark_gluten_iceberg,4.1.1 + iceberg Apache Iceberg 1.11.0 (commit 6976e020b894f6a6777704df2b8c4458cb291ae9),ok,cold,query,18,9.2046,100,ok,
35813119507-1,2026-09-23T03:08:47Z,https://github.com/djouallah/lakehouse_benchmark/actions/runs/35813119507,914a548,10,tpch,linux-6.17.0-1022-azure,4,15.6,3.12.14,pyspark_gluten_iceberg,4.1.1 + iceberg Apache Iceberg 1.11.0 (commit 6976e020b894f6a6777704df2b8c4458cb291ae9),ok,cold,query,19,3.0958,1,ok,
35813119507-1,2026-09-23T03:08:47Z,https://github.com/djouallah/lakehouse_benchmark/actions/runs/35813119507,914a548,10,tpch,linux-6.17.0-1022-azure,4,15.6,3.12.14,pyspark_gluten_iceberg,4.1.1 + iceberg Apache Iceberg 1.11.0 (commit 6976e020b894f6a6777704df2b8c4458cb291ae9),ok,cold,query,20,3.0011,1804,ok,
35813119507-1,2026-09-23T03:08:47Z,https://github.com/djouallah/lakehouse_benchmark/actions/runs/35813119507,914a548,10,tpch,linux-6.17.0-1022-azure,4,15.6,3.12.14,pyspark_gluten_iceberg,4.1.1 + iceberg Apache Iceberg 1.11.0 (commit 6976e020b894f6a6777704df2b8c4458cb291ae9),ok,cold,query,21,13.6912,100,ok,
35813119507-1,2026-09-23T03:08:47Z,https://github.com/djouallah/lakehouse_benchmark/actions/runs/35813119507,914a548,10,tpch,linux-6.17.0-1022-azure,4,15.6,3.12.14,pyspark_gluten_iceberg,4.1.1 + iceberg Apache Iceberg 1.11.0 (commit 6976e020b894f6a6777704df2b8c4458cb291ae9),ok,cold,query,22,1.568,7,ok,
35813119507-1,2026-09-23T03:08:47Z,https://github.com/djouallah/lakehouse_benchmark/actions/runs/35813119507,914a548,10,tpch,linux-6.17.0-1022-azure,4,15.6,3.12.14,pyspark_gluten_iceberg,4.1.1 + iceberg Apache Iceberg 1.11.0 (commit 6976e020b894f6a6777704df2b8c4458cb291ae9),ok,warm,query,1,3.7728,4,ok,
35813119507-1,2026-09-23T03:08:47Z,https://github.com/djouallah/lakehouse_benchmark/actions/runs/35813119507,914a548,10,tpch,linux-6.17.0-1022-azure,4,15.6,3.12.14,pyspark_gluten_iceberg,4.1.1 + iceberg Apache Iceberg 1.11.0 (commit 6976e020b894f6a6777704df2b8c4458cb291ae9),ok,warm,query,2,2.4115,10,ok,
35813119507-1,2026-09-23T03:08:47Z,https://github.com/djouallah/lakehouse_benchmark/actions/runs/35813119507,914a548,10,tpch,linux-6.17.0-1022-azure,4,15.6,3.12.14,pyspark_gluten_iceberg,4.1.1 + iceberg Apache Iceberg 1.11.0 (commit 6976e020b894f6a6777704df2b8c4458cb291ae9),ok,warm,query,3,4.0069,10,ok,
35813119507-1,2026-09-23T03:08:47Z,https://github.com/djouallah/lakehouse_benchmark/actions/runs/35813119507,914a548,10,tpch,linux-6.17.0-1022-azure,4,15.6,3.12.14,pyspark_gluten_iceberg,4.1.1 + iceberg Apache Iceberg 1.11.0 (commit 6976e020b894f6a6777704df2b8c4458cb291ae9),ok,warm,query,4,3.3628,5,ok,
35813119507-1,2026-09-23T03:08:47Z,https://github.com/djouallah/lakehouse_benchmark/actions/runs/35813119507,914a548,10,tpch,linux-6.17.0-1022-azure,4,15.6,3.12.14,pyspark_gluten_iceberg,4.1.1 + iceberg Apache Iceberg 1.11.0 (commit 6976e020b894f6a6777704df2b8c4458cb291ae9),ok,warm,query,5,6.4677,5,ok,
35813119507-1,2026-09-23T03:08:47Z,https://github.com/djouallah/lakehouse_benchmark/actions/runs/35813119507,914a548,10,tpch,linux-6.17.0-1022-azure,4,15.6,3.12.14,pyspark_gluten_iceberg,4.1.1 + iceberg Apache Iceberg 1.11.0 (commit 6976e020b894f6a6777704df2b8c4458cb291ae9),ok,warm,query,6,1.3885,1,ok,
35813119507-1,2026-09-23T03:08:47Z,https://github.com/djouallah/lakehouse_benchmark/actions/runs/35813119507,914a548,10,tpch,linux-6.17.0-1022-azure,4,15.6,3.12.14,pyspark_gluten_iceberg,4.1.1 + iceberg Apache Iceberg 1.11.0 (commit 6976e020b894f6a6777704df2b8c4458cb291ae9),ok,warm,query,7,4.2006,9,ok,
35813119507-1,2026-09-23T03:08:47Z,https://github.com/djouallah/lakehouse_benchmark/actions/runs/35813119507,914a548,10,tpch,linux-6.17.0-1022-azure,4,15.6,3.12.14,pyspark_gluten_iceberg,4.1.1 + iceberg Apache Iceberg 1.11.0 (commit 6976e020b894f6a6777704df2b8c4458cb291ae9),ok,warm,query,8,7.1671,2,ok,
35813119507-1,2026-09-23T03:08:47Z,https://github.com/djouallah/lakehouse_benchmark/actions/runs/35813119507,914a548,10,tpch,linux-6.17.0-1022-azure,4,15.6,3.12.14,pyspark_gluten_iceberg,4.1.1 + iceberg Apache Iceberg 1.11.0 (commit 6976e020b894f6a6777704df2b8c4458cb291ae9),ok,warm,query,9,9.0844,175,ok,
35813119507-1,2026-09-23T03:08:47Z,https://github.com/djouallah/lakehouse_benchmark/actions/runs/35813119507,914a548,10,tpch,linux-6.17.0-1022-azure,4,15.6,3.12.14,pyspark_gluten_iceberg,4.1.1 + iceberg Apache Iceberg 1.11.0 (commit 6976e020b894f6a6777704df2b8c4458cb291ae9),ok,warm,query,10,3.7528,20,ok,
35813119507-1,2026-09-23T03:08:47Z,https://github.com/djouallah/lakehouse_benchmark/actions/runs/35813119507,914a548,10,tpch,linux-6.17.0-1022-azure,4,15.6,3.12.14,pyspark_gluten_iceberg,4.1.1 + iceberg Apache Iceberg 1.11.0 (commit 6976e020b894f6a6777704df2b8c4458cb291ae9),ok,warm,query,11,1.3086,8685,ok,
35813119507-1,2026-09-23T03:08:47Z,https://github.com/djouallah/lakehouse_benchmark/actions/runs/35813119507,914a548,10,tpch,linux-6.17.0-1022-azure,4,15.6,3.12.14,pyspark_gluten_iceberg,4.1.1 + iceberg Apache Iceberg 1.11.0 (commit 6976e020b894f6a6777704df2b8c4458cb291ae9),ok,warm,query,12,2.5372,2,ok,
35813119507-1,2026-09-23T03:08:47Z,https://github.com/djouallah/lakehouse_benchmark/actions/runs/35813119507,914a548,10,tpch,linux-6.17.0-1022-azure,4,15.6,3.12.14,pyspark_gluten_iceberg,4.1.1 + iceberg Apache Iceberg 1.11.0 (commit 6976e020b894f6a6777704df2b8c4458cb291ae9),ok,warm,query,13,2.41,46,ok,
35813119507-1,2026-09-23T03:08:47Z,https://github.com/djouallah/lakehouse_benchmark/actions/runs/35813119507,914a548,10,tpch,linux-6.17.0-1022-azure,4,15.6,3.12.14,pyspark_gluten_iceberg,4.1.1 + iceberg Apache Iceberg 1.11.0 (commit 6976e020b894f6a6777704df2b8c4458cb291ae9),ok,warm,query,14,1.8087,1,ok,
35813119507-1,2026-09-23T03:08:47Z,https://github.com/djouallah/lakehouse_benchmark/actions/runs/35813119507,914a548,10,tpch,linux-6.17.0-1022-azure,4,15.6,3.12.14,pyspark_gluten_iceberg,4.1.1 + iceberg Apache Iceberg 1.11.0 (commit 6976e020b894f6a6777704df2b8c4458cb291ae9),ok,warm,query,15,3.3355,1,ok,
35813119507-1,2026-09-23T03:08:47Z,https://github.com/djouallah/lakehouse_benchmark/actions/runs/35813119507,914a548,10,tpch,linux-6.17.0-1022-azure,4,15.6,3.12.14,pyspark_gluten_iceberg,4.1.1 + iceberg Apache Iceberg 1.11.0 (commit 6976e020b894f6a6777704df2b8c4458cb291ae9),ok,warm,query,16,1.3501,27840,ok,
35813119507-1,2026-09-23T03:08:47Z,https://github.com/djouallah/lakehouse_benchmark/actions/runs/35813119507,914a548,10,tpch,linux-6.17.0-1022-azure,4,15.6,3.12.14,pyspark_gluten_iceberg,4.1.1 + iceberg Apache Iceberg 1.11.0 (commit 6976e020b894f6a6777704df2b8c4458cb291ae9),ok,warm,query,17,9.5194,1,ok,
35813119507-1,2026-09-23T03:08:47Z,https://github.com/djouallah/lakehouse_benchmark/actions/runs/35813119507,914a548,10,tpch,linux-6.17.0-1022-azure,4,15.6,3.12.14,pyspark_gluten_iceberg,4.1.1 + iceberg Apache Iceberg 1.11.0 (commit 6976e020b894f6a6777704df2b8c4458cb291ae9),ok,warm,query,18,9.3078,100,ok,
35813119507-1,2026-09-23T03:08:47Z,https://github.com/djouallah/lakehouse_benchmark/actions/runs/35813119507,914a548,10,tpch,linux-6.17.0-1022-azure,4,15.6,3.12.14,pyspark_gluten_iceberg,4.1.1 + iceberg Apache Iceberg 1.11.0 (commit 6976e020b894f6a6777704df2b8c4458cb291ae9),ok,warm,query,19,2.9747,1,ok,
35813119507-1,2026-09-23T03:08:47Z,https://github.com/djouallah/lakehouse_benchmark/actions/runs/35813119507,914a548,10,tpch,linux-6.17.0-1022-azure,4,15.6,3.12.14,pyspark_gluten_iceberg,4.1.1 + iceberg Apache Iceberg 1.11.0 (commit 6976e020b894f6a6777704df2b8c4458cb291ae9),ok,warm,query,20,3.6637,1804,ok,
35813119507-1,2026-09-23T03:08:47Z,https://github.com/djouallah/lakehouse_benchmark/actions/runs/35813119507,914a548,10,tpch,linux-6.17.0-1022-azure,4,15.6,3.12.14,pyspark_gluten_iceberg,4.1.1 + iceberg Apache Iceberg 1.11.0 (commit 6976e020b894f6a6777704df2b8c4458cb291ae9),ok,warm,query,21,13.2733,100,ok,
35813119507-1,2026-09-23T03:08:47Z,https://github.com/djouallah/lakehouse_benchmark/actions/runs/35813119507,914a548,10,tpch,linux-6.17.0-1022-azure,4,15.6,3.12.14,pyspark_gluten_iceberg,4.1.1 + iceberg Apache Iceberg 1.11.0 (commit 6976e020b894f6a6777704df2b8c4458cb291ae9),ok,warm,query,22,2.2926,7,ok,
35820494885-1,2026-09-23T04:59:41Z,https://github.com/djouallah/lakehouse_benchmark/actions/runs/35820494885,cebdaa0,10,tpch,linux-6.17.0-1022-azure,4,15.6,3.12.14,pyspark_gluten_iceberg,4.1.1 + iceberg Apache Iceberg 1.11.0 (commit 6976e020b894f6a6777704df2b8c4458cb291ae9),ok,cold,setup,0,19.0268,,ok,
35820494885-1,2026-09-23T04:59:41Z,https://github.com/djouallah/lakehouse_benchmark/actions/runs/35820494885,cebdaa0,10,tpch,linux-6.17.0-1022-azure,4,15.6,3.12.14,pyspark_gluten_iceberg,4.1.1 + iceberg Apache Iceberg 1.11.0 (commit 6976e020b894f6a6777704df2b8c4458cb291ae9),ok,cold,query,1,13.597,4,ok,
35820494885-1,2026-09-23T04:59:41Z,https://github.com/djouallah/lakehouse_benchmark/actions/runs/35820494885,cebdaa0,10,tpch,linux-6.17.0-1022-azure,4,15.6,3.12.14,pyspark_gluten_iceberg,4.1.1 + iceberg Apache Iceberg 1.11.0 (commit 6976e020b894f6a6777704df2b8c4458cb291ae9),ok,cold,query,2,6.3205,10,ok,
35820494885-1,2026-09-23T04:59:41Z,https://github.com/djouallah/lakehouse_benchmark/actions/runs/35820494885,cebdaa0,10,tpch,linux-6.17.0-1022-azure,4,15.6,3.12.14,pyspark_gluten_iceberg,4.1.1 + iceberg Apache Iceberg 1.11.0 (commit 6976e020b894f6a6777704df2b8c4458cb291ae9),ok,cold,query,3,6.0875,10,ok,
35820494885-1,2026-09-23T04:59:41Z,https://github.com/djouallah/lakehouse_benchmark/actions/runs/35820494885,cebdaa0,10,tpch,linux-6.17.0-1022-azure,4,15.6,3.12.14,pyspark_gluten_iceberg,4.1.1 + iceberg Apache Iceberg 1.11.0 (commit 6976e020b894f6a6777704df2b8c4458cb291ae9),ok,cold,query,4,5.0158,5,ok,
35820494885-1,2026-09-23T04:59:41Z,https://github.com/djouallah/lakehouse_benchmark/actions/runs/35820494885,cebdaa0,10,tpch,linux-6.17.0-1022-azure,4,15.6,3.12.14,pyspark_gluten_iceberg,4.1.1 + iceberg Apache Iceberg 1.11.0 (commit 6976e020b894f6a6777704df2b8c4458cb291ae9),ok,cold,query,5,8.0377,5,ok,
35820494885-1,2026-09-23T04:59:41Z,https://github.com/djouallah/lakehouse_benchmark/actions/runs/35820494885,cebdaa0,10,tpch,linux-6.17.0-1022-azure,4,15.6,3.12.14,pyspark_gluten_iceberg,4.1.1 + iceberg Apache Iceberg 1.11.0 (commit 6976e020b894f6a6777704df2b8c4458cb291ae9),ok,cold,query,6,1.3073,1,ok,
35820494885-1,2026-09-23T04:59:41Z,https://github.com/djouallah/lakehouse_benchmark/actions/runs/35820494885,cebdaa0,10,tpch,linux-6.17.0-1022-azure,4,15.6,3.12.14,pyspark_gluten_iceberg,4.1.1 + iceberg Apache Iceberg 1.11.0 (commit 6976e020b894f6a6777704df2b8c4458cb291ae9),ok,cold,query,7,4.5526,9,ok,
35820494885-1,2026-09-23T04:59:41Z,https://github.com/djouallah/lakehouse_benchmark/actions/runs/35820494885,cebdaa0,10,tpch,linux-6.17.0-1022-azure,4,15.6,3.12.14,pyspark_gluten_iceberg,4.1.1 + iceberg Apache Iceberg 1.11.0 (commit 6976e020b894f6a6777704df2b8c4458cb291ae9),ok,cold,query,8,8.6936,2,ok,
35820494885-1,2026-09-23T04:59:41Z,https://github.com/djouallah/lakehouse_benchmark/actions/runs/35820494885,cebdaa0,10,tpch,linux-6.17.0-1022-azure,4,15.6,3.12.14,pyspark_gluten_iceberg,4.1.1 + iceberg Apache Iceberg 1.11.0 (commit 6976e020b894f6a6777704df2b8c4458cb291ae9),ok,cold,query,9,9.6632,175,ok,
35820494885-1,2026-09-23T04:59:41Z,https://github.com/djouallah/lakehouse_benchmark/actions/runs/35820494885,cebdaa0,10,tpch,linux-6.17.0-1022-azure,4,15.6,3.12.14,pyspark_gluten_iceberg,4.1.1 + iceberg Apache Iceberg 1.11.0 (commit 6976e020b894f6a6777704df2b8c4458cb291ae9),ok,cold,query,10,3.978,20,ok,
35820494885-1,2026-09-23T04:59:41Z,https://github.com/djouallah/lakehouse_benchmark/actions/runs/35820494885,cebdaa0,10,tpch,linux-6.17.0-1022-azure,4,15.6,3.12.14,pyspark_gluten_iceberg,4.1.1 + iceberg Apache Iceberg 1.11.0 (commit 6976e020b894f6a6777704df2b8c4458cb291ae9),ok,cold,query,11,1.6081,8685,ok,
35820494885-1,2026-09-23T04:59:41Z,https://github.com/djouallah/lakehouse_benchmark/actions/runs/35820494885,cebdaa0,10,tpch,linux-6.17.0-1022-azure,4,15.6,3.12.14,pyspark_gluten_iceberg,4.1.1 + iceberg Apache Iceberg 1.11.0 (commit 6976e020b894f6a6777704df2b8c4458cb291ae9),ok,cold,query,12,2.8348,2,ok,
35820494885-1,2026-09-23T04:59:41Z,https://github.com/djouallah/lakehouse_benchmark/actions/runs/35820494885,cebdaa0,10,tpch,linux-6.17.0-1022-azure,4,15.6,3.12.14,pyspark_gluten_iceberg,4.1.1 + iceberg Apache Iceberg 1.11.0 (commit 6976e020b894f6a6777704df2b8c4458cb291ae9),ok,cold,query,13,2.9999,46,ok,
35820494885-1,2026-09-23T04:59:41Z,https://github.com/djouallah/lakehouse_benchmark/actions/runs/35820494885,cebdaa0,10,tpch,linux-6.17.0-1022-azure,4,15.6,3.12.14,pyspark_gluten_iceberg,4.1.1 + iceberg Apache Iceberg 1.11.0 (commit 6976e020b894f6a6777704df2b8c4458cb291ae9),ok,cold,query,14,1.8496,1,ok,
35820494885-1,2026-09-23T04:59:41Z,https://github.com/djouallah/lakehouse_benchmark/actions/runs/35820494885,cebdaa0,10,tpch,linux-6.17.0-1022-azure,4,15.6,3.12.14,pyspark_gluten_iceberg,4.1.1 + iceberg Apache Iceberg 1.11.0 (commit 6976e020b894f6a6777704df2b8c4458cb291ae9),ok,cold,query,15,3.2427,1,ok,
35820494885-1,2026-09-23T04:59:41Z,https://github.com/djouallah/lakehouse_benchmark/actions/runs/35820494885,cebdaa0,10,tpch,linux-6.17.0-1022-azure,4,15.6,3.12.14,pyspark_gluten_iceberg,4.1.1 + iceberg Apache Iceberg 1.11.0 (commit 6976e020b894f6a6777704df2b8c4458cb291ae9),ok,cold,query,16,1.8369,27840,ok,
35820494885-1,2026-09-23T04:59:41Z,https://github.com/djouallah/lakehouse_benchmark/actions/runs/35820494885,cebdaa0,10,tpch,linux-6.17.0-1022-azure,4,15.6,3.12.14,pyspark_gluten_iceberg,4.1.1 + iceberg Apache Iceberg 1.11.0 (commit 6976e020b894f6a6777704df2b8c4458cb291ae9),ok,cold,query,17,10.3375,1,ok,
35820494885-1,2026-09-23T04:59:41Z,https://github.com/djouallah/lakehouse_benchmark/actions/runs/35820494885,cebdaa0,10,tpch,linux-6.17.0-1022-azure,4,15.6,3.12.14,pyspark_gluten_iceberg,4.1.1 + iceberg Apache Iceberg 1.11.0 (commit 6976e020b894f6a6777704df2b8c4458cb291ae9),ok,cold,query,18,9.4844,100,ok,
35820494885-1,2026-09-23T04:59:41Z,https://github.com/djouallah/lakehouse_benchmark/actions/runs/35820494885,cebdaa0,10,tpch,linux-6.17.0-1022-azure,4,15.6,3.12.14,pyspark_gluten_iceberg,4.1.1 + iceberg Apache Iceberg 1.11.0 (commit 6976e020b894f6a6777704df2b8c4458cb291ae9),ok,cold,query,19,2.6568,1,ok,
35820494885-1,2026-09-23T04:59:41Z,https://github.com/djouallah/lakehouse_benchmark/actions/runs/35820494885,cebdaa0,10,tpch,linux-6.17.0-1022-azure,4,15.6,3.12.14,pyspark_gluten_iceberg,4.1.1 + iceberg Apache Iceberg 1.11.0 (commit 6976e020b894f6a6777704df2b8c4458cb291ae9),ok,cold,query,20,2.9619,1804,ok,
35820494885-1,2026-09-23T04:59:41Z,https://github.com/djouallah/lakehouse_benchmark/actions/runs/35820494885,cebdaa0,10,tpch,linux-6.17.0-1022-azure,4,15.6,3.12.14,pyspark_gluten_iceberg,4.1.1 + iceberg Apache Iceberg 1.11.0 (commit 6976e020b894f6a6777704df2b8c4458cb291ae9),ok,cold,query,21,13.8802,100,ok,
35820494885-1,2026-09-23T04:59:41Z,https://github.com/djouallah/lakehouse_benchmark/actions/runs/35820494885,cebdaa0,10,tpch,linux-6.17.0-1022-azure,4,15.6,3.12.14,pyspark_gluten_iceberg,4.1.1 + iceberg Apache Iceberg 1.11.0 (commit 6976e020b894f6a6777704df2b8c4458cb291ae9),ok,cold,query,22,1.7059,7,ok,
35820494885-1,2026-09-23T04:59:41Z,https://github.com/djouallah/lakehouse_benchmark/actions/runs/35820494885,cebdaa0,10,tpch,linux-6.17.0-1022-azure,4,15.6,3.12.14,pyspark_gluten_iceberg,4.1.1 + iceberg Apache Iceberg 1.11.0 (commit 6976e020b894f6a6777704df2b8c4458cb291ae9),ok,warm,query,1,3.8637,4,ok,
35820494885-1,2026-09-23T04:59:41Z,https://github.com/djouallah/lakehouse_benchmark/actions/runs/35820494885,cebdaa0,10,tpch,linux-6.17.0-1022-azure,4,15.6,3.12.14,pyspark_gluten_iceberg,4.1.1 + iceberg Apache Iceberg 1.11.0 (commit 6976e020b894f6a6777704df2b8c4458cb291ae9),ok,warm,query,2,2.3442,10,ok,
35820494885-1,2026-09-23T04:59:41Z,https://github.com/djouallah/lakehouse_benchmark/actions/runs/35820494885,cebdaa0,10,tpch,linux-6.17.0-1022-azure,4,15.6,3.12.14,pyspark_gluten_iceberg,4.1.1 + iceberg Apache Iceberg 1.11.0 (commit 6976e020b894f6a6777704df2b8c4458cb291ae9),ok,warm,query,3,4.0165,10,ok,
35820494885-1,2026-09-23T04:59:41Z,https://github.com/djouallah/lakehouse_benchmark/actions/runs/35820494885,cebdaa0,10,tpch,linux-6.17.0-1022-azure,4,15.6,3.12.14,pyspark_gluten_iceberg,4.1.1 + iceberg Apache Iceberg 1.11.0 (commit 6976e020b894f6a6777704df2b8c4458cb291ae9),ok,warm,query,4,3.1696,5,ok,
35820494885-1,2026-09-23T04:59:41Z,https://github.com/djouallah/lakehouse_benchmark/actions/runs/35820494885,cebdaa0,10,tpch,linux-6.17.0-1022-azure,4,15.6,3.12.14,pyspark_gluten_iceberg,4.1.1 + iceberg Apache Iceberg 1.11.0 (commit 6976e020b894f6a6777704df2b8c4458cb291ae9),ok,warm,query,5,6.365,5,ok,
35820494885-1,2026-09-23T04:59:41Z,https://github.com/djouallah/lakehouse_benchmark/actions/runs/35820494885,cebdaa0,10,tpch,linux-6.17.0-1022-azure,4,15.6,3.12.14,pyspark_gluten_iceberg,4.1.1 + iceberg Apache Iceberg 1.11.0 (commit 6976e020b894f6a6777704df2b8c4458cb291ae9),ok,warm,query,6,1.0636,1,ok,
35820494885-1,2026-09-23T04:59:41Z,https://github.com/djouallah/lakehouse_benchmark/actions/runs/35820494885,cebdaa0,10,tpch,linux-6.17.0-1022-azure,4,15.6,3.12.14,pyspark_gluten_iceberg,4.1.1 + iceberg Apache Iceberg 1.11.0 (commit 6976e020b894f6a6777704df2b8c4458cb291ae9),ok,warm,query,7,4.2754,9,ok,
35820494885-1,2026-09-23T04:59:41Z,https://github.com/djouallah/lakehouse_benchmark/actions/runs/35820494885,cebdaa0,10,tpch,linux-6.17.0-1022-azure,4,15.6,3.12.14,pyspark_gluten_iceberg,4.1.1 + iceberg Apache Iceberg 1.11.0 (commit 6976e020b894f6a6777704df2b8c4458cb291ae9),ok,warm,query,8,7.2164,2,ok,
35820494885-1,2026-09-23T04:59:41Z,https://github.com/djouallah/lakehouse_benchmark/actions/runs/35820494885,cebdaa0,10,tpch,linux-6.17.0-1022-azure,4,15.6,3.12.14,pyspark_gluten_iceberg,4.1.1 + iceberg Apache Iceberg 1.11.0 (commit 6976e020b894f6a6777704df2b8c4458cb291ae9),ok,warm,query,9,8.8627,175,ok,
35820494885-1,2026-09-23T04:59:41Z,https://github.com/djouallah/lakehouse_benchmark/actions/runs/35820494885,cebdaa0,10,tpch,linux-6.17.0-1022-azure,4,15.6,3.12.14,pyspark_gluten_iceberg,4.1.1 + iceberg Apache Iceberg 1.11.0 (commit 6976e020b894f6a6777704df2b8c4458cb291ae9),ok,warm,query,10,3.5361,20,ok,
35820494885-1,2026-09-23T04:59:41Z,https://github.com/djouallah/lakehouse_benchmark/actions/runs/35820494885,cebdaa0,10,tpch,linux-6.17.0-1022-azure,4,15.6,3.12.14,pyspark_gluten_iceberg,4.1.1 + iceberg Apache Iceberg 1.11.0 (commit 6976e020b894f6a6777704df2b8c4458cb291ae9),ok,warm,query,11,1.1846,8685,ok,
35820494885-1,2026-09-23T04:59:41Z,https://github.com/djouallah/lakehouse_benchmark/actions/runs/35820494885,cebdaa0,10,tpch,linux-6.17.0-1022-azure,4,15.6,3.12.14,pyspark_gluten_iceberg,4.1.1 + iceberg Apache Iceberg 1.11.0 (commit 6976e020b894f6a6777704df2b8c4458cb291ae9),ok,warm,query,12,2.2524,2,ok,
35820494885-1,2026-09-23T04:59:41Z,https://github.com/djouallah/lakehouse_benchmark/actions/runs/35820494885,cebdaa0,10,tpch,linux-6.17.0-1022-azure,4,15.6,3.12.14,pyspark_gluten_iceberg,4.1.1 + iceberg Apache Iceberg 1.11.0 (commit 6976e020b894f6a6777704df2b8c4458cb291ae9),ok,warm,query,13,2.4468,46,ok,
35820494885-1,2026-09-23T04:59:41Z,https://github.com/djouallah/lakehouse_benchmark/actions/runs/35820494885,cebdaa0,10,tpch,linux-6.17.0-1022-azure,4,15.6,3.12.14,pyspark_gluten_iceberg,4.1.1 + iceberg Apache Iceberg 1.11.0 (commit 6976e020b894f6a6777704df2b8c4458cb291ae9),ok,warm,query,14,1.6078,1,ok,
35820494885-1,2026-09-23T04:59:41Z,https://github.com/djouallah/lakehouse_benchmark/actions/runs/35820494885,cebdaa0,10,tpch,linux-6.17.0-1022-azure,4,15.6,3.12.14,pyspark_gluten_iceberg,4.1.1 + iceberg Apache Iceberg 1.11.0 (commit 6976e020b894f6a6777704df2b8c4458cb291ae9),ok,warm,query,15,2.9688,1,ok,
35820494885-1,2026-09-23T04:59:41Z,https://github.com/djouallah/lakehouse_benchmark/actions/runs/35820494885,cebdaa0,10,tpch,linux-6.17.0-1022-azure,4,15.6,3.12.14,pyspark_gluten_iceberg,4.1.1 + iceberg Apache Iceberg 1.11.0 (commit 6976e020b894f6a6777704df2b8c4458cb291ae9),ok,warm,query,16,1.4983,27840,ok,
35820494885-1,2026-09-23T04:59:41Z,https://github.com/djouallah/lakehouse_benchmark/actions/runs/35820494885,cebdaa0,10,tpch,linux-6.17.0-1022-azure,4,15.6,3.12.14,pyspark_gluten_iceberg,4.1.1 + iceberg Apache Iceberg 1.11.0 (commit 6976e020b894f6a6777704df2b8c4458cb291ae9),ok,warm,query,17,9.943,1,ok,
35820494885-1,2026-09-23T04:59:41Z,https://github.com/djouallah/lakehouse_benchmark/actions/runs/35820494885,cebdaa0,10,tpch,linux-6.17.0-1022-azure,4,15.6,3.12.14,pyspark_gluten_iceberg,4.1.1 + iceberg Apache Iceberg 1.11.0 (commit 6976e020b894f6a6777704df2b8c4458cb291ae9),ok,warm,query,18,9.2124,100,ok,
35820494885-1,2026-09-23T04:59:41Z,https://github.com/djouallah/lakehouse_benchmark/actions/runs/35820494885,cebdaa0,10,tpch,linux-6.17.0-1022-azure,4,15.6,3.12.14,pyspark_gluten_iceberg,4.1.1 + iceberg Apache Iceberg 1.11.0 (commit 6976e020b894f6a6777704df2b8c4458cb291ae9),ok,warm,query,19,2.4196,1,ok,
35820494885-1,2026-09-23T04:59:41Z,https://github.com/djouallah/lakehouse_benchmark/actions/runs/35820494885,cebdaa0,10,tpch,linux-6.17.0-1022-azure,4,15.6,3.12.14,pyspark_gluten_iceberg,4.1.1 + iceberg Apache Iceberg 1.11.0 (commit 6976e020b894f6a6777704df2b8c4458cb291ae9),ok,warm,query,20,2.6553,1804,ok,
35820494885-1,2026-09-23T04:59:41Z,https://github.com/djouallah/lakehouse_benchmark/actions/runs/35820494885,cebdaa0,10,tpch,linux-6.17.0-1022-azure,4,15.6,3.12.14,pyspark_gluten_iceberg,4.1.1 + iceberg Apache Iceberg 1.11.0 (commit 6976e020b894f6a6777704df2b8c4458cb291ae9),ok,warm,query,21,13.2759,100,ok,
35820494885-1,2026-09-23T04:59:41Z,https://github.com/djouallah/lakehouse_benchmark/actions/runs/35820494885,cebdaa0,10,tpch,linux-6.17.0-1022-azure,4,15.6,3.12.14,pyspark_gluten_iceberg,4.1.1 + iceberg Apache Iceberg 1.11.0 (commit 6976e020b894f6a6777704df2b8c4458cb291ae9),ok,warm,query,22,1.5251,7,ok,
35821064467-1,2026-09-23T05:28:33Z,https://github.com/djouallah/lakehouse_benchmark/actions/runs/35821064467,2f68d50,10,tpch,linux-6.17.0-1022-azure,4,15.6,3.12.14,pyspark_gluten_iceberg,4.1.1 + iceberg Apache Iceberg 1.11.0 (commit 6976e020b894f6a6777704df2b8c4458cb291ae9),ok,cold,setup,0,24.6605,,ok,
35821064467-1,2026-09-23T05:28:33Z,https://github.com/djouallah/lakehouse_benchmark/actions/runs/35821064467,2f68d50,10,tpch,linux-6.17.0-1022-azure,4,15.6,3.12.14,pyspark_gluten_iceberg,4.1.1 + iceberg Apache Iceberg 1.11.0 (commit 6976e020b894f6a6777704df2b8c4458cb291ae9),ok,cold,query,1,20.9066,4,ok,
35821064467-1,2026-09-23T05:28:33Z,https://github.com/djouallah/lakehouse_benchmark/actions/runs/35821064467,2f68d50,10,tpch,linux-6.17.0-1022-azure,4,15.6,3.12.14,pyspark_gluten_iceberg,4.1.1 + iceberg Apache Iceberg 1.11.0 (commit 6976e020b894f6a6777704df2b8c4458cb291ae9),ok,cold,query,2,9.0963,10,ok,
35821064467-1,2026-09-23T05:28:33Z,https://github.com/djouallah/lakehouse_benchmark/actions/runs/35821064467,2f68d50,10,tpch,linux-6.17.0-1022-azure,4,15.6,3.12.14,pyspark_gluten_iceberg,4.1.1 + iceberg Apache Iceberg 1.11.0 (commit 6976e020b894f6a6777704df2b8c4458cb291ae9),ok,cold,query,3,13.2779,10,ok,
35821064467-1,2026-09-23T05:28:33Z,https://github.com/djouallah/lakehouse_benchmark/actions/runs/35821064467,2f68d50,10,tpch,linux-6.17.0-1022-azure,4,15.6,3.12.14,pyspark_gluten_iceberg,4.1.1 + iceberg Apache Iceberg 1.11.0 (commit 6976e020b894f6a6777704df2b8c4458cb291ae9),ok,cold,query,4,6.923,5,ok,
35821064467-1,2026-09-23T05:28:33Z,https://github.com/djouallah/lakehouse_benchmark/actions/runs/35821064467,2f68d50,10,tpch,linux-6.17.0-1022-azure,4,15.6,3.12.14,pyspark_gluten_iceberg,4.1.1 + iceberg Apache Iceberg 1.11.0 (commit 6976e020b894f6a6777704df2b8c4458cb291ae9),ok,cold,query,5,9.7674,5,ok,
35821064467-1,2026-09-23T05:28:33Z,https://github.com/djouallah/lakehouse_benchmark/actions/runs/35821064467,2f68d50,10,tpch,linux-6.17.0-1022-azure,4,15.6,3.12.14,pyspark_gluten_iceberg,4.1.1 + iceberg Apache Iceberg 1.11.0 (commit 6976e020b894f6a6777704df2b8c4458cb291ae9),ok,cold,query,6,2.1489,1,ok,
35821064467-1,2026-09-23T05:28:33Z,https://github.com/djouallah/lakehouse_benchmark/actions/runs/35821064467,2f68d50,10,tpch,linux-6.17.0-1022-azure,4,15.6,3.12.14,pyspark_gluten_iceberg,4.1.1 + iceberg Apache Iceberg 1.11.0 (commit 6976e020b894f6a6777704df2b8c4458cb291ae9),ok,cold,query,7,5.4266,9,ok,
35821064467-1,2026-09-23T05:28:33Z,https://github.com/djouallah/lakehouse_benchmark/actions/runs/35821064467,2f68d50,10,tpch,linux-6.17.0-1022-azure,4,15.6,3.12.14,pyspark_gluten_iceberg,4.1.1 + iceberg Apache Iceberg 1.11.0 (commit 6976e020b894f6a6777704df2b8c4458cb291ae9),ok,cold,query,8,10.5024,2,ok,
35821064467-1,2026-09-23T05:28:33Z,https://github.com/djouallah/lakehouse_benchmark/actions/runs/35821064467,2f68d50,10,tpch,linux-6.17.0-1022-azure,4,15.6,3.12.14,pyspark_gluten_iceberg,4.1.1 + iceberg Apache Iceberg 1.11.0 (commit 6976e020b894f6a6777704df2b8c4458cb291ae9),ok,cold,query,9,10.096,175,ok,
35821064467-1,2026-09-23T05:28:33Z,https://github.com/djouallah/lakehouse_benchmark/actions/runs/35821064467,2f68d50,10,tpch,linux-6.17.0-1022-azure,4,15.6,3.12.14,pyspark_gluten_iceberg,4.1.1 + iceberg Apache Iceberg 1.11.0 (commit 6976e020b894f6a6777704df2b8c4458cb291ae9),ok,cold,query,10,5.4183,20,ok,
35821064467-1,2026-09-23T05:28:33Z,https://github.com/djouallah/lakehouse_benchmark/actions/runs/35821064467,2f68d50,10,tpch,linux-6.17.0-1022-azure,4,15.6,3.12.14,pyspark_gluten_iceberg,4.1.1 + iceberg Apache Iceberg 1.11.0 (commit 6976e020b894f6a6777704df2b8c4458cb291ae9),ok,cold,query,11,2.2167,8685,ok,
35821064467-1,2026-09-23T05:28:33Z,https://github.com/djouallah/lakehouse_benchmark/actions/runs/35821064467,2f68d50,10,tpch,linux-6.17.0-1022-azure,4,15.6,3.12.14,pyspark_gluten_iceberg,4.1.1 + iceberg Apache Iceberg 1.11.0 (commit 6976e020b894f6a6777704df2b8c4458cb291ae9),ok,cold,query,12,4.9991,2,ok,
35821064467-1,2026-09-23T05:28:33Z,https://github.com/djouallah/lakehouse_benchmark/actions/runs/35821064467,2f68d50,10,tpch,linux-6.17.0-1022-azure,4,15.6,3.12.14,pyspark_gluten_iceberg,4.1.1 + iceberg Apache Iceberg 1.11.0 (commit 6976e020b894f6a6777704df2b8c4458cb291ae9),ok,cold,query,13,3.1938,46,ok,
35821064467-1,2026-09-23T05:28:33Z,https://github.com/djouallah/lakehouse_benchmark/actions/runs/35821064467,2f68d50,10,tpch,linux-6.17.0-1022-azure,4,15.6,3.12.14,pyspark_gluten_iceberg,4.1.1 + iceberg Apache Iceberg 1.11.0 (commit 6976e020b894f6a6777704df2b8c4458cb291ae9),ok,cold,query,14,2.4988,1,ok,
35821064467-1,2026-09-23T05:28:33Z,https://github.com/djouallah/lakehouse_benchmark/actions/runs/35821064467,2f68d50,10,tpch,linux-6.17.0-1022-azure,4,15.6,3.12.14,pyspark_gluten_iceberg,4.1.1 + iceberg Apache Iceberg 1.11.0 (commit 6976e020b894f6a6777704df2b8c4458cb291ae9),ok,cold,query,15,4.6993,1,ok,
35821064467-1,2026-09-23T05:28:33Z,https://github.com/djouallah/lakehouse_benchmark/actions/runs/35821064467,2f68d50,10,tpch,linux-6.17.0-1022-azure,4,15.6,3.12.14,pyspark_gluten_iceberg,4.1.1 + iceberg Apache Iceberg 1.11.0 (commit 6976e020b894f6a6777704df2b8c4458cb291ae9),ok,cold,query,16,1.876,27840,ok,
35821064467-1,2026-09-23T05:28:33Z,https://github.com/djouallah/lakehouse_benchmark/actions/runs/35821064467,2f68d50,10,tpch,linux-6.17.0-1022-azure,4,15.6,3.12.14,pyspark_gluten_iceberg,4.1.1 + iceberg Apache Iceberg 1.11.0 (commit 6976e020b894f6a6777704df2b8c4458cb291ae9),ok,cold,query,17,11.2156,1,ok,
35821064467-1,2026-09-23T05:28:33Z,https://github.com/djouallah/lakehouse_benchmark/actions/runs/35821064467,2f68d50,10,tpch,linux-6.17.0-1022-azure,4,15.6,3.12.14,pyspark_gluten_iceberg,4.1.1 + iceberg Apache Iceberg 1.11.0 (commit 6976e020b894f6a6777704df2b8c4458cb291ae9),ok,cold,query,18,10.7823,100,ok,
35821064467-1,2026-09-23T05:28:33Z,https://github.com/djouallah/lakehouse_benchmark/actions/runs/35821064467,2f68d50,10,tpch,linux-6.17.0-1022-azure,4,15.6,3.12.14,pyspark_gluten_iceberg,4.1.1 + iceberg Apache Iceberg 1.11.0 (commit 6976e020b894f6a6777704df2b8c4458cb291ae9),ok,cold,query,19,4.2328,1,ok,
35821064467-1,2026-09-23T05:28:33Z,https://github.com/djouallah/lakehouse_benchmark/actions/runs/35821064467,2f68d50,10,tpch,linux-6.17.0-1022-azure,4,15.6,3.12.14,pyspark_gluten_iceberg,4.1.1 + iceberg Apache Iceberg 1.11.0 (commit 6976e020b894f6a6777704df2b8c4458cb291ae9),ok,cold,query,20,3.6637,1804,ok,
35821064467-1,2026-09-23T05:28:33Z,https://github.com/djouallah/lakehouse_benchmark/actions/runs/35821064467,2f68d50,10,tpch,linux-6.17.0-1022-azure,4,15.6,3.12.14,pyspark_gluten_iceberg,4.1.1 + iceberg Apache Iceberg 1.11.0 (commit 6976e020b894f6a6777704df2b8c4458cb291ae9),ok,cold,query,21,15.5341,100,ok,
35821064467-1,2026-09-23T05:28:33Z,https://github.com/djouallah/lakehouse_benchmark/actions/runs/35821064467,2f68d50,10,tpch,linux-6.17.0-1022-azure,4,15.6,3.12.14,pyspark_gluten_iceberg,4.1.1 + iceberg Apache Iceberg 1.11.0 (commit 6976e020b894f6a6777704df2b8c4458cb291ae9),ok,cold,query,22,1.9309,7,ok,
35821064467-1,2026-09-23T05:28:33Z,https://github.com/djouallah/lakehouse_benchmark/actions/runs/35821064467,2f68d50,10,tpch,linux-6.17.0-1022-azure,4,15.6,3.12.14,pyspark_gluten_iceberg,4.1.1 + iceberg Apache Iceberg 1.11.0 (commit 6976e020b894f6a6777704df2b8c4458cb291ae9),ok,warm,query,1,4.5001,4,ok,
35821064467-1,2026-09-23T05:28:33Z,https://github.com/djouallah/lakehouse_benchmark/actions/runs/35821064467,2f68d50,10,tpch,linux-6.17.0-1022-azure,4,15.6,3.12.14,pyspark_gluten_iceberg,4.1.1 + iceberg Apache Iceberg 1.11.0 (commit 6976e020b894f6a6777704df2b8c4458cb291ae9),ok,warm,query,2,2.5489,10,ok,
35821064467-1,2026-09-23T05:28:33Z,https://github.com/djouallah/lakehouse_benchmark/actions/runs/35821064467,2f68d50,10,tpch,linux-6.17.0-1022-azure,4,15.6,3.12.14,pyspark_gluten_iceberg,4.1.1 + iceberg Apache Iceberg 1.11.0 (commit 6976e020b894f6a6777704df2b8c4458cb291ae9),ok,warm,query,3,4.8537,10,ok,
35821064467-1,2026-09-23T05:28:33Z,https://github.com/djouallah/lakehouse_benchmark/actions/runs/35821064467,2f68d50,10,tpch,linux-6.17.0-1022-azure,4,15.6,3.12.14,pyspark_gluten_iceberg,4.1.1 + iceberg Apache Iceberg 1.11.0 (commit 6976e020b894f6a6777704df2b8c4458cb291ae9),ok,warm,query,4,4.3438,5,ok,
35821064467-1,2026-09-23T05:28:33Z,https://github.com/djouallah/lakehouse_benchmark/actions/runs/35821064467,2f68d50,10,tpch,linux-6.17.0-1022-azure,4,15.6,3.12.14,pyspark_gluten_iceberg,4.1.1 + iceberg Apache Iceberg 1.11.0 (commit 6976e020b894f6a6777704df2b8c4458cb291ae9),ok,warm,query,5,7.5551,5,ok,
35821064467-1,2026-09-23T05:28:33Z,https://github.com/djouallah/lakehouse_benchmark/actions/runs/35821064467,2f68d50,10,tpch,linux-6.17.0-1022-azure,4,15.6,3.12.14,pyspark_gluten_iceberg,4.1.1 + iceberg Apache Iceberg 1.11.0 (commit 6976e020b894f6a6777704df2b8c4458cb291ae9),ok,warm,query,6,2.0581,1,ok,
35821064467-1,2026-09-23T05:28:33Z,https://github.com/djouallah/lakehouse_benchmark/actions/runs/35821064467,2f68d50,10,tpch,linux-6.17.0-1022-azure,4,15.6,3.12.14,pyspark_gluten_iceberg,4.1.1 + iceberg Apache Iceberg 1.11.0 (commit 6976e020b894f6a6777704df2b8c4458cb291ae9),ok,warm,query,7,5.1268,9,ok,
35821064467-1,2026-09-23T05:28:33Z,https://github.com/djouallah/lakehouse_benchmark/actions/runs/35821064467,2f68d50,10,tpch,linux-6.17.0-1022-azure,4,15.6,3.12.14,pyspark_gluten_iceberg,4.1.1 + iceberg Apache Iceberg 1.11.0 (commit 6976e020b894f6a6777704df2b8c4458cb291ae9),ok,warm,query,8,8.9468,2,ok,
35821064467-1,2026-09-23T05:28:33Z,https://github.com/djouallah/lakehouse_benchmark/actions/runs/35821064467,2f68d50,10,tpch,linux-6.17.0-1022-azure,4,15.6,3.12.14,pyspark_gluten_iceberg,4.1.1 + iceberg Apache Iceberg 1.11.0 (commit 6976e020b894f6a6777704df2b8c4458cb291ae9),ok,warm,query,9,10.0296,175,ok,
35821064467-1,2026-09-23T05:28:33Z,https://github.com/djouallah/lakehouse_benchmark/actions/runs/35821064467,2f68d50,10,tpch,linux-6.17.0-1022-azure,4,15.6,3.12.14,pyspark_gluten_iceberg,4.1.1 + iceberg Apache Iceberg 1.11.0 (commit 6976e020b894f6a6777704df2b8c4458cb291ae9),ok,warm,query,10,4.5771,20,ok,
35821064467-1,2026-09-23T05:28:33Z,https://github.com/djouallah/lakehouse_benchmark/actions/runs/35821064467,2f68d50,10,tpch,linux-6.17.0-1022-azure,4,15.6,3.12.14,pyspark_gluten_iceberg,4.1.1 + iceberg Apache Iceberg 1.11.0 (commit 6976e020b894f6a6777704df2b8c4458cb291ae9),ok,warm,query,11,1.584,8685,ok,
35821064467-1,2026-09-23T05:28:33Z,https://github.com/djouallah/lakehouse_benchmark/actions/runs/35821064467,2f68d50,10,tpch,linux-6.17.0-1022-azure,4,15.6,3.12.14,pyspark_gluten_iceberg,4.1.1 + iceberg Apache Iceberg 1.11.0 (commit 6976e020b894f6a6777704df2b8c4458cb291ae9),ok,warm,query,12,3.3974,2,ok,
35821064467-1,2026-09-23T05:28:33Z,https://github.com/djouallah/lakehouse_benchmark/actions/runs/35821064467,2f68d50,10,tpch,linux-6.17.0-1022-azure,4,15.6,3.12.14,pyspark_gluten_iceberg,4.1.1 + iceberg Apache Iceberg 1.11.0 (commit 6976e020b894f6a6777704df2b8c4458cb291ae9),ok,warm,query,13,3.4603,46,ok,
35821064467-1,2026-09-23T05:28:33Z,https://github.com/djouallah/lakehouse_benchmark/actions/runs/35821064467,2f68d50,10,tpch,linux-6.17.0-1022-azure,4,15.6,3.12.14,pyspark_gluten_iceberg,4.1.1 + iceberg Apache Iceberg 1.11.0 (commit 6976e020b894f6a6777704df2b8c4458cb291ae9),ok,warm,query,14,2.6055,1,ok,
35821064467-1,2026-09-23T05:28:33Z,https://github.com/djouallah/lakehouse_benchmark/actions/runs/35821064467,2f68d50,10,tpch,linux-6.17.0-1022-azure,4,15.6,3.12.14,pyspark_gluten_iceberg,4.1.1 + iceberg Apache Iceberg 1.11.0 (commit 6976e020b894f6a6777704df2b8c4458cb291ae9),ok,warm,query,15,4.7228,1,ok,
35821064467-1,2026-09-23T05:28:33Z,https://github.com/djouallah/lakehouse_benchmark/actions/runs/35821064467,2f68d50,10,tpch,linux-6.17.0-1022-azure,4,15.6,3.12.14,pyspark_gluten_iceberg,4.1.1 + iceberg Apache Iceberg 1.11.0 (commit 6976e020b894f6a6777704df2b8c4458cb291ae9),ok,warm,query,16,1.5903,27840,ok,
35821064467-1,2026-09-23T05:28:33Z,https://github.com/djouallah/lakehouse_benchmark/actions/runs/35821064467,2f68d50,10,tpch,linux-6.17.0-1022-azure,4,15.6,3.12.14,pyspark_gluten_iceberg,4.1.1 + iceberg Apache Iceberg 1.11.0 (commit 6976e020b894f6a6777704df2b8c4458cb291ae9),ok,warm,query,17,11.2274,1,ok,
35821064467-1,2026-09-23T05:28:33Z,https://github.com/djouallah/lakehouse_benchmark/actions/runs/35821064467,2f68d50,10,tpch,linux-6.17.0-1022-azure,4,15.6,3.12.14,pyspark_gluten_iceberg,4.1.1 + iceberg Apache Iceberg 1.11.0 (commit 6976e020b894f6a6777704df2b8c4458cb291ae9),ok,warm,query,18,11.006,100,ok,
35821064467-1,2026-09-23T05:28:33Z,https://github.com/djouallah/lakehouse_benchmark/actions/runs/35821064467,2f68d50,10,tpch,linux-6.17.0-1022-azure,4,15.6,3.12.14,pyspark_gluten_iceberg,4.1.1 + iceberg Apache Iceberg 1.11.0 (commit 6976e020b894f6a6777704df2b8c4458cb291ae9),ok,warm,query,19,4.9487,1,ok,
35821064467-1,2026-09-23T05:28:33Z,https://github.com/djouallah/lakehouse_benchmark/actions/runs/35821064467,2f68d50,10,tpch,linux-6.17.0-1022-azure,4,15.6,3.12.14,pyspark_gluten_iceberg,4.1.1 + iceberg Apache Iceberg 1.11.0 (commit 6976e020b894f6a6777704df2b8c4458cb291ae9),ok,warm,query,20,3.4761,1804,ok,
35821064467-1,2026-09-23T05:28:33Z,https://github.com/djouallah/lakehouse_benchmark/actions/runs/35821064467,2f68d50,10,tpch,linux-6.17.0-1022-azure,4,15.6,3.12.14,pyspark_gluten_iceberg,4.1.1 + iceberg Apache Iceberg 1.11.0 (commit 6976e020b894f6a6777704df2b8c4458cb291ae9),ok,warm,query,21,15.7472,100,ok,
35821064467-1,2026-09-23T05:28:33Z,https://github.com/djouallah/lakehouse_benchmark/actions/runs/35821064467,2f68d50,10,tpch,linux-6.17.0-1022-azure,4,15.6,3.12.14,pyspark_gluten_iceberg,4.1.1 + iceberg Apache Iceberg 1.11.0 (commit 6976e020b894f6a6777704df2b8c4458cb291ae9),ok,warm,query,22,1.8629,7,ok,
35987544016-1,2026-09-24T10:30:24Z,https://github.com/djouallah/lakehouse_benchmark/actions/runs/35987544016,3ea9c89,100,tpch,linux-6.17.0-1022-azure,4,15.6,3.12.14,duckdb_iceberg,2.0.0.dev2609222040,ok,cold,setup,0,6.4481,,ok,
35987544016-1,2026-09-24T10:30:24Z,https://github.com/djouallah/lakehouse_benchmark/actions/runs/35987544016,3ea9c89,100,tpch,linux-6.17.0-1022-azure,4,15.6,3.12.14,duckdb_iceberg,2.0.0.dev2609222040,ok,cold,query,1,30.2152,4,ok,
35987544016-1,2026-09-24T10:30:24Z,https://github.com/djouallah/lakehouse_benchmark/actions/runs/35987544016,3ea9c89,100,tpch,linux-6.17.0-1022-azure,4,15.6,3.12.14,duckdb_iceberg,2.0.0.dev2609222040,ok,cold,query,2,7.2753,10,ok,
35987544016-1,2026-09-24T10:30:24Z,https://github.com/djouallah/lakehouse_benchmark/actions/runs/35987544016,3ea9c89,100,tpch,linux-6.17.0-1022-azure,4,15.6,3.12.14,duckdb_iceberg,2.0.0.dev2609222040,ok,cold,query,3,26.495,10,ok,
35987544016-1,2026-09-24T10:30:24Z,https://github.com/djouallah/lakehouse_benchmark/actions/runs/35987544016,3ea9c89,100,tpch,linux-6.17.0-1022-azure,4,15.6,3.12.14,duckdb_iceberg,2.0.0.dev2609222040,ok,cold,query,4,10.2468,5,ok,
35987544016-1,2026-09-24T10:30:24Z,https://github.com/djouallah/lakehouse_benchmark/actions/runs/35987544016,3ea9c89,100,tpch,linux-6.17.0-1022-azure,4,15.6,3.12.14,duckdb_iceberg,2.0.0.dev2609222040,ok,cold,query,5,12.9807,5,ok,
35987544016-1,2026-09-24T10:30:24Z,https://github.com/djouallah/lakehouse_benchmark/actions/runs/35987544016,3ea9c89,100,tpch,linux-6.17.0-1022-azure,4,15.6,3.12.14,duckdb_iceberg,2.0.0.dev2609222040,ok,cold,query,6,2.7721,1,ok,
35987544016-1,2026-09-24T10:30:24Z,https://github.com/djouallah/lakehouse_benchmark/actions/runs/35987544016,3ea9c89,100,tpch,linux-6.17.0-1022-azure,4,15.6,3.12.14,duckdb_iceberg,2.0.0.dev2609222040,ok,cold,query,7,6.6545,9,ok,
35987544016-1,2026-09-24T10:30:24Z,https://github.com/djouallah/lakehouse_benchmark/actions/runs/35987544016,3ea9c89,100,tpch,linux-6.17.0-1022-azure,4,15.6,3.12.14,duckdb_iceberg,2.0.0.dev2609222040,ok,cold,query,8,10.6083,2,ok,
35987544016-1,2026-09-24T10:30:24Z,https://github.com/djouallah/lakehouse_benchmark/actions/runs/35987544016,3ea9c89,100,tpch,linux-6.17.0-1022-azure,4,15.6,3.12.14,duckdb_iceberg,2.0.0.dev2609222040,ok,cold,query,9,35.8563,175,ok,
35987544016-1,2026-09-24T10:30:24Z,https://github.com/djouallah/lakehouse_benchmark/actions/runs/35987544016,3ea9c89,100,tpch,linux-6.17.0-1022-azure,4,15.6,3.12.14,duckdb_iceberg,2.0.0.dev2609222040,ok,cold,query,10,22.5252,20,ok,
35987544016-1,2026-09-24T10:30:24Z,https://github.com/djouallah/lakehouse_benchmark/actions/runs/35987544016,3ea9c89,100,tpch,linux-6.17.0-1022-azure,4,15.6,3.12.14,duckdb_iceberg,2.0.0.dev2609222040,ok,cold,query,11,2.7957,92698,ok,
35987544016-1,2026-09-24T10:30:24Z,https://github.com/djouallah/lakehouse_benchmark/actions/runs/35987544016,3ea9c89,100,tpch,linux-6.17.0-1022-azure,4,15.6,3.12.14,duckdb_iceberg,2.0.0.dev2609222040,ok,cold,query,12,16.1487,2,ok,
35987544016-1,2026-09-24T10:30:24Z,https://github.com/djouallah/lakehouse_benchmark/actions/runs/35987544016,3ea9c89,100,tpch,linux-6.17.0-1022-azure,4,15.6,3.12.14,duckdb_iceberg,2.0.0.dev2609222040,ok,cold,query,13,19.7966,45,ok,
35987544016-1,2026-09-24T10:30:24Z,https://github.com/djouallah/lakehouse_benchmark/actions/runs/35987544016,3ea9c89,100,tpch,linux-6.17.0-1022-azure,4,15.6,3.12.14,duckdb_iceberg,2.0.0.dev2609222040,ok,cold,query,14,17.5112,1,ok,
35987544016-1,2026-09-24T10:30:24Z,https://github.com/djouallah/lakehouse_benchmark/actions/runs/35987544016,3ea9c89,100,tpch,linux-6.17.0-1022-azure,4,15.6,3.12.14,duckdb_iceberg,2.0.0.dev2609222040,ok,cold,query,15,9.6454,1,ok,
35987544016-1,2026-09-24T10:30:24Z,https://github.com/djouallah/lakehouse_benchmark/actions/runs/35987544016,3ea9c89,100,tpch,linux-6.17.0-1022-azure,4,15.6,3.12.14,duckdb_iceberg,2.0.0.dev2609222040,ok,cold,query,16,3.0187,27840,ok,
35987544016-1,2026-09-24T10:30:24Z,https://github.com/djouallah/lakehouse_benchmark/actions/runs/35987544016,3ea9c89,100,tpch,linux-6.17.0-1022-azure,4,15.6,3.12.14,duckdb_iceberg,2.0.0.dev2609222040,ok,cold,query,17,108.1573,1,ok,
35987544016-1,2026-09-24T10:30:24Z,https://github.com/djouallah/lakehouse_benchmark/actions/runs/35987544016,3ea9c89,100,tpch,linux-6.17.0-1022-azure,4,15.6,3.12.14,duckdb_iceberg,2.0.0.dev2609222040,ok,cold,query,18,19.8104,100,ok,
35987544016-1,2026-09-24T10:30:24Z,https://github.com/djouallah/lakehouse_benchmark/actions/runs/35987544016,3ea9c89,100,tpch,linux-6.17.0-1022-azure,4,15.6,3.12.14,duckdb_iceberg,2.0.0.dev2609222040,ok,cold,query,19,9.9833,1,ok,
35987544016-1,2026-09-24T10:30:24Z,https://github.com/djouallah/lakehouse_benchmark/actions/runs/35987544016,3ea9c89,100,tpch,linux-6.17.0-1022-azure,4,15.6,3.12.14,duckdb_iceberg,2.0.0.dev2609222040,ok,cold,query,20,19.972,17971,ok,
35987544016-1,2026-09-24T10:30:24Z,https://github.com/djouallah/lakehouse_benchmark/actions/runs/35987544016,3ea9c89,100,tpch,linux-6.17.0-1022-azure,4,15.6,3.12.14,duckdb_iceberg,2.0.0.dev2609222040,ok,cold,query,21,98.8613,100,ok,
35987544016-1,2026-09-24T10:30:24Z,https://github.com/djouallah/lakehouse_benchmark/actions/runs/35987544016,3ea9c89,100,tpch,linux-6.17.0-1022-azure,4,15.6,3.12.14,duckdb_iceberg,2.0.0.dev2609222040,ok,cold,query,22,8.529,7,ok,
35990838361-1,2026-09-24T11:04:52Z,https://github.com/djouallah/lakehouse_benchmark/actions/runs/35990838361,994c96a,30,tpch,linux-6.17.0-1022-azure,4,15.6,3.12.14,duckdb_iceberg,2.0.0.dev2609222040,ok,cold,setup,0,5.2171,,ok,
35990838361-1,2026-09-24T11:04:52Z,https://github.com/djouallah/lakehouse_benchmark/actions/runs/35990838361,994c96a,30,tpch,linux-6.17.0-1022-azure,4,15.6,3.12.14,duckdb_iceberg,2.0.0.dev2609222040,ok,cold,query,1,12.4744,4,ok,
35990838361-1,2026-09-24T11:04:52Z,https://github.com/djouallah/lakehouse_benchmark/actions/runs/35990838361,994c96a,30,tpch,linux-6.17.0-1022-azure,4,15.6,3.12.14,duckdb_iceberg,2.0.0.dev2609222040,ok,cold,query,2,3.5989,10,ok,
35990838361-1,2026-09-24T11:04:52Z,https://github.com/djouallah/lakehouse_benchmark/actions/runs/35990838361,994c96a,30,tpch,linux-6.17.0-1022-azure,4,15.6,3.12.14,duckdb_iceberg,2.0.0.dev2609222040,ok,cold,query,3,7.7675,10,ok,
35990838361-1,2026-09-24T11:04:52Z,https://github.com/djouallah/lakehouse_benchmark/actions/runs/35990838361,994c96a,30,tpch,linux-6.17.0-1022-azure,4,15.6,3.12.14,duckdb_iceberg,2.0.0.dev2609222040,ok,cold,query,4,3.3042,5,ok,
35990838361-1,2026-09-24T11:04:52Z,https://github.com/djouallah/lakehouse_benchmark/actions/runs/35990838361,994c96a,30,tpch,linux-6.17.0-1022-azure,4,15.6,3.12.14,duckdb_iceberg,2.0.0.dev2609222040,ok,cold,query,5,5.6815,5,ok,
35990838361-1,2026-09-24T11:04:52Z,https://github.com/djouallah/lakehouse_benchmark/actions/runs/35990838361,994c96a,30,tpch,linux-6.17.0-1022-azure,4,15.6,3.12.14,duckdb_iceberg,2.0.0.dev2609222040,ok,cold,query,6,1.8617,1,ok,
35990838361-1,2026-09-24T11:04:52Z,https://github.com/djouallah/lakehouse_benchmark/actions/runs/35990838361,994c96a,30,tpch,linux-6.17.0-1022-azure,4,15.6,3.12.14,duckdb_iceberg,2.0.0.dev2609222040,ok,cold,query,7,4.4004,9,ok,
35990838361-1,2026-09-24T11:04:52Z,https://github.com/djouallah/lakehouse_benchmark/actions/runs/35990838361,994c96a,30,tpch,linux-6.17.0-1022-azure,4,15.6,3.12.14,duckdb_iceberg,2.0.0.dev2609222040,ok,cold,query,8,5.5539,2,ok,
35990838361-1,2026-09-24T11:04:52Z,https://github.com/djouallah/lakehouse_benchmark/actions/runs/35990838361,994c96a,30,tpch,linux-6.17.0-1022-azure,4,15.6,3.12.14,duckdb_iceberg,2.0.0.dev2609222040,ok,cold,query,9,8.9774,175,ok,
35990838361-1,2026-09-24T11:04:52Z,https://github.com/djouallah/lakehouse_benchmark/actions/runs/35990838361,994c96a,30,tpch,linux-6.17.0-1022-azure,4,15.6,3.12.14,duckdb_iceberg,2.0.0.dev2609222040,ok,cold,query,10,4.9192,20,ok,
35990838361-1,2026-09-24T11:04:52Z,https://github.com/djouallah/lakehouse_benchmark/actions/runs/35990838361,994c96a,30,tpch,linux-6.17.0-1022-azure,4,15.6,3.12.14,duckdb_iceberg,2.0.0.dev2609222040,ok,cold,query,11,0.6519,26957,ok,
35990838361-1,2026-09-24T11:04:52Z,https://github.com/djouallah/lakehouse_benchmark/actions/runs/35990838361,994c96a,30,tpch,linux-6.17.0-1022-azure,4,15.6,3.12.14,duckdb_iceberg,2.0.0.dev2609222040,ok,cold,query,12,2.2218,2,ok,
35990838361-1,2026-09-24T11:04:52Z,https://github.com/djouallah/lakehouse_benchmark/actions/runs/35990838361,994c96a,30,tpch,linux-6.17.0-1022-azure,4,15.6,3.12.14,duckdb_iceberg,2.0.0.dev2609222040,ok,cold,query,13,5.6956,45,ok,
35990838361-1,2026-09-24T11:04:52Z,https://github.com/djouallah/lakehouse_benchmark/actions/runs/35990838361,994c96a,30,tpch,linux-6.17.0-1022-azure,4,15.6,3.12.14,duckdb_iceberg,2.0.0.dev2609222040,ok,cold,query,14,3.0907,1,ok,
35990838361-1,2026-09-24T11:04:52Z,https://github.com/djouallah/lakehouse_benchmark/actions/runs/35990838361,994c96a,30,tpch,linux-6.17.0-1022-azure,4,15.6,3.12.14,duckdb_iceberg,2.0.0.dev2609222040,ok,cold,query,15,2.9802,1,ok,
35990838361-1,2026-09-24T11:04:52Z,https://github.com/djouallah/lakehouse_benchmark/actions/runs/35990838361,994c96a,30,tpch,linux-6.17.0-1022-azure,4,15.6,3.12.14,duckdb_iceberg,2.0.0.dev2609222040,ok,cold,query,16,0.8637,27840,ok,
35990838361-1,2026-09-24T11:04:52Z,https://github.com/djouallah/lakehouse_benchmark/actions/runs/35990838361,994c96a,30,tpch,linux-6.17.0-1022-azure,4,15.6,3.12.14,duckdb_iceberg,2.0.0.dev2609222040,ok,cold,query,17,12.959,1,ok,
35990838361-1,2026-09-24T11:04:52Z,https://github.com/djouallah/lakehouse_benchmark/actions/runs/35990838361,994c96a,30,tpch,linux-6.17.0-1022-azure,4,15.6,3.12.14,duckdb_iceberg,2.0.0.dev2609222040,ok,cold,query,18,5.3085,100,ok,
35990838361-1,2026-09-24T11:04:52Z,https://github.com/djouallah/lakehouse_benchmark/actions/runs/35990838361,994c96a,30,tpch,linux-6.17.0-1022-azure,4,15.6,3.12.14,duckdb_iceberg,2.0.0.dev2609222040,ok,cold,query,19,3.9438,1,ok,
35990838361-1,2026-09-24T11:04:52Z,https://github.com/djouallah/lakehouse_benchmark/actions/runs/35990838361,994c96a,30,tpch,linux-6.17.0-1022-azure,4,15.6,3.12.14,duckdb_iceberg,2.0.0.dev2609222040,ok,cold,query,20,5.7925,5404,ok,
35990838361-1,2026-09-24T11:04:52Z,https://github.com/djouallah/lakehouse_benchmark/actions/runs/35990838361,994c96a,30,tpch,linux-6.17.0-1022-azure,4,15.6,3.12.14,duckdb_iceberg,2.0.0.dev2609222040,ok,cold,query,21,16.4337,100,ok,
35990838361-1,2026-09-24T11:04:52Z,https://github.com/djouallah/lakehouse_benchmark/actions/runs/35990838361,994c96a,30,tpch,linux-6.17.0-1022-azure,4,15.6,3.12.14,duckdb_iceberg,2.0.0.dev2609222040,ok,cold,query,22,1.9673,7,ok,
35990862497-1,2026-09-24T11:18:03Z,https://github.com/djouallah/lakehouse_benchmark/actions/runs/35990862497,994c96a,60,tpch,linux-6.17.0-1022-azure,4,15.6,3.12.14,duckdb_iceberg,2.0.0.dev2609222040,ok,cold,setup,0,6.0191,,ok,
35990862497-1,2026-09-24T11:18:03Z,https://github.com/djouallah/lakehouse_benchmark/actions/runs/35990862497,994c96a,60,tpch,linux-6.17.0-1022-azure,4,15.6,3.12.14,duckdb_iceberg,2.0.0.dev2609222040,ok,cold,query,1,16.9591,4,ok,
35990862497-1,2026-09-24T11:18:03Z,https://github.com/djouallah/lakehouse_benchmark/actions/runs/35990862497,994c96a,60,tpch,linux-6.17.0-1022-azure,4,15.6,3.12.14,duckdb_iceberg,2.0.0.dev2609222040,ok,cold,query,2,4.937,10,ok,
35990862497-1,2026-09-24T11:18:03Z,https://github.com/djouallah/lakehouse_benchmark/actions/runs/35990862497,994c96a,60,tpch,linux-6.17.0-1022-azure,4,15.6,3.12.14,duckdb_iceberg,2.0.0.dev2609222040,ok,cold,query,3,14.7677,10,ok,
35990862497-1,2026-09-24T11:18:03Z,https://github.com/djouallah/lakehouse_benchmark/actions/runs/35990862497,994c96a,60,tpch,linux-6.17.0-1022-azure,4,15.6,3.12.14,duckdb_iceberg,2.0.0.dev2609222040,ok,cold,query,4,9.8608,5,ok,
35990862497-1,2026-09-24T11:18:03Z,https://github.com/djouallah/lakehouse_benchmark/actions/runs/35990862497,994c96a,60,tpch,linux-6.17.0-1022-azure,4,15.6,3.12.14,duckdb_iceberg,2.0.0.dev2609222040,ok,cold,query,5,12.0722,5,ok,
35990862497-1,2026-09-24T11:18:03Z,https://github.com/djouallah/lakehouse_benchmark/actions/runs/35990862497,994c96a,60,tpch,linux-6.17.0-1022-azure,4,15.6,3.12.14,duckdb_iceberg,2.0.0.dev2609222040,ok,cold,query,6,3.7335,1,ok,
35990862497-1,2026-09-24T11:18:03Z,https://github.com/djouallah/lakehouse_benchmark/actions/runs/35990862497,994c96a,60,tpch,linux-6.17.0-1022-azure,4,15.6,3.12.14,duckdb_iceberg,2.0.0.dev2609222040,ok,cold,query,7,9.1085,9,ok,
35990862497-1,2026-09-24T11:18:03Z,https://github.com/djouallah/lakehouse_benchmark/actions/runs/35990862497,994c96a,60,tpch,linux-6.17.0-1022-azure,4,15.6,3.12.14,duckdb_iceberg,2.0.0.dev2609222040,ok,cold,query,8,11.6206,2,ok,
35990862497-1,2026-09-24T11:18:03Z,https://github.com/djouallah/lakehouse_benchmark/actions/runs/35990862497,994c96a,60,tpch,linux-6.17.0-1022-azure,4,15.6,3.12.14,duckdb_iceberg,2.0.0.dev2609222040,ok,cold,query,9,29.5988,175,ok,
35990862497-1,2026-09-24T11:18:03Z,https://github.com/djouallah/lakehouse_benchmark/actions/runs/35990862497,994c96a,60,tpch,linux-6.17.0-1022-azure,4,15.6,3.12.14,duckdb_iceberg,2.0.0.dev2609222040,ok,cold,query,10,14.6569,20,ok,
35990862497-1,2026-09-24T11:18:03Z,https://github.com/djouallah/lakehouse_benchmark/actions/runs/35990862497,994c96a,60,tpch,linux-6.17.0-1022-azure,4,15.6,3.12.14,duckdb_iceberg,2.0.0.dev2609222040,ok,cold,query,11,1.8935,56470,ok,
35990862497-1,2026-09-24T11:18:03Z,https://github.com/djouallah/lakehouse_benchmark/actions/runs/35990862497,994c96a,60,tpch,linux-6.17.0-1022-azure,4,15.6,3.12.14,duckdb_iceberg,2.0.0.dev2609222040,ok,cold,query,12,7.2013,2,ok,
35990862497-1,2026-09-24T11:18:03Z,https://github.com/djouallah/lakehouse_benchmark/actions/runs/35990862497,994c96a,60,tpch,linux-6.17.0-1022-azure,4,15.6,3.12.14,duckdb_iceberg,2.0.0.dev2609222040,ok,cold,query,13,21.511,46,ok,
35990862497-1,2026-09-24T11:18:03Z,https://github.com/djouallah/lakehouse_benchmark/actions/runs/35990862497,994c96a,60,tpch,linux-6.17.0-1022-azure,4,15.6,3.12.14,duckdb_iceberg,2.0.0.dev2609222040,ok,cold,query,14,8.7364,1,ok,
35990862497-1,2026-09-24T11:18:03Z,https://github.com/djouallah/lakehouse_benchmark/actions/runs/35990862497,994c96a,60,tpch,linux-6.17.0-1022-azure,4,15.6,3.12.14,duckdb_iceberg,2.0.0.dev2609222040,ok,cold,query,15,6.7823,1,ok,
35990862497-1,2026-09-24T11:18:03Z,https://github.com/djouallah/lakehouse_benchmark/actions/runs/35990862497,994c96a,60,tpch,linux-6.17.0-1022-azure,4,15.6,3.12.14,duckdb_iceberg,2.0.0.dev2609222040,ok,cold,query,16,1.8497,27840,ok,
35990862497-1,2026-09-24T11:18:03Z,https://github.com/djouallah/lakehouse_benchmark/actions/runs/35990862497,994c96a,60,tpch,linux-6.17.0-1022-azure,4,15.6,3.12.14,duckdb_iceberg,2.0.0.dev2609222040,ok,cold,query,17,56.1352,1,ok,
35990862497-1,2026-09-24T11:18:03Z,https://github.com/djouallah/lakehouse_benchmark/actions/runs/35990862497,994c96a,60,tpch,linux-6.17.0-1022-azure,4,15.6,3.12.14,duckdb_iceberg,2.0.0.dev2609222040,ok,cold,query,18,27.5161,100,ok,
35990862497-1,2026-09-24T11:18:03Z,https://github.com/djouallah/lakehouse_benchmark/actions/runs/35990862497,994c96a,60,tpch,linux-6.17.0-1022-azure,4,15.6,3.12.14,duckdb_iceberg,2.0.0.dev2609222040,ok,cold,query,19,8.6142,1,ok,
35990862497-1,2026-09-24T11:18:03Z,https://github.com/djouallah/lakehouse_benchmark/actions/runs/35990862497,994c96a,60,tpch,linux-6.17.0-1022-azure,4,15.6,3.12.14,duckdb_iceberg,2.0.0.dev2609222040,ok,cold,query,20,15.196,10738,ok,
35990862497-1,2026-09-24T11:18:03Z,https://github.com/djouallah/lakehouse_benchmark/actions/runs/35990862497,994c96a,60,tpch,linux-6.17.0-1022-azure,4,15.6,3.12.14,duckdb_iceberg,2.0.0.dev2609222040,ok,cold,query,21,48.1529,100,ok,
35990862497-1,2026-09-24T11:18:03Z,https://github.com/djouallah/lakehouse_benchmark/actions/runs/35990862497,994c96a,60,tpch,linux-6.17.0-1022-azure,4,15.6,3.12.14,duckdb_iceberg,2.0.0.dev2609222040,ok,cold,query,22,5.8611,7,ok,
35995020412-1,2026-09-24T11:47:29Z,https://github.com/djouallah/lakehouse_benchmark/actions/runs/35995020412,4d9b2c9,30,tpch,linux-6.17.0-1022-azure,4,15.6,3.12.14,pyspark_gluten_iceberg,4.1.1 + iceberg Apache Iceberg 1.11.0 (commit 6976e020b894f6a6777704df2b8c4458cb291ae9),ok,cold,setup,0,46.1789,,ok,
35995020412-1,2026-09-24T11:47:29Z,https://github.com/djouallah/lakehouse_benchmark/actions/runs/35995020412,4d9b2c9,30,tpch,linux-6.17.0-1022-azure,4,15.6,3.12.14,pyspark_gluten_iceberg,4.1.1 + iceberg Apache Iceberg 1.11.0 (commit 6976e020b894f6a6777704df2b8c4458cb291ae9),ok,cold,query,1,28.5127,4,ok,
35995020412-1,2026-09-24T11:47:29Z,https://github.com/djouallah/lakehouse_benchmark/actions/runs/35995020412,4d9b2c9,30,tpch,linux-6.17.0-1022-azure,4,15.6,3.12.14,pyspark_gluten_iceberg,4.1.1 + iceberg Apache Iceberg 1.11.0 (commit 6976e020b894f6a6777704df2b8c4458cb291ae9),ok,cold,query,2,36.0511,10,ok,
35995020412-1,2026-09-24T11:47:29Z,https://github.com/djouallah/lakehouse_benchmark/actions/runs/35995020412,4d9b2c9,30,tpch,linux-6.17.0-1022-azure,4,15.6,3.12.14,pyspark_gluten_iceberg,4.1.1 + iceberg Apache Iceberg 1.11.0 (commit 6976e020b894f6a6777704df2b8c4458cb291ae9),ok,cold,query,3,19.8998,10,ok,
35995020412-1,2026-09-24T11:47:29Z,https://github.com/djouallah/lakehouse_benchmark/actions/runs/35995020412,4d9b2c9,30,tpch,linux-6.17.0-1022-azure,4,15.6,3.12.14,pyspark_gluten_iceberg,4.1.1 + iceberg Apache Iceberg 1.11.0 (commit 6976e020b894f6a6777704df2b8c4458cb291ae9),ok,cold,query,4,15.6703,5,ok,
35995020412-1,2026-09-24T11:47:29Z,https://github.com/djouallah/lakehouse_benchmark/actions/runs/35995020412,4d9b2c9,30,tpch,linux-6.17.0-1022-azure,4,15.6,3.12.14,pyspark_gluten_iceberg,4.1.1 + iceberg Apache Iceberg 1.11.0 (commit 6976e020b894f6a6777704df2b8c4458cb291ae9),ok,cold,query,5,23.2936,5,ok,
35995020412-1,2026-09-24T11:47:29Z,https://github.com/djouallah/lakehouse_benchmark/actions/runs/35995020412,4d9b2c9,30,tpch,linux-6.17.0-1022-azure,4,15.6,3.12.14,pyspark_gluten_iceberg,4.1.1 + iceberg Apache Iceberg 1.11.0 (commit 6976e020b894f6a6777704df2b8c4458cb291ae9),ok,cold,query,6,3.7894,1,ok,
35995020412-1,2026-09-24T11:47:29Z,https://github.com/djouallah/lakehouse_benchmark/actions/runs/35995020412,4d9b2c9,30,tpch,linux-6.17.0-1022-azure,4,15.6,3.12.14,pyspark_gluten_iceberg,4.1.1 + iceberg Apache Iceberg 1.11.0 (commit 6976e020b894f6a6777704df2b8c4458cb291ae9),ok,cold,query,7,14.0598,9,ok,
35995020412-1,2026-09-24T11:47:29Z,https://github.com/djouallah/lakehouse_benchmark/actions/runs/35995020412,4d9b2c9,30,tpch,linux-6.17.0-1022-azure,4,15.6,3.12.14,pyspark_gluten_iceberg,4.1.1 + iceberg Apache Iceberg 1.11.0 (commit 6976e020b894f6a6777704df2b8c4458cb291ae9),ok,cold,query,8,26.7894,2,ok,
35995020412-1,2026-09-24T11:47:29Z,https://github.com/djouallah/lakehouse_benchmark/actions/runs/35995020412,4d9b2c9,30,tpch,linux-6.17.0-1022-azure,4,15.6,3.12.14,pyspark_gluten_iceberg,4.1.1 + iceberg Apache Iceberg 1.11.0 (commit 6976e020b894f6a6777704df2b8c4458cb291ae9),ok,cold,query,9,29.3333,175,ok,
35995020412-1,2026-09-24T11:47:29Z,https://github.com/djouallah/lakehouse_benchmark/actions/runs/35995020412,4d9b2c9,30,tpch,linux-6.17.0-1022-azure,4,15.6,3.12.14,pyspark_gluten_iceberg,4.1.1 + iceberg Apache Iceberg 1.11.0 (commit 6976e020b894f6a6777704df2b8c4458cb291ae9),ok,cold,query,10,11.9344,20,ok,
35995020412-1,2026-09-24T11:47:29Z,https://github.com/djouallah/lakehouse_benchmark/actions/runs/35995020412,4d9b2c9,30,tpch,linux-6.17.0-1022-azure,4,15.6,3.12.14,pyspark_gluten_iceberg,4.1.1 + iceberg Apache Iceberg 1.11.0 (commit 6976e020b894f6a6777704df2b8c4458cb291ae9),ok,cold,query,11,4.9942,28820,ok,
35995020412-1,2026-09-24T11:47:29Z,https://github.com/djouallah/lakehouse_benchmark/actions/runs/35995020412,4d9b2c9,30,tpch,linux-6.17.0-1022-azure,4,15.6,3.12.14,pyspark_gluten_iceberg,4.1.1 + iceberg Apache Iceberg 1.11.0 (commit 6976e020b894f6a6777704df2b8c4458cb291ae9),ok,cold,query,12,11.6639,2,ok,
35995020412-1,2026-09-24T11:47:29Z,https://github.com/djouallah/lakehouse_benchmark/actions/runs/35995020412,4d9b2c9,30,tpch,linux-6.17.0-1022-azure,4,15.6,3.12.14,pyspark_gluten_iceberg,4.1.1 + iceberg Apache Iceberg 1.11.0 (commit 6976e020b894f6a6777704df2b8c4458cb291ae9),ok,cold,query,13,9.81,45,ok,
35995020412-1,2026-09-24T11:47:29Z,https://github.com/djouallah/lakehouse_benchmark/actions/runs/35995020412,4d9b2c9,30,tpch,linux-6.17.0-1022-azure,4,15.6,3.12.14,pyspark_gluten_iceberg,4.1.1 + iceberg Apache Iceberg 1.11.0 (commit 6976e020b894f6a6777704df2b8c4458cb291ae9),ok,cold,query,14,5.9742,1,ok,
35995020412-1,2026-09-24T11:47:29Z,https://github.com/djouallah/lakehouse_benchmark/actions/runs/35995020412,4d9b2c9,30,tpch,linux-6.17.0-1022-azure,4,15.6,3.12.14,pyspark_gluten_iceberg,4.1.1 + iceberg Apache Iceberg 1.11.0 (commit 6976e020b894f6a6777704df2b8c4458cb291ae9),ok,cold,query,15,10.457,1,ok,
35995020412-1,2026-09-24T11:47:29Z,https://github.com/djouallah/lakehouse_benchmark/actions/runs/35995020412,4d9b2c9,30,tpch,linux-6.17.0-1022-azure,4,15.6,3.12.14,pyspark_gluten_iceberg,4.1.1 + iceberg Apache Iceberg 1.11.0 (commit 6976e020b894f6a6777704df2b8c4458cb291ae9),ok,cold,query,16,3.863,27840,ok,
35995020412-1,2026-09-24T11:47:29Z,https://github.com/djouallah/lakehouse_benchmark/actions/runs/35995020412,4d9b2c9,30,tpch,linux-6.17.0-1022-azure,4,15.6,3.12.14,pyspark_gluten_iceberg,4.1.1 + iceberg Apache Iceberg 1.11.0 (commit 6976e020b894f6a6777704df2b8c4458cb291ae9),ok,cold,query,17,30.7371,1,ok,
35995020412-1,2026-09-24T11:47:29Z,https://github.com/djouallah/lakehouse_benchmark/actions/runs/35995020412,4d9b2c9,30,tpch,linux-6.17.0-1022-azure,4,15.6,3.12.14,pyspark_gluten_iceberg,4.1.1 + iceberg Apache Iceberg 1.11.0 (commit 6976e020b894f6a6777704df2b8c4458cb291ae9),ok,cold,query,18,28.8653,100,ok,
35995020412-1,2026-09-24T11:47:29Z,https://github.com/djouallah/lakehouse_benchmark/actions/runs/35995020412,4d9b2c9,30,tpch,linux-6.17.0-1022-azure,4,15.6,3.12.14,pyspark_gluten_iceberg,4.1.1 + iceberg Apache Iceberg 1.11.0 (commit 6976e020b894f6a6777704df2b8c4458cb291ae9),ok,cold,query,19,8.8574,1,ok,
35995020412-1,2026-09-24T11:47:29Z,https://github.com/djouallah/lakehouse_benchmark/actions/runs/35995020412,4d9b2c9,30,tpch,linux-6.17.0-1022-azure,4,15.6,3.12.14,pyspark_gluten_iceberg,4.1.1 + iceberg Apache Iceberg 1.11.0 (commit 6976e020b894f6a6777704df2b8c4458cb291ae9),ok,cold,query,20,8.9274,5404,ok,
35995020412-1,2026-09-24T11:47:29Z,https://github.com/djouallah/lakehouse_benchmark/actions/runs/35995020412,4d9b2c9,30,tpch,linux-6.17.0-1022-azure,4,15.6,3.12.14,pyspark_gluten_iceberg,4.1.1 + iceberg Apache Iceberg 1.11.0 (commit 6976e020b894f6a6777704df2b8c4458cb291ae9),ok,cold,query,21,46.8187,100,ok,
35995020412-1,2026-09-24T11:47:29Z,https://github.com/djouallah/lakehouse_benchmark/actions/runs/35995020412,4d9b2c9,30,tpch,linux-6.17.0-1022-azure,4,15.6,3.12.14,pyspark_gluten_iceberg,4.1.1 + iceberg Apache Iceberg 1.11.0 (commit 6976e020b894f6a6777704df2b8c4458cb291ae9),ok,cold,query,22,4.9868,7,ok,
35995043696-1,2026-09-24T12:01:22Z,https://github.com/djouallah/lakehouse_benchmark/actions/runs/35995043696,4d9b2c9,60,tpch,linux-6.17.0-1022-azure,4,15.6,3.12.14,pyspark_gluten_iceberg,4.1.1 + iceberg Apache Iceberg 1.11.0 (commit 6976e020b894f6a6777704df2b8c4458cb291ae9),ok,cold,setup,0,29.6561,,ok,
35995043696-1,2026-09-24T12:01:22Z,https://github.com/djouallah/lakehouse_benchmark/actions/runs/35995043696,4d9b2c9,60,tpch,linux-6.17.0-1022-azure,4,15.6,3.12.14,pyspark_gluten_iceberg,4.1.1 + iceberg Apache Iceberg 1.11.0 (commit 6976e020b894f6a6777704df2b8c4458cb291ae9),ok,cold,query,1,58.9065,4,ok,
35995043696-1,2026-09-24T12:01:22Z,https://github.com/djouallah/lakehouse_benchmark/actions/runs/35995043696,4d9b2c9,60,tpch,linux-6.17.0-1022-azure,4,15.6,3.12.14,pyspark_gluten_iceberg,4.1.1 + iceberg Apache Iceberg 1.11.0 (commit 6976e020b894f6a6777704df2b8c4458cb291ae9),ok,cold,query,2,19.2949,10,ok,
35995043696-1,2026-09-24T12:01:22Z,https://github.com/djouallah/lakehouse_benchmark/actions/runs/35995043696,4d9b2c9,60,tpch,linux-6.17.0-1022-azure,4,15.6,3.12.14,pyspark_gluten_iceberg,4.1.1 + iceberg Apache Iceberg 1.11.0 (commit 6976e020b894f6a6777704df2b8c4458cb291ae9),ok,cold,query,3,27.9994,10,ok,
35995043696-1,2026-09-24T12:01:22Z,https://github.com/djouallah/lakehouse_benchmark/actions/runs/35995043696,4d9b2c9,60,tpch,linux-6.17.0-1022-azure,4,15.6,3.12.14,pyspark_gluten_iceberg,4.1.1 + iceberg Apache Iceberg 1.11.0 (commit 6976e020b894f6a6777704df2b8c4458cb291ae9),ok,cold,query,4,23.1642,5,ok,
35995043696-1,2026-09-24T12:01:22Z,https://github.com/djouallah/lakehouse_benchmark/actions/runs/35995043696,4d9b2c9,60,tpch,linux-6.17.0-1022-azure,4,15.6,3.12.14,pyspark_gluten_iceberg,4.1.1 + iceberg Apache Iceberg 1.11.0 (commit 6976e020b894f6a6777704df2b8c4458cb291ae9),ok,cold,query,5,43.1489,5,ok,
35995043696-1,2026-09-24T12:01:22Z,https://github.com/djouallah/lakehouse_benchmark/actions/runs/35995043696,4d9b2c9,60,tpch,linux-6.17.0-1022-azure,4,15.6,3.12.14,pyspark_gluten_iceberg,4.1.1 + iceberg Apache Iceberg 1.11.0 (commit 6976e020b894f6a6777704df2b8c4458cb291ae9),ok,cold,query,6,5.086,1,ok,
35995043696-1,2026-09-24T12:01:22Z,https://github.com/djouallah/lakehouse_benchmark/actions/runs/35995043696,4d9b2c9,60,tpch,linux-6.17.0-1022-azure,4,15.6,3.12.14,pyspark_gluten_iceberg,4.1.1 + iceberg Apache Iceberg 1.11.0 (commit 6976e020b894f6a6777704df2b8c4458cb291ae9),ok,cold,query,7,25.4321,9,ok,
35995043696-1,2026-09-24T12:01:22Z,https://github.com/djouallah/lakehouse_benchmark/actions/runs/35995043696,4d9b2c9,60,tpch,linux-6.17.0-1022-azure,4,15.6,3.12.14,pyspark_gluten_iceberg,4.1.1 + iceberg Apache Iceberg 1.11.0 (commit 6976e020b894f6a6777704df2b8c4458cb291ae9),ok,cold,query,8,45.0752,2,ok,
35995043696-1,2026-09-24T12:01:22Z,https://github.com/djouallah/lakehouse_benchmark/actions/runs/35995043696,4d9b2c9,60,tpch,linux-6.17.0-1022-azure,4,15.6,3.12.14,pyspark_gluten_iceberg,4.1.1 + iceberg Apache Iceberg 1.11.0 (commit 6976e020b894f6a6777704df2b8c4458cb291ae9),ok,cold,query,9,73.3641,175,ok,
35995043696-1,2026-09-24T12:01:22Z,https://github.com/djouallah/lakehouse_benchmark/actions/runs/35995043696,4d9b2c9,60,tpch,linux-6.17.0-1022-azure,4,15.6,3.12.14,pyspark_gluten_iceberg,4.1.1 + iceberg Apache Iceberg 1.11.0 (commit 6976e020b894f6a6777704df2b8c4458cb291ae9),ok,cold,query,10,21.1836,20,ok,
35995043696-1,2026-09-24T12:01:22Z,https://github.com/djouallah/lakehouse_benchmark/actions/runs/35995043696,4d9b2c9,60,tpch,linux-6.17.0-1022-azure,4,15.6,3.12.14,pyspark_gluten_iceberg,4.1.1 + iceberg Apache Iceberg 1.11.0 (commit 6976e020b894f6a6777704df2b8c4458cb291ae9),ok,cold,query,11,7.3991,49493,ok,
35995043696-1,2026-09-24T12:01:22Z,https://github.com/djouallah/lakehouse_benchmark/actions/runs/35995043696,4d9b2c9,60,tpch,linux-6.17.0-1022-azure,4,15.6,3.12.14,pyspark_gluten_iceberg,4.1.1 + iceberg Apache Iceberg 1.11.0 (commit 6976e020b894f6a6777704df2b8c4458cb291ae9),ok,cold,query,12,15.4057,2,ok,
35995043696-1,2026-09-24T12:01:22Z,https://github.com/djouallah/lakehouse_benchmark/actions/runs/35995043696,4d9b2c9,60,tpch,linux-6.17.0-1022-azure,4,15.6,3.12.14,pyspark_gluten_iceberg,4.1.1 + iceberg Apache Iceberg 1.11.0 (commit 6976e020b894f6a6777704df2b8c4458cb291ae9),ok,cold,query,13,17.0069,46,ok,
35995043696-1,2026-09-24T12:01:22Z,https://github.com/djouallah/lakehouse_benchmark/actions/runs/35995043696,4d9b2c9,60,tpch,linux-6.17.0-1022-azure,4,15.6,3.12.14,pyspark_gluten_iceberg,4.1.1 + iceberg Apache Iceberg 1.11.0 (commit 6976e020b894f6a6777704df2b8c4458cb291ae9),ok,cold,query,14,9.4373,1,ok,
35995043696-1,2026-09-24T12:01:22Z,https://github.com/djouallah/lakehouse_benchmark/actions/runs/35995043696,4d9b2c9,60,tpch,linux-6.17.0-1022-azure,4,15.6,3.12.14,pyspark_gluten_iceberg,4.1.1 + iceberg Apache Iceberg 1.11.0 (commit 6976e020b894f6a6777704df2b8c4458cb291ae9),ok,cold,query,15,19.268,1,ok,
35995043696-1,2026-09-24T12:01:22Z,https://github.com/djouallah/lakehouse_benchmark/actions/runs/35995043696,4d9b2c9,60,tpch,linux-6.17.0-1022-azure,4,15.6,3.12.14,pyspark_gluten_iceberg,4.1.1 + iceberg Apache Iceberg 1.11.0 (commit 6976e020b894f6a6777704df2b8c4458cb291ae9),ok,cold,query,16,8.1631,27840,ok,
35995043696-1,2026-09-24T12:01:22Z,https://github.com/djouallah/lakehouse_benchmark/actions/runs/35995043696,4d9b2c9,60,tpch,linux-6.17.0-1022-azure,4,15.6,3.12.14,pyspark_gluten_iceberg,4.1.1 + iceberg Apache Iceberg 1.11.0 (commit 6976e020b894f6a6777704df2b8c4458cb291ae9),ok,cold,query,17,60.7068,1,ok,
35995043696-1,2026-09-24T12:01:22Z,https://github.com/djouallah/lakehouse_benchmark/actions/runs/35995043696,4d9b2c9,60,tpch,linux-6.17.0-1022-azure,4,15.6,3.12.14,pyspark_gluten_iceberg,4.1.1 + iceberg Apache Iceberg 1.11.0 (commit 6976e020b894f6a6777704df2b8c4458cb291ae9),ok,cold,query,18,62.3692,100,ok,
35995043696-1,2026-09-24T12:01:22Z,https://github.com/djouallah/lakehouse_benchmark/actions/runs/35995043696,4d9b2c9,60,tpch,linux-6.17.0-1022-azure,4,15.6,3.12.14,pyspark_gluten_iceberg,4.1.1 + iceberg Apache Iceberg 1.11.0 (commit 6976e020b894f6a6777704df2b8c4458cb291ae9),ok,cold,query,19,12.1436,1,ok,
35995043696-1,2026-09-24T12:01:22Z,https://github.com/djouallah/lakehouse_benchmark/actions/runs/35995043696,4d9b2c9,60,tpch,linux-6.17.0-1022-azure,4,15.6,3.12.14,pyspark_gluten_iceberg,4.1.1 + iceberg Apache Iceberg 1.11.0 (commit 6976e020b894f6a6777704df2b8c4458cb291ae9),ok,cold,query,20,17.6805,10738,ok,
35995043696-1,2026-09-24T12:01:22Z,https://github.com/djouallah/lakehouse_benchmark/actions/runs/35995043696,4d9b2c9,60,tpch,linux-6.17.0-1022-azure,4,15.6,3.12.14,pyspark_gluten_iceberg,4.1.1 + iceberg Apache Iceberg 1.11.0 (commit 6976e020b894f6a6777704df2b8c4458cb291ae9),ok,cold,query,21,96.2897,100,ok,
35995043696-1,2026-09-24T12:01:22Z,https://github.com/djouallah/lakehouse_benchmark/actions/runs/35995043696,4d9b2c9,60,tpch,linux-6.17.0-1022-azure,4,15.6,3.12.14,pyspark_gluten_iceberg,4.1.1 + iceberg Apache Iceberg 1.11.0 (commit 6976e020b894f6a6777704df2b8c4458cb291ae9),ok,cold,query,22,9.1538,7,ok,
35996432598-1,2026-09-24T12:17:43Z,https://github.com/djouallah/lakehouse_benchmark/actions/runs/35996432598,5f1e38f,100,tpch,linux-6.17.0-1022-azure,4,15.6,3.12.14,pyspark_gluten_iceberg,4.1.1 + iceberg Apache Iceberg 1.11.0 (commit 6976e020b894f6a6777704df2b8c4458cb291ae9),ok,cold,setup,0,18.9396,,ok,
35996432598-1,2026-09-24T12:17:43Z,https://github.com/djouallah/lakehouse_benchmark/actions/runs/35996432598,5f1e38f,100,tpch,linux-6.17.0-1022-azure,4,15.6,3.12.14,pyspark_gluten_iceberg,4.1.1 + iceberg Apache Iceberg 1.11.0 (commit 6976e020b894f6a6777704df2b8c4458cb291ae9),ok,cold,query,1,46.8377,4,ok,
35996432598-1,2026-09-24T12:17:43Z,https://github.com/djouallah/lakehouse_benchmark/actions/runs/35996432598,5f1e38f,100,tpch,linux-6.17.0-1022-azure,4,15.6,3.12.14,pyspark_gluten_iceberg,4.1.1 + iceberg Apache Iceberg 1.11.0 (commit 6976e020b894f6a6777704df2b8c4458cb291ae9),ok,cold,query,2,24.5094,10,ok,
35996432598-1,2026-09-24T12:17:43Z,https://github.com/djouallah/lakehouse_benchmark/actions/runs/35996432598,5f1e38f,100,tpch,linux-6.17.0-1022-azure,4,15.6,3.12.14,pyspark_gluten_iceberg,4.1.1 + iceberg Apache Iceberg 1.11.0 (commit 6976e020b894f6a6777704df2b8c4458cb291ae9),ok,cold,query,3,31.7156,10,ok,
35996432598-1,2026-09-24T12:17:43Z,https://github.com/djouallah/lakehouse_benchmark/actions/runs/35996432598,5f1e38f,100,tpch,linux-6.17.0-1022-azure,4,15.6,3.12.14,pyspark_gluten_iceberg,4.1.1 + iceberg Apache Iceberg 1.11.0 (commit 6976e020b894f6a6777704df2b8c4458cb291ae9),ok,cold,query,4,33.0304,5,ok,
35996432598-1,2026-09-24T12:17:43Z,https://github.com/djouallah/lakehouse_benchmark/actions/runs/35996432598,5f1e38f,100,tpch,linux-6.17.0-1022-azure,4,15.6,3.12.14,pyspark_gluten_iceberg,4.1.1 + iceberg Apache Iceberg 1.11.0 (commit 6976e020b894f6a6777704df2b8c4458cb291ae9),ok,cold,query,5,66.9179,5,ok,
35996432598-1,2026-09-24T12:17:43Z,https://github.com/djouallah/lakehouse_benchmark/actions/runs/35996432598,5f1e38f,100,tpch,linux-6.17.0-1022-azure,4,15.6,3.12.14,pyspark_gluten_iceberg,4.1.1 + iceberg Apache Iceberg 1.11.0 (commit 6976e020b894f6a6777704df2b8c4458cb291ae9),ok,cold,query,6,9.1788,1,ok,
35996432598-1,2026-09-24T12:17:43Z,https://github.com/djouallah/lakehouse_benchmark/actions/runs/35996432598,5f1e38f,100,tpch,linux-6.17.0-1022-azure,4,15.6,3.12.14,pyspark_gluten_iceberg,4.1.1 + iceberg Apache Iceberg 1.11.0 (commit 6976e020b894f6a6777704df2b8c4458cb291ae9),ok,cold,query,7,87.1162,9,ok,
35996432598-1,2026-09-24T12:17:43Z,https://github.com/djouallah/lakehouse_benchmark/actions/runs/35996432598,5f1e38f,100,tpch,linux-6.17.0-1022-azure,4,15.6,3.12.14,pyspark_gluten_iceberg,4.1.1 + iceberg Apache Iceberg 1.11.0 (commit 6976e020b894f6a6777704df2b8c4458cb291ae9),ok,cold,query,8,75.2606,2,ok,
35996432598-1,2026-09-24T12:17:43Z,https://github.com/djouallah/lakehouse_benchmark/actions/runs/35996432598,5f1e38f,100,tpch,linux-6.17.0-1022-azure,4,15.6,3.12.14,pyspark_gluten_iceberg,4.1.1 + iceberg Apache Iceberg 1.11.0 (commit 6976e020b894f6a6777704df2b8c4458cb291ae9),ok,cold,query,9,118.8603,175,ok,
35996432598-1,2026-09-24T12:17:43Z,https://github.com/djouallah/lakehouse_benchmark/actions/runs/35996432598,5f1e38f,100,tpch,linux-6.17.0-1022-azure,4,15.6,3.12.14,pyspark_gluten_iceberg,4.1.1 + iceberg Apache Iceberg 1.11.0 (commit 6976e020b894f6a6777704df2b8c4458cb291ae9),ok,cold,query,10,31.6355,20,ok,
35996432598-1,2026-09-24T12:17:43Z,https://github.com/djouallah/lakehouse_benchmark/actions/runs/35996432598,5f1e38f,100,tpch,linux-6.17.0-1022-azure,4,15.6,3.12.14,pyspark_gluten_iceberg,4.1.1 + iceberg Apache Iceberg 1.11.0 (commit 6976e020b894f6a6777704df2b8c4458cb291ae9),ok,cold,query,11,13.3511,92698,ok,
35996432598-1,2026-09-24T12:17:43Z,https://github.com/djouallah/lakehouse_benchmark/actions/runs/35996432598,5f1e38f,100,tpch,linux-6.17.0-1022-azure,4,15.6,3.12.14,pyspark_gluten_iceberg,4.1.1 + iceberg Apache Iceberg 1.11.0 (commit 6976e020b894f6a6777704df2b8c4458cb291ae9),ok,cold,query,12,23.643,2,ok,
35996432598-1,2026-09-24T12:17:43Z,https://github.com/djouallah/lakehouse_benchmark/actions/runs/35996432598,5f1e38f,100,tpch,linux-6.17.0-1022-azure,4,15.6,3.12.14,pyspark_gluten_iceberg,4.1.1 + iceberg Apache Iceberg 1.11.0 (commit 6976e020b894f6a6777704df2b8c4458cb291ae9),ok,cold,query,13,24.3063,45,ok,
35996432598-1,2026-09-24T12:17:43Z,https://github.com/djouallah/lakehouse_benchmark/actions/runs/35996432598,5f1e38f,100,tpch,linux-6.17.0-1022-azure,4,15.6,3.12.14,pyspark_gluten_iceberg,4.1.1 + iceberg Apache Iceberg 1.11.0 (commit 6976e020b894f6a6777704df2b8c4458cb291ae9),ok,cold,query,14,16.8263,1,ok,
35996432598-1,2026-09-24T12:17:43Z,https://github.com/djouallah/lakehouse_benchmark/actions/runs/35996432598,5f1e38f,100,tpch,linux-6.17.0-1022-azure,4,15.6,3.12.14,pyspark_gluten_iceberg,4.1.1 + iceberg Apache Iceberg 1.11.0 (commit 6976e020b894f6a6777704df2b8c4458cb291ae9),ok,cold,query,15,25.1981,1,ok,
35996432598-1,2026-09-24T12:17:43Z,https://github.com/djouallah/lakehouse_benchmark/actions/runs/35996432598,5f1e38f,100,tpch,linux-6.17.0-1022-azure,4,15.6,3.12.14,pyspark_gluten_iceberg,4.1.1 + iceberg Apache Iceberg 1.11.0 (commit 6976e020b894f6a6777704df2b8c4458cb291ae9),ok,cold,query,16,9.487,27840,ok,
35996432598-1,2026-09-24T12:17:43Z,https://github.com/djouallah/lakehouse_benchmark/actions/runs/35996432598,5f1e38f,100,tpch,linux-6.17.0-1022-azure,4,15.6,3.12.14,pyspark_gluten_iceberg,4.1.1 + iceberg Apache Iceberg 1.11.0 (commit 6976e020b894f6a6777704df2b8c4458cb291ae9),ok,cold,query,17,97.8853,1,ok,
35996432598-1,2026-09-24T12:17:43Z,https://github.com/djouallah/lakehouse_benchmark/actions/runs/35996432598,5f1e38f,100,tpch,linux-6.17.0-1022-azure,4,15.6,3.12.14,pyspark_gluten_iceberg,4.1.1 + iceberg Apache Iceberg 1.11.0 (commit 6976e020b894f6a6777704df2b8c4458cb291ae9),ok,cold,query,18,87.7521,100,ok,
35996432598-1,2026-09-24T12:17:43Z,https://github.com/djouallah/lakehouse_benchmark/actions/runs/35996432598,5f1e38f,100,tpch,linux-6.17.0-1022-azure,4,15.6,3.12.14,pyspark_gluten_iceberg,4.1.1 + iceberg Apache Iceberg 1.11.0 (commit 6976e020b894f6a6777704df2b8c4458cb291ae9),ok,cold,query,19,14.6407,1,ok,
35996432598-1,2026-09-24T12:17:43Z,https://github.com/djouallah/lakehouse_benchmark/actions/runs/35996432598,5f1e38f,100,tpch,linux-6.17.0-1022-azure,4,15.6,3.12.14,pyspark_gluten_iceberg,4.1.1 + iceberg Apache Iceberg 1.11.0 (commit 6976e020b894f6a6777704df2b8c4458cb291ae9),ok,cold,query,20,23.073,17971,ok,
35996432598-1,2026-09-24T12:17:43Z,https://github.com/djouallah/lakehouse_benchmark/actions/runs/35996432598,5f1e38f,100,tpch,linux-6.17.0-1022-azure,4,15.6,3.12.14,pyspark_gluten_iceberg,4.1.1 + iceberg Apache Iceberg 1.11.0 (commit 6976e020b894f6a6777704df2b8c4458cb291ae9),ok,cold,query,21,134.167,100,ok,
35996432598-1,2026-09-24T12:17:43Z,https://github.com/djouallah/lakehouse_benchmark/actions/runs/35996432598,5f1e38f,100,tpch,linux-6.17.0-1022-azure,4,15.6,3.12.14,pyspark_gluten_iceberg,4.1.1 + iceberg Apache Iceberg 1.11.0 (commit 6976e020b894f6a6777704df2b8c4458cb291ae9),ok,cold,query,22,12.0673,7,ok,
36001440696-2,2026-09-24T13:41:33Z,https://github.com/djouallah/lakehouse_benchmark/actions/runs/36001440696,c33be9d,30,tpch,linux-6.17.0-1022-azure,4,15.6,3.12.14,chdb_iceberg,4.4.0,ok,cold,setup,0,3.4775,,ok,
36001440696-2,2026-09-24T13:41:33Z,https://github.com/djouallah/lakehouse_benchmark/actions/runs/36001440696,c33be9d,30,tpch,linux-6.17.0-1022-azure,4,15.6,3.12.14,chdb_iceberg,4.4.0,ok,cold,query,1,24.1199,4,ok,
36001440696-2,2026-09-24T13:41:33Z,https://github.com/djouallah/lakehouse_benchmark/actions/runs/36001440696,c33be9d,30,tpch,linux-6.17.0-1022-azure,4,15.6,3.12.14,chdb_iceberg,4.4.0,ok,cold,query,2,18.1416,10,ok,
36001440696-2,2026-09-24T13:41:33Z,https://github.com/djouallah/lakehouse_benchmark/actions/runs/36001440696,c33be9d,30,tpch,linux-6.17.0-1022-azure,4,15.6,3.12.14,chdb_iceberg,4.4.0,ok,cold,query,3,20.835,10,ok,
36001440696-2,2026-09-24T13:41:33Z,https://github.com/djouallah/lakehouse_benchmark/actions/runs/36001440696,c33be9d,30,tpch,linux-6.17.0-1022-azure,4,15.6,3.12.14,chdb_iceberg,4.4.0,ok,cold,query,4,10.5378,5,ok,
36001440696-2,2026-09-24T13:41:33Z,https://github.com/djouallah/lakehouse_benchmark/actions/runs/36001440696,c33be9d,30,tpch,linux-6.17.0-1022-azure,4,15.6,3.12.14,chdb_iceberg,4.4.0,ok,cold,query,5,17.491,5,ok,
36001440696-2,2026-09-24T13:41:33Z,https://github.com/djouallah/lakehouse_benchmark/actions/runs/36001440696,c33be9d,30,tpch,linux-6.17.0-1022-azure,4,15.6,3.12.14,chdb_iceberg,4.4.0,ok,cold,query,6,2.8725,1,ok,
36001440696-2,2026-09-24T13:41:33Z,https://github.com/djouallah/lakehouse_benchmark/actions/runs/36001440696,c33be9d,30,tpch,linux-6.17.0-1022-azure,4,15.6,3.12.14,chdb_iceberg,4.4.0,ok,cold,query,7,95.3221,9,ok,
36001440696-2,2026-09-24T13:41:33Z,https://github.com/djouallah/lakehouse_benchmark/actions/runs/36001440696,c33be9d,30,tpch,linux-6.17.0-1022-azure,4,15.6,3.12.14,chdb_iceberg,4.4.0,ok,cold,query,8,20.2941,2,ok,
36001440696-2,2026-09-24T13:41:33Z,https://github.com/djouallah/lakehouse_benchmark/actions/runs/36001440696,c33be9d,30,tpch,linux-6.17.0-1022-azure,4,15.6,3.12.14,chdb_iceberg,4.4.0,ok,cold,query,9,20.2898,175,ok,
36001440696-2,2026-09-24T13:41:33Z,https://github.com/djouallah/lakehouse_benchmark/actions/runs/36001440696,c33be9d,30,tpch,linux-6.17.0-1022-azure,4,15.6,3.12.14,chdb_iceberg,4.4.0,ok,cold,query,10,38.8363,20,ok,
36001440696-2,2026-09-24T13:41:33Z,https://github.com/djouallah/lakehouse_benchmark/actions/runs/36001440696,c33be9d,30,tpch,linux-6.17.0-1022-azure,4,15.6,3.12.14,chdb_iceberg,4.4.0,ok,cold,query,11,5.9232,26957,ok,
36001440696-2,2026-09-24T13:41:33Z,https://github.com/djouallah/lakehouse_benchmark/actions/runs/36001440696,c33be9d,30,tpch,linux-6.17.0-1022-azure,4,15.6,3.12.14,chdb_iceberg,4.4.0,ok,cold,query,12,7.705,2,ok,
36001440696-2,2026-09-24T13:41:33Z,https://github.com/djouallah/lakehouse_benchmark/actions/runs/36001440696,c33be9d,30,tpch,linux-6.17.0-1022-azure,4,15.6,3.12.14,chdb_iceberg,4.4.0,ok,cold,query,13,12.1467,45,ok,
36001440696-2,2026-09-24T13:41:33Z,https://github.com/djouallah/lakehouse_benchmark/actions/runs/36001440696,c33be9d,30,tpch,linux-6.17.0-1022-azure,4,15.6,3.12.14,chdb_iceberg,4.4.0,ok,cold,query,14,4.3787,1,ok,
36001440696-2,2026-09-24T13:41:33Z,https://github.com/djouallah/lakehouse_benchmark/actions/runs/36001440696,c33be9d,30,tpch,linux-6.17.0-1022-azure,4,15.6,3.12.14,chdb_iceberg,4.4.0,ok,cold,query,15,7.4424,1,ok,
36001440696-2,2026-09-24T13:41:33Z,https://github.com/djouallah/lakehouse_benchmark/actions/runs/36001440696,c33be9d,30,tpch,linux-6.17.0-1022-azure,4,15.6,3.12.14,chdb_iceberg,4.4.0,ok,cold,query,16,4.9614,27840,ok,
36001440696-2,2026-09-24T13:41:33Z,https://github.com/djouallah/lakehouse_benchmark/actions/runs/36001440696,c33be9d,30,tpch,linux-6.17.0-1022-azure,4,15.6,3.12.14,chdb_iceberg,4.4.0,ok,cold,query,17,11.3568,1,ok,
36001440696-2,2026-09-24T13:41:33Z,https://github.com/djouallah/lakehouse_benchmark/actions/runs/36001440696,c33be9d,30,tpch,linux-6.17.0-1022-azure,4,15.6,3.12.14,chdb_iceberg,4.4.0,ok,cold,query,18,10.1774,100,ok,
36001440696-2,2026-09-24T13:41:33Z,https://github.com/djouallah/lakehouse_benchmark/actions/runs/36001440696,c33be9d,30,tpch,linux-6.17.0-1022-azure,4,15.6,3.12.14,chdb_iceberg,4.4.0,ok,cold,query,19,6.9736,1,ok,
36001440696-2,2026-09-24T13:41:33Z,https://github.com/djouallah/lakehouse_benchmark/actions/runs/36001440696,c33be9d,30,tpch,linux-6.17.0-1022-azure,4,15.6,3.12.14,chdb_iceberg,4.4.0,ok,cold,query,20,6.8844,5404,ok,
36001440696-2,2026-09-24T13:41:33Z,https://github.com/djouallah/lakehouse_benchmark/actions/runs/36001440696,c33be9d,30,tpch,linux-6.17.0-1022-azure,4,15.6,3.12.14,chdb_iceberg,4.4.0,ok,cold,query,21,27.1926,100,ok,
36001440696-2,2026-09-24T13:41:33Z,https://github.com/djouallah/lakehouse_benchmark/actions/runs/36001440696,c33be9d,30,tpch,linux-6.17.0-1022-azure,4,15.6,3.12.14,chdb_iceberg,4.4.0,ok,cold,query,22,8.0637,7,ok,
36001440696-2,2026-09-24T13:41:33Z,https://github.com/djouallah/lakehouse_benchmark/actions/runs/36001440696,c33be9d,30,tpch,linux-6.17.0-1022-azure,4,15.6,3.12.14,pyspark_iceberg,4.1.3 + iceberg Apache Iceberg 1.11.0 (commit 6976e020b894f6a6777704df2b8c4458cb291ae9),ok,cold,setup,0,18.0572,,ok,
36001440696-2,2026-09-24T13:41:33Z,https://github.com/djouallah/lakehouse_benchmark/actions/runs/36001440696,c33be9d,30,tpch,linux-6.17.0-1022-azure,4,15.6,3.12.14,pyspark_iceberg,4.1.3 + iceberg Apache Iceberg 1.11.0 (commit 6976e020b894f6a6777704df2b8c4458cb291ae9),ok,cold,query,1,114.5693,4,ok,
36001440696-2,2026-09-24T13:41:33Z,https://github.com/djouallah/lakehouse_benchmark/actions/runs/36001440696,c33be9d,30,tpch,linux-6.17.0-1022-azure,4,15.6,3.12.14,pyspark_iceberg,4.1.3 + iceberg Apache Iceberg 1.11.0 (commit 6976e020b894f6a6777704df2b8c4458cb291ae9),ok,cold,query,2,27.42,10,ok,
36001440696-2,2026-09-24T13:41:33Z,https://github.com/djouallah/lakehouse_benchmark/actions/runs/36001440696,c33be9d,30,tpch,linux-6.17.0-1022-azure,4,15.6,3.12.14,pyspark_iceberg,4.1.3 + iceberg Apache Iceberg 1.11.0 (commit 6976e020b894f6a6777704df2b8c4458cb291ae9),ok,cold,query,3,64.4127,10,ok,
36001440696-2,2026-09-24T13:41:33Z,https://github.com/djouallah/lakehouse_benchmark/actions/runs/36001440696,c33be9d,30,tpch,linux-6.17.0-1022-azure,4,15.6,3.12.14,pyspark_iceberg,4.1.3 + iceberg Apache Iceberg 1.11.0 (commit 6976e020b894f6a6777704df2b8c4458cb291ae9),ok,cold,query,4,48.6231,5,ok,
36001440696-2,2026-09-24T13:41:33Z,https://github.com/djouallah/lakehouse_benchmark/actions/runs/36001440696,c33be9d,30,tpch,linux-6.17.0-1022-azure,4,15.6,3.12.14,pyspark_iceberg,4.1.3 + iceberg Apache Iceberg 1.11.0 (commit 6976e020b894f6a6777704df2b8c4458cb291ae9),ok,cold,query,5,91.0139,5,ok,
36001440696-2,2026-09-24T13:41:33Z,https://github.com/djouallah/lakehouse_benchmark/actions/runs/36001440696,c33be9d,30,tpch,linux-6.17.0-1022-azure,4,15.6,3.12.14,pyspark_iceberg,4.1.3 + iceberg Apache Iceberg 1.11.0 (commit 6976e020b894f6a6777704df2b8c4458cb291ae9),ok,cold,query,6,34.0655,1,ok,
36001440696-2,2026-09-24T13:41:33Z,https://github.com/djouallah/lakehouse_benchmark/actions/runs/36001440696,c33be9d,30,tpch,linux-6.17.0-1022-azure,4,15.6,3.12.14,pyspark_iceberg,4.1.3 + iceberg Apache Iceberg 1.11.0 (commit 6976e020b894f6a6777704df2b8c4458cb291ae9),ok,cold,query,7,135.8717,9,ok,
36001440696-2,2026-09-24T13:41:33Z,https://github.com/djouallah/lakehouse_benchmark/actions/runs/36001440696,c33be9d,30,tpch,linux-6.17.0-1022-azure,4,15.6,3.12.14,pyspark_iceberg,4.1.3 + iceberg Apache Iceberg 1.11.0 (commit 6976e020b894f6a6777704df2b8c4458cb291ae9),ok,cold,query,8,80.0847,2,ok,
36001440696-2,2026-09-24T13:41:33Z,https://github.com/djouallah/lakehouse_benchmark/actions/runs/36001440696,c33be9d,30,tpch,linux-6.17.0-1022-azure,4,15.6,3.12.14,pyspark_iceberg,4.1.3 + iceberg Apache Iceberg 1.11.0 (commit 6976e020b894f6a6777704df2b8c4458cb291ae9),ok,cold,query,9,99.0572,175,ok,
36001440696-2,2026-09-24T13:41:33Z,https://github.com/djouallah/lakehouse_benchmark/actions/runs/36001440696,c33be9d,30,tpch,linux-6.17.0-1022-azure,4,15.6,3.12.14,pyspark_iceberg,4.1.3 + iceberg Apache Iceberg 1.11.0 (commit 6976e020b894f6a6777704df2b8c4458cb291ae9),ok,cold,query,10,51.5849,20,ok,
36001440696-2,2026-09-24T13:41:33Z,https://github.com/djouallah/lakehouse_benchmark/actions/runs/36001440696,c33be9d,30,tpch,linux-6.17.0-1022-azure,4,15.6,3.12.14,pyspark_iceberg,4.1.3 + iceberg Apache Iceberg 1.11.0 (commit 6976e020b894f6a6777704df2b8c4458cb291ae9),ok,cold,query,11,8.319,28820,ok,
36001440696-2,2026-09-24T13:41:33Z,https://github.com/djouallah/lakehouse_benchmark/actions/runs/36001440696,c33be9d,30,tpch,linux-6.17.0-1022-azure,4,15.6,3.12.14,pyspark_iceberg,4.1.3 + iceberg Apache Iceberg 1.11.0 (commit 6976e020b894f6a6777704df2b8c4458cb291ae9),ok,cold,query,12,45.2895,2,ok,
36001440696-2,2026-09-24T13:41:33Z,https://github.com/djouallah/lakehouse_benchmark/actions/runs/36001440696,c33be9d,30,tpch,linux-6.17.0-1022-azure,4,15.6,3.12.14,pyspark_iceberg,4.1.3 + iceberg Apache Iceberg 1.11.0 (commit 6976e020b894f6a6777704df2b8c4458cb291ae9),ok,cold,query,13,34.4736,45,ok,
36001440696-2,2026-09-24T13:41:33Z,https://github.com/djouallah/lakehouse_benchmark/actions/runs/36001440696,c33be9d,30,tpch,linux-6.17.0-1022-azure,4,15.6,3.12.14,pyspark_iceberg,4.1.3 + iceberg Apache Iceberg 1.11.0 (commit 6976e020b894f6a6777704df2b8c4458cb291ae9),ok,cold,query,14,33.6251,1,ok,
36001440696-2,2026-09-24T13:41:33Z,https://github.com/djouallah/lakehouse_benchmark/actions/runs/36001440696,c33be9d,30,tpch,linux-6.17.0-1022-azure,4,15.6,3.12.14,pyspark_iceberg,4.1.3 + iceberg Apache Iceberg 1.11.0 (commit 6976e020b894f6a6777704df2b8c4458cb291ae9),ok,cold,query,15,66.5705,1,ok,
36001440696-2,2026-09-24T13:41:33Z,https://github.com/djouallah/lakehouse_benchmark/actions/runs/36001440696,c33be9d,30,tpch,linux-6.17.0-1022-azure,4,15.6,3.12.14,pyspark_iceberg,4.1.3 + iceberg Apache Iceberg 1.11.0 (commit 6976e020b894f6a6777704df2b8c4458cb291ae9),ok,cold,query,16,13.1286,27840,ok,
36001440696-2,2026-09-24T13:41:33Z,https://github.com/djouallah/lakehouse_benchmark/actions/runs/36001440696,c33be9d,30,tpch,linux-6.17.0-1022-azure,4,15.6,3.12.14,pyspark_iceberg,4.1.3 + iceberg Apache Iceberg 1.11.0 (commit 6976e020b894f6a6777704df2b8c4458cb291ae9),ok,cold,query,17,128.8963,1,ok,
36001440696-2,2026-09-24T13:41:33Z,https://github.com/djouallah/lakehouse_benchmark/actions/runs/36001440696,c33be9d,30,tpch,linux-6.17.0-1022-azure,4,15.6,3.12.14,pyspark_iceberg,4.1.3 + iceberg Apache Iceberg 1.11.0 (commit 6976e020b894f6a6777704df2b8c4458cb291ae9),ok,cold,query,18,110.1257,100,ok,
36001440696-2,2026-09-24T13:41:33Z,https://github.com/djouallah/lakehouse_benchmark/actions/runs/36001440696,c33be9d,30,tpch,linux-6.17.0-1022-azure,4,15.6,3.12.14,pyspark_iceberg,4.1.3 + iceberg Apache Iceberg 1.11.0 (commit 6976e020b894f6a6777704df2b8c4458cb291ae9),ok,cold,query,19,41.5402,1,ok,
36001440696-2,2026-09-24T13:41:33Z,https://github.com/djouallah/lakehouse_benchmark/actions/runs/36001440696,c33be9d,30,tpch,linux-6.17.0-1022-azure,4,15.6,3.12.14,pyspark_iceberg,4.1.3 + iceberg Apache Iceberg 1.11.0 (commit 6976e020b894f6a6777704df2b8c4458cb291ae9),ok,cold,query,20,39.5687,5404,ok,
36001440696-2,2026-09-24T13:41:33Z,https://github.com/djouallah/lakehouse_benchmark/actions/runs/36001440696,c33be9d,30,tpch,linux-6.17.0-1022-azure,4,15.6,3.12.14,pyspark_iceberg,4.1.3 + iceberg Apache Iceberg 1.11.0 (commit 6976e020b894f6a6777704df2b8c4458cb291ae9),ok,cold,query,21,150.2578,100,ok,
36001440696-2,2026-09-24T13:41:33Z,https://github.com/djouallah/lakehouse_benchmark/actions/runs/36001440696,c33be9d,30,tpch,linux-6.17.0-1022-azure,4,15.6,3.12.14,pyspark_iceberg,4.1.3 + iceberg Apache Iceberg 1.11.0 (commit 6976e020b894f6a6777704df2b8c4458cb291ae9),ok,cold,query,22,21.0417,7,ok,
36016149239-1,2026-09-24T14:54:36Z,https://github.com/djouallah/lakehouse_benchmark/actions/runs/36016149239,d588872,60,tpch,linux-6.17.0-1022-azure,4,15.6,3.12.14,chdb_iceberg,4.4.0,ok,cold,setup,0,1.9134,,ok,
36016149239-1,2026-09-24T14:54:36Z,https://github.com/djouallah/lakehouse_benchmark/actions/runs/36016149239,d588872,60,tpch,linux-6.17.0-1022-azure,4,15.6,3.12.14,chdb_iceberg,4.4.0,ok,cold,query,1,24.6955,4,ok,
36016149239-1,2026-09-24T14:54:36Z,https://github.com/djouallah/lakehouse_benchmark/actions/runs/36016149239,d588872,60,tpch,linux-6.17.0-1022-azure,4,15.6,3.12.14,chdb_iceberg,4.4.0,ok,cold,query,2,19.3431,10,ok,
36016149239-1,2026-09-24T14:54:36Z,https://github.com/djouallah/lakehouse_benchmark/actions/runs/36016149239,d588872,60,tpch,linux-6.17.0-1022-azure,4,15.6,3.12.14,chdb_iceberg,4.4.0,ok,cold,query,3,,,error,"RuntimeError: Code: 241. DB::Exception: Query memory limit exceeded: would use 9.31 GiB (attempt to allocate chunk of 3.86 MiB), maximum: 9.31 GiB. Untracked memory across all threads: -5.88 MiB: read stage: ColumnData: column: l_orderkey: (in file/uri ac303243-4441-4885-9e7d-f4f5e7af194c/Tables/CH0060/lineitem/part-00051-000-lineitem.51.parquet): While executing ParquetV3BlockInputFormat: While executing ReadFromObjectStorage. (MEMORY_LIMIT_EXCEEDED)"
36016149239-1,2026-09-24T14:54:36Z,https://github.com/djouallah/lakehouse_benchmark/actions/runs/36016149239,d588872,60,tpch,linux-6.17.0-1022-azure,4,15.6,3.12.14,chdb_iceberg,4.4.0,ok,cold,query,4,,,error,JSONDecodeError: Extra data: line 36 column 1 (char 415)
36016149239-1,2026-09-24T14:54:36Z,https://github.com/djouallah/lakehouse_benchmark/actions/runs/36016149239,d588872,60,tpch,linux-6.17.0-1022-azure,4,15.6,3.12.14,chdb_iceberg,4.4.0,ok,cold,query,5,55.7366,5,ok,
36016149239-1,2026-09-24T14:54:36Z,https://github.com/djouallah/lakehouse_benchmark/actions/runs/36016149239,d588872,60,tpch,linux-6.17.0-1022-azure,4,15.6,3.12.14,chdb_iceberg,4.4.0,ok,cold,query,6,16.4971,1,ok,
36016149239-1,2026-09-24T14:54:36Z,https://github.com/djouallah/lakehouse_benchmark/actions/runs/36016149239,d588872,60,tpch,linux-6.17.0-1022-azure,4,15.6,3.12.14,chdb_iceberg,4.4.0,ok,cold,query,7,,,error,"RuntimeError: Code: 241. DB::Exception: Query memory limit exceeded: would use 9.43 GiB (attempt to allocate chunk of 129.08 MiB), maximum: 9.31 GiB. Untracked memory across all threads: -8.19 MiB: While executing FillingRightJoinSide. (MEMORY_LIMIT_EXCEEDED)"
36016149239-1,2026-09-24T14:54:36Z,https://github.com/djouallah/lakehouse_benchmark/actions/runs/36016149239,d588872,60,tpch,linux-6.17.0-1022-azure,4,15.6,3.12.14,chdb_iceberg,4.4.0,ok,cold,query,8,,,error,JSONDecodeError: Extra data: line 36 column 1 (char 411)
36016149239-1,2026-09-24T14:54:36Z,https://github.com/djouallah/lakehouse_benchmark/actions/runs/36016149239,d588872,60,tpch,linux-6.17.0-1022-azure,4,15.6,3.12.14,chdb_iceberg,4.4.0,ok,cold,query,9,,,error,"RuntimeError: Code: 241. DB::Exception: Query memory limit exceeded: would use 11.42 GiB (attempt to allocate chunk of 4.00 GiB), maximum: 9.31 GiB. Untracked memory across all threads: -819.08 KiB: While executing FillingRightJoinSide. (MEMORY_LIMIT_EXCEEDED)"
36016149239-1,2026-09-24T14:54:36Z,https://github.com/djouallah/lakehouse_benchmark/actions/runs/36016149239,d588872,60,tpch,linux-6.17.0-1022-azure,4,15.6,3.12.14,chdb_iceberg,4.4.0,ok,cold,query,10,,,error,JSONDecodeError: Extra data: line 32 column 1 (char 342)
36016149239-1,2026-09-24T14:54:36Z,https://github.com/djouallah/lakehouse_benchmark/actions/runs/36016149239,d588872,60,tpch,linux-6.17.0-1022-azure,4,15.6,3.12.14,chdb_iceberg,4.4.0,ok,cold,query,11,6.5527,56470,ok,
36016149239-1,2026-09-24T14:54:36Z,https://github.com/djouallah/lakehouse_benchmark/actions/runs/36016149239,d588872,60,tpch,linux-6.17.0-1022-azure,4,15.6,3.12.14,chdb_iceberg,4.4.0,ok,cold,query,12,23.8331,2,ok,
36016149239-1,2026-09-24T14:54:36Z,https://github.com/djouallah/lakehouse_benchmark/actions/runs/36016149239,d588872,60,tpch,linux-6.17.0-1022-azure,4,15.6,3.12.14,chdb_iceberg,4.4.0,ok,cold,query,13,24.9313,46,ok,
36016149239-1,2026-09-24T14:54:36Z,https://github.com/djouallah/lakehouse_benchmark/actions/runs/36016149239,d588872,60,tpch,linux-6.17.0-1022-azure,4,15.6,3.12.14,chdb_iceberg,4.4.0,ok,cold,query,14,17.1242,1,ok,
36016149239-1,2026-09-24T14:54:36Z,https://github.com/djouallah/lakehouse_benchmark/actions/runs/36016149239,d588872,60,tpch,linux-6.17.0-1022-azure,4,15.6,3.12.14,chdb_iceberg,4.4.0,ok,cold,query,15,13.3374,1,ok,
36016149239-1,2026-09-24T14:54:36Z,https://github.com/djouallah/lakehouse_benchmark/actions/runs/36016149239,d588872,60,tpch,linux-6.17.0-1022-azure,4,15.6,3.12.14,chdb_iceberg,4.4.0,ok,cold,query,16,4.4199,27840,ok,
36016149239-1,2026-09-24T14:54:36Z,https://github.com/djouallah/lakehouse_benchmark/actions/runs/36016149239,d588872,60,tpch,linux-6.17.0-1022-azure,4,15.6,3.12.14,chdb_iceberg,4.4.0,ok,cold,query,17,23.2681,1,ok,
36016149239-1,2026-09-24T14:54:36Z,https://github.com/djouallah/lakehouse_benchmark/actions/runs/36016149239,d588872,60,tpch,linux-6.17.0-1022-azure,4,15.6,3.12.14,chdb_iceberg,4.4.0,ok,cold,query,18,22.8674,100,ok,
36016149239-1,2026-09-24T14:54:36Z,https://github.com/djouallah/lakehouse_benchmark/actions/runs/36016149239,d588872,60,tpch,linux-6.17.0-1022-azure,4,15.6,3.12.14,chdb_iceberg,4.4.0,ok,cold,query,19,21.4339,1,ok,
36016149239-1,2026-09-24T14:54:36Z,https://github.com/djouallah/lakehouse_benchmark/actions/runs/36016149239,d588872,60,tpch,linux-6.17.0-1022-azure,4,15.6,3.12.14,chdb_iceberg,4.4.0,ok,cold,query,20,11.4339,10738,ok,
36016149239-1,2026-09-24T14:54:36Z,https://github.com/djouallah/lakehouse_benchmark/actions/runs/36016149239,d588872,60,tpch,linux-6.17.0-1022-azure,4,15.6,3.12.14,chdb_iceberg,4.4.0,ok,cold,query,21,,,error,"RuntimeError: Code: 241. DB::Exception: Iceberg iterator is failed with exception: Code: 241. DB::Exception: Query memory limit exceeded: would use 10.40 GiB (attempt to allocate chunk of 1.15 GiB), maximum: 9.31 GiB. Untracked memory across all threads: -2.43 MiB. (MEMORY_LIMIT_EXCEEDED), Stack trace (when copying this message, always include the lines below):

0. ? @ 0x000000001c9d9233
1. ? @ 0x000000000ef44e9e
2. ? @ 0x000000000919dbd2
3. ? @ 0x000000000919d67b
4. ? @ 0x000000000efc104e
5. ? @ 0x000000000efbf5ca
6. ? @ 0x000000000efbed62
7. ? @ 0x000000000ef18e4c
8. ? @ 0x000000000ef15892
9. ? @ 0x00000000171c80a1
10. ? @ 0x000000001749290d
11. ? @ 0x00000000172cbb1b
12. ? @ 0x00000000172cc60e
13. ? @ 0x000000001498209c
14. ? @ 0x0000000014981c02
15. ? @ 0x00000000145f36f6
16. ? @ 0x0000000017cbe944
17. ? @ 0x0000000017cc335e
18. ? @ 0x00000000180e0053
19. ? @ 0x00000000180e0164
20. ? @ 0x00000000180dfe61
21. ? @ 0x0000000017cb7537
22. ? @ 0x0000000012b80e3e
23. ? @ 0x0000000012b7cbe9
24. ? @ 0x0000000012b7b79f
25. ? @ 0x0000000012b7cef1
26. ? @ 0x0000000012b4f37e
27. ? @ 0x0000000012b56480
28. ? @ 0x000000000f15d106
29. ? @ 0x000000000f15271e
30. ? @ 0x000000000f15a63b
31. arrow::Status arrow::py::internal::(anonymous namespace)::DecimalFromStdString<arrow::Decimal64>(std::__cxx11::basic_string<char, std::char_traits<char>, std::allocator<char>> const&, arrow::DecimalType const&, arrow::Decimal64*) @ 0x000000000009cb84
 (version 26.7.2.1): While executing ReadFromObjectStorage. (MEMORY_LIMIT_EXCEEDED)"
36016149239-1,2026-09-24T14:54:36Z,https://github.com/djouallah/lakehouse_benchmark/actions/runs/36016149239,d588872,60,tpch,linux-6.17.0-1022-azure,4,15.6,3.12.14,chdb_iceberg,4.4.0,ok,cold,query,22,,,error,JSONDecodeError: Extra data: line 28 column 1 (char 263)
36016149239-1,2026-09-24T14:54:36Z,https://github.com/djouallah/lakehouse_benchmark/actions/runs/36016149239,d588872,60,tpch,linux-6.17.0-1022-azure,4,15.6,3.12.14,pyspark_iceberg,4.1.3 + iceberg Apache Iceberg 1.11.0 (commit 6976e020b894f6a6777704df2b8c4458cb291ae9),ok,cold,setup,0,26.345,,ok,
36016149239-1,2026-09-24T14:54:36Z,https://github.com/djouallah/lakehouse_benchmark/actions/runs/36016149239,d588872,60,tpch,linux-6.17.0-1022-azure,4,15.6,3.12.14,pyspark_iceberg,4.1.3 + iceberg Apache Iceberg 1.11.0 (commit 6976e020b894f6a6777704df2b8c4458cb291ae9),ok,cold,query,1,168.7297,4,ok,
36016149239-1,2026-09-24T14:54:36Z,https://github.com/djouallah/lakehouse_benchmark/actions/runs/36016149239,d588872,60,tpch,linux-6.17.0-1022-azure,4,15.6,3.12.14,pyspark_iceberg,4.1.3 + iceberg Apache Iceberg 1.11.0 (commit 6976e020b894f6a6777704df2b8c4458cb291ae9),ok,cold,query,2,41.4623,10,ok,
36016149239-1,2026-09-24T14:54:36Z,https://github.com/djouallah/lakehouse_benchmark/actions/runs/36016149239,d588872,60,tpch,linux-6.17.0-1022-azure,4,15.6,3.12.14,pyspark_iceberg,4.1.3 + iceberg Apache Iceberg 1.11.0 (commit 6976e020b894f6a6777704df2b8c4458cb291ae9),ok,cold,query,3,105.2283,10,ok,
36016149239-1,2026-09-24T14:54:36Z,https://github.com/djouallah/lakehouse_benchmark/actions/runs/36016149239,d588872,60,tpch,linux-6.17.0-1022-azure,4,15.6,3.12.14,pyspark_iceberg,4.1.3 + iceberg Apache Iceberg 1.11.0 (commit 6976e020b894f6a6777704df2b8c4458cb291ae9),ok,cold,query,4,77.1609,5,ok,
36016149239-1,2026-09-24T14:54:36Z,https://github.com/djouallah/lakehouse_benchmark/actions/runs/36016149239,d588872,60,tpch,linux-6.17.0-1022-azure,4,15.6,3.12.14,pyspark_iceberg,4.1.3 + iceberg Apache Iceberg 1.11.0 (commit 6976e020b894f6a6777704df2b8c4458cb291ae9),ok,cold,query,5,144.356,5,ok,
36016149239-1,2026-09-24T14:54:36Z,https://github.com/djouallah/lakehouse_benchmark/actions/runs/36016149239,d588872,60,tpch,linux-6.17.0-1022-azure,4,15.6,3.12.14,pyspark_iceberg,4.1.3 + iceberg Apache Iceberg 1.11.0 (commit 6976e020b894f6a6777704df2b8c4458cb291ae9),ok,cold,query,6,65.6823,1,ok,
36016149239-1,2026-09-24T14:54:36Z,https://github.com/djouallah/lakehouse_benchmark/actions/runs/36016149239,d588872,60,tpch,linux-6.17.0-1022-azure,4,15.6,3.12.14,pyspark_iceberg,4.1.3 + iceberg Apache Iceberg 1.11.0 (commit 6976e020b894f6a6777704df2b8c4458cb291ae9),ok,cold,query,7,92.1885,9,ok,
36016149239-1,2026-09-24T14:54:36Z,https://github.com/djouallah/lakehouse_benchmark/actions/runs/36016149239,d588872,60,tpch,linux-6.17.0-1022-azure,4,15.6,3.12.14,pyspark_iceberg,4.1.3 + iceberg Apache Iceberg 1.11.0 (commit 6976e020b894f6a6777704df2b8c4458cb291ae9),ok,cold,query,8,130.5283,2,ok,
36016149239-1,2026-09-24T14:54:36Z,https://github.com/djouallah/lakehouse_benchmark/actions/runs/36016149239,d588872,60,tpch,linux-6.17.0-1022-azure,4,15.6,3.12.14,pyspark_iceberg,4.1.3 + iceberg Apache Iceberg 1.11.0 (commit 6976e020b894f6a6777704df2b8c4458cb291ae9),ok,cold,query,9,180.1848,175,ok,
36016149239-1,2026-09-24T14:54:36Z,https://github.com/djouallah/lakehouse_benchmark/actions/runs/36016149239,d588872,60,tpch,linux-6.17.0-1022-azure,4,15.6,3.12.14,pyspark_iceberg,4.1.3 + iceberg Apache Iceberg 1.11.0 (commit 6976e020b894f6a6777704df2b8c4458cb291ae9),ok,cold,query,10,94.0602,20,ok,
36016149239-1,2026-09-24T14:54:36Z,https://github.com/djouallah/lakehouse_benchmark/actions/runs/36016149239,d588872,60,tpch,linux-6.17.0-1022-azure,4,15.6,3.12.14,pyspark_iceberg,4.1.3 + iceberg Apache Iceberg 1.11.0 (commit 6976e020b894f6a6777704df2b8c4458cb291ae9),ok,cold,query,11,13.3379,49493,ok,
36016149239-1,2026-09-24T14:54:36Z,https://github.com/djouallah/lakehouse_benchmark/actions/runs/36016149239,d588872,60,tpch,linux-6.17.0-1022-azure,4,15.6,3.12.14,pyspark_iceberg,4.1.3 + iceberg Apache Iceberg 1.11.0 (commit 6976e020b894f6a6777704df2b8c4458cb291ae9),ok,cold,query,12,84.7168,2,ok,
36016149239-1,2026-09-24T14:54:36Z,https://github.com/djouallah/lakehouse_benchmark/actions/runs/36016149239,d588872,60,tpch,linux-6.17.0-1022-azure,4,15.6,3.12.14,pyspark_iceberg,4.1.3 + iceberg Apache Iceberg 1.11.0 (commit 6976e020b894f6a6777704df2b8c4458cb291ae9),ok,cold,query,13,56.4029,46,ok,
36016149239-1,2026-09-24T14:54:36Z,https://github.com/djouallah/lakehouse_benchmark/actions/runs/36016149239,d588872,60,tpch,linux-6.17.0-1022-azure,4,15.6,3.12.14,pyspark_iceberg,4.1.3 + iceberg Apache Iceberg 1.11.0 (commit 6976e020b894f6a6777704df2b8c4458cb291ae9),ok,cold,query,14,62.5095,1,ok,
36016149239-1,2026-09-24T14:54:36Z,https://github.com/djouallah/lakehouse_benchmark/actions/runs/36016149239,d588872,60,tpch,linux-6.17.0-1022-azure,4,15.6,3.12.14,pyspark_iceberg,4.1.3 + iceberg Apache Iceberg 1.11.0 (commit 6976e020b894f6a6777704df2b8c4458cb291ae9),ok,cold,query,15,123.6912,1,ok,
36016149239-1,2026-09-24T14:54:36Z,https://github.com/djouallah/lakehouse_benchmark/actions/runs/36016149239,d588872,60,tpch,linux-6.17.0-1022-azure,4,15.6,3.12.14,pyspark_iceberg,4.1.3 + iceberg Apache Iceberg 1.11.0 (commit 6976e020b894f6a6777704df2b8c4458cb291ae9),ok,cold,query,16,19.4137,27840,ok,
36016149239-1,2026-09-24T14:54:36Z,https://github.com/djouallah/lakehouse_benchmark/actions/runs/36016149239,d588872,60,tpch,linux-6.17.0-1022-azure,4,15.6,3.12.14,pyspark_iceberg,4.1.3 + iceberg Apache Iceberg 1.11.0 (commit 6976e020b894f6a6777704df2b8c4458cb291ae9),ok,cold,query,17,214.0615,1,ok,
36016149239-1,2026-09-24T14:54:36Z,https://github.com/djouallah/lakehouse_benchmark/actions/runs/36016149239,d588872,60,tpch,linux-6.17.0-1022-azure,4,15.6,3.12.14,pyspark_iceberg,4.1.3 + iceberg Apache Iceberg 1.11.0 (commit 6976e020b894f6a6777704df2b8c4458cb291ae9),ok,cold,query,18,180.6082,100,ok,
36016149239-1,2026-09-24T14:54:36Z,https://github.com/djouallah/lakehouse_benchmark/actions/runs/36016149239,d588872,60,tpch,linux-6.17.0-1022-azure,4,15.6,3.12.14,pyspark_iceberg,4.1.3 + iceberg Apache Iceberg 1.11.0 (commit 6976e020b894f6a6777704df2b8c4458cb291ae9),ok,cold,query,19,77.3069,1,ok,
36016149239-1,2026-09-24T14:54:36Z,https://github.com/djouallah/lakehouse_benchmark/actions/runs/36016149239,d588872,60,tpch,linux-6.17.0-1022-azure,4,15.6,3.12.14,pyspark_iceberg,4.1.3 + iceberg Apache Iceberg 1.11.0 (commit 6976e020b894f6a6777704df2b8c4458cb291ae9),ok,cold,query,20,68.6778,10738,ok,
36016149239-1,2026-09-24T14:54:36Z,https://github.com/djouallah/lakehouse_benchmark/actions/runs/36016149239,d588872,60,tpch,linux-6.17.0-1022-azure,4,15.6,3.12.14,pyspark_iceberg,4.1.3 + iceberg Apache Iceberg 1.11.0 (commit 6976e020b894f6a6777704df2b8c4458cb291ae9),ok,cold,query,21,280.0731,100,ok,
36016149239-1,2026-09-24T14:54:36Z,https://github.com/djouallah/lakehouse_benchmark/actions/runs/36016149239,d588872,60,tpch,linux-6.17.0-1022-azure,4,15.6,3.12.14,pyspark_iceberg,4.1.3 + iceberg Apache Iceberg 1.11.0 (commit 6976e020b894f6a6777704df2b8c4458cb291ae9),ok,cold,query,22,37.933,7,ok,
36016179553-1,2026-09-24T15:54:15Z,https://github.com/djouallah/lakehouse_benchmark/actions/runs/36016179553,d588872,100,tpch,linux-6.17.0-1022-azure,4,15.6,3.12.14,pyspark_iceberg,4.1.3 + iceberg Apache Iceberg 1.11.0 (commit 6976e020b894f6a6777704df2b8c4458cb291ae9),ok,cold,setup,0,28.2365,,ok,
36016179553-1,2026-09-24T15:54:15Z,https://github.com/djouallah/lakehouse_benchmark/actions/runs/36016179553,d588872,100,tpch,linux-6.17.0-1022-azure,4,15.6,3.12.14,pyspark_iceberg,4.1.3 + iceberg Apache Iceberg 1.11.0 (commit 6976e020b894f6a6777704df2b8c4458cb291ae9),ok,cold,query,1,249.7839,4,ok,
36016179553-1,2026-09-24T15:54:15Z,https://github.com/djouallah/lakehouse_benchmark/actions/runs/36016179553,d588872,100,tpch,linux-6.17.0-1022-azure,4,15.6,3.12.14,pyspark_iceberg,4.1.3 + iceberg Apache Iceberg 1.11.0 (commit 6976e020b894f6a6777704df2b8c4458cb291ae9),ok,cold,query,2,54.8672,10,ok,
36016179553-1,2026-09-24T15:54:15Z,https://github.com/djouallah/lakehouse_benchmark/actions/runs/36016179553,d588872,100,tpch,linux-6.17.0-1022-azure,4,15.6,3.12.14,pyspark_iceberg,4.1.3 + iceberg Apache Iceberg 1.11.0 (commit 6976e020b894f6a6777704df2b8c4458cb291ae9),ok,cold,query,3,87.6178,10,ok,
36016179553-1,2026-09-24T15:54:15Z,https://github.com/djouallah/lakehouse_benchmark/actions/runs/36016179553,d588872,100,tpch,linux-6.17.0-1022-azure,4,15.6,3.12.14,pyspark_iceberg,4.1.3 + iceberg Apache Iceberg 1.11.0 (commit 6976e020b894f6a6777704df2b8c4458cb291ae9),ok,cold,query,4,87.0192,5,ok,
36016179553-1,2026-09-24T15:54:15Z,https://github.com/djouallah/lakehouse_benchmark/actions/runs/36016179553,d588872,100,tpch,linux-6.17.0-1022-azure,4,15.6,3.12.14,pyspark_iceberg,4.1.3 + iceberg Apache Iceberg 1.11.0 (commit 6976e020b894f6a6777704df2b8c4458cb291ae9),ok,cold,query,5,184.3276,5,ok,
36016179553-1,2026-09-24T15:54:15Z,https://github.com/djouallah/lakehouse_benchmark/actions/runs/36016179553,d588872,100,tpch,linux-6.17.0-1022-azure,4,15.6,3.12.14,pyspark_iceberg,4.1.3 + iceberg Apache Iceberg 1.11.0 (commit 6976e020b894f6a6777704df2b8c4458cb291ae9),ok,cold,query,6,33.9099,1,ok,
36016179553-1,2026-09-24T15:54:15Z,https://github.com/djouallah/lakehouse_benchmark/actions/runs/36016179553,d588872,100,tpch,linux-6.17.0-1022-azure,4,15.6,3.12.14,pyspark_iceberg,4.1.3 + iceberg Apache Iceberg 1.11.0 (commit 6976e020b894f6a6777704df2b8c4458cb291ae9),ok,cold,query,7,176.3609,9,ok,
36016179553-1,2026-09-24T15:54:15Z,https://github.com/djouallah/lakehouse_benchmark/actions/runs/36016179553,d588872,100,tpch,linux-6.17.0-1022-azure,4,15.6,3.12.14,pyspark_iceberg,4.1.3 + iceberg Apache Iceberg 1.11.0 (commit 6976e020b894f6a6777704df2b8c4458cb291ae9),ok,cold,query,8,205.3771,2,ok,
36016179553-1,2026-09-24T15:54:15Z,https://github.com/djouallah/lakehouse_benchmark/actions/runs/36016179553,d588872,100,tpch,linux-6.17.0-1022-azure,4,15.6,3.12.14,pyspark_iceberg,4.1.3 + iceberg Apache Iceberg 1.11.0 (commit 6976e020b894f6a6777704df2b8c4458cb291ae9),ok,cold,query,9,267.1344,175,ok,
36016179553-1,2026-09-24T15:54:15Z,https://github.com/djouallah/lakehouse_benchmark/actions/runs/36016179553,d588872,100,tpch,linux-6.17.0-1022-azure,4,15.6,3.12.14,pyspark_iceberg,4.1.3 + iceberg Apache Iceberg 1.11.0 (commit 6976e020b894f6a6777704df2b8c4458cb291ae9),ok,cold,query,10,70.7474,20,ok,
36016179553-1,2026-09-24T15:54:15Z,https://github.com/djouallah/lakehouse_benchmark/actions/runs/36016179553,d588872,100,tpch,linux-6.17.0-1022-azure,4,15.6,3.12.14,pyspark_iceberg,4.1.3 + iceberg Apache Iceberg 1.11.0 (commit 6976e020b894f6a6777704df2b8c4458cb291ae9),ok,cold,query,11,35.8665,92698,ok,
36016179553-1,2026-09-24T15:54:15Z,https://github.com/djouallah/lakehouse_benchmark/actions/runs/36016179553,d588872,100,tpch,linux-6.17.0-1022-azure,4,15.6,3.12.14,pyspark_iceberg,4.1.3 + iceberg Apache Iceberg 1.11.0 (commit 6976e020b894f6a6777704df2b8c4458cb291ae9),ok,cold,query,12,69.5667,2,ok,
36016179553-1,2026-09-24T15:54:15Z,https://github.com/djouallah/lakehouse_benchmark/actions/runs/36016179553,d588872,100,tpch,linux-6.17.0-1022-azure,4,15.6,3.12.14,pyspark_iceberg,4.1.3 + iceberg Apache Iceberg 1.11.0 (commit 6976e020b894f6a6777704df2b8c4458cb291ae9),ok,cold,query,13,79.9651,45,ok,
36016179553-1,2026-09-24T15:54:15Z,https://github.com/djouallah/lakehouse_benchmark/actions/runs/36016179553,d588872,100,tpch,linux-6.17.0-1022-azure,4,15.6,3.12.14,pyspark_iceberg,4.1.3 + iceberg Apache Iceberg 1.11.0 (commit 6976e020b894f6a6777704df2b8c4458cb291ae9),ok,cold,query,14,38.8382,1,ok,
36016179553-1,2026-09-24T15:54:15Z,https://github.com/djouallah/lakehouse_benchmark/actions/runs/36016179553,d588872,100,tpch,linux-6.17.0-1022-azure,4,15.6,3.12.14,pyspark_iceberg,4.1.3 + iceberg Apache Iceberg 1.11.0 (commit 6976e020b894f6a6777704df2b8c4458cb291ae9),ok,cold,query,15,79.2322,1,ok,
36016179553-1,2026-09-24T15:54:15Z,https://github.com/djouallah/lakehouse_benchmark/actions/runs/36016179553,d588872,100,tpch,linux-6.17.0-1022-azure,4,15.6,3.12.14,pyspark_iceberg,4.1.3 + iceberg Apache Iceberg 1.11.0 (commit 6976e020b894f6a6777704df2b8c4458cb291ae9),ok,cold,query,16,22.0695,27840,ok,
36016179553-1,2026-09-24T15:54:15Z,https://github.com/djouallah/lakehouse_benchmark/actions/runs/36016179553,d588872,100,tpch,linux-6.17.0-1022-azure,4,15.6,3.12.14,pyspark_iceberg,4.1.3 + iceberg Apache Iceberg 1.11.0 (commit 6976e020b894f6a6777704df2b8c4458cb291ae9),ok,cold,query,17,301.2296,1,ok,
36016179553-1,2026-09-24T15:54:15Z,https://github.com/djouallah/lakehouse_benchmark/actions/runs/36016179553,d588872,100,tpch,linux-6.17.0-1022-azure,4,15.6,3.12.14,pyspark_iceberg,4.1.3 + iceberg Apache Iceberg 1.11.0 (commit 6976e020b894f6a6777704df2b8c4458cb291ae9),ok,cold,query,18,251.7594,100,ok,
36016179553-1,2026-09-24T15:54:15Z,https://github.com/djouallah/lakehouse_benchmark/actions/runs/36016179553,d588872,100,tpch,linux-6.17.0-1022-azure,4,15.6,3.12.14,pyspark_iceberg,4.1.3 + iceberg Apache Iceberg 1.11.0 (commit 6976e020b894f6a6777704df2b8c4458cb291ae9),ok,cold,query,19,58.2576,1,ok,
36016179553-1,2026-09-24T15:54:15Z,https://github.com/djouallah/lakehouse_benchmark/actions/runs/36016179553,d588872,100,tpch,linux-6.17.0-1022-azure,4,15.6,3.12.14,pyspark_iceberg,4.1.3 + iceberg Apache Iceberg 1.11.0 (commit 6976e020b894f6a6777704df2b8c4458cb291ae9),ok,cold,query,20,61.9636,17971,ok,
36016179553-1,2026-09-24T15:54:15Z,https://github.com/djouallah/lakehouse_benchmark/actions/runs/36016179553,d588872,100,tpch,linux-6.17.0-1022-azure,4,15.6,3.12.14,pyspark_iceberg,4.1.3 + iceberg Apache Iceberg 1.11.0 (commit 6976e020b894f6a6777704df2b8c4458cb291ae9),ok,cold,query,21,,,error,"Py4JJavaError: An error occurred while calling o179.collectToPython.
: org.apache.spark.SparkException: Not enough memory to build and broadcast the table to all worker nodes. As a workaround, you can either disable broadcast by setting spark.sql.autoBroadcastJoinThreshold to -1 or increase the spark driver memory by setting spark.driver.memory to a higher value or apply the shuffle sort merge join hint as described in the Spark documentation: https://spark.apache.org/docs/latest/sql-ref-syntax-qry-select-hints.html#join-hints.
	at org.apache.spark.sql.errors.QueryExecutionErrors$.notEnoughMemoryToBuildAndBroadcastTableError(QueryExecutionErrors.scala:2140)
	at org.apache.spark.sql.execution.exchange.BroadcastExchangeExec.$anonfun$relationFuture$1(BroadcastExchangeExec.scala:234)
	at org.apache.spark.sql.execution.SQLExecution$.$anonfun$withThreadLocalCaptured$4(SQLExecution.scala:335)
	at org.apache.spark.sql.execution.SQLExecution$.withSessionTagsApplied(SQLExecution.scala:285)
	at org.apache.spark.sql.execution.SQLExecution$.$anonfun$withThreadLocalCaptured$3(SQLExecution.scala:333)
	at org.apache.spark.JobArtifactSet$.withActiveJobArtifactState(JobArtifactSet.scala:94)
	at org.apache.spark.sql.execution.SQLExecution$.$anonfun$withThreadLocalCaptured$2(SQLExecution.scala:329)
	at java.base/java.util.concurrent.CompletableFuture$AsyncSupply.run(CompletableFuture.java:1768)
	at java.base/java.util.concurrent.ThreadPoolExecutor.runWorker(ThreadPoolExecutor.java:1136)
	at java.base/java.util.concurrent.ThreadPoolExecutor$Worker.run(ThreadPoolExecutor.java:635)
	at java.base/java.lang.Thread.run(Thread.java:840)
"
36016179553-1,2026-09-24T15:54:15Z,https://github.com/djouallah/lakehouse_benchmark/actions/runs/36016179553,d588872,100,tpch,linux-6.17.0-1022-azure,4,15.6,3.12.14,pyspark_iceberg,4.1.3 + iceberg Apache Iceberg 1.11.0 (commit 6976e020b894f6a6777704df2b8c4458cb291ae9),ok,cold,query,22,41.3899,7,ok,
36151085980-1,2026-09-25T14:59:21Z,https://github.com/djouallah/lakehouse_benchmark/actions/runs/36151085980,243b142,100,tpch,linux-6.17.0-1022-azure,4,15.6,3.12.14,pyspark_iceberg,4.1.3 + iceberg Apache Iceberg 1.11.0 (commit 6976e020b894f6a6777704df2b8c4458cb291ae9),ok,cold,setup,0,17.599,,ok,
36151085980-1,2026-09-25T14:59:21Z,https://github.com/djouallah/lakehouse_benchmark/actions/runs/36151085980,243b142,100,tpch,linux-6.17.0-1022-azure,4,15.6,3.12.14,pyspark_iceberg,4.1.3 + iceberg Apache Iceberg 1.11.0 (commit 6976e020b894f6a6777704df2b8c4458cb291ae9),ok,cold,query,1,253.1778,4,ok,
36151085980-1,2026-09-25T14:59:21Z,https://github.com/djouallah/lakehouse_benchmark/actions/runs/36151085980,243b142,100,tpch,linux-6.17.0-1022-azure,4,15.6,3.12.14,pyspark_iceberg,4.1.3 + iceberg Apache Iceberg 1.11.0 (commit 6976e020b894f6a6777704df2b8c4458cb291ae9),ok,cold,query,2,62.04,10,ok,
36151085980-1,2026-09-25T14:59:21Z,https://github.com/djouallah/lakehouse_benchmark/actions/runs/36151085980,243b142,100,tpch,linux-6.17.0-1022-azure,4,15.6,3.12.14,pyspark_iceberg,4.1.3 + iceberg Apache Iceberg 1.11.0 (commit 6976e020b894f6a6777704df2b8c4458cb291ae9),ok,cold,query,3,129.0765,10,ok,
36151085980-1,2026-09-25T14:59:21Z,https://github.com/djouallah/lakehouse_benchmark/actions/runs/36151085980,243b142,100,tpch,linux-6.17.0-1022-azure,4,15.6,3.12.14,pyspark_iceberg,4.1.3 + iceberg Apache Iceberg 1.11.0 (commit 6976e020b894f6a6777704df2b8c4458cb291ae9),ok,cold,query,4,93.0379,5,ok,
36151085980-1,2026-09-25T14:59:21Z,https://github.com/djouallah/lakehouse_benchmark/actions/runs/36151085980,243b142,100,tpch,linux-6.17.0-1022-azure,4,15.6,3.12.14,pyspark_iceberg,4.1.3 + iceberg Apache Iceberg 1.11.0 (commit 6976e020b894f6a6777704df2b8c4458cb291ae9),ok,cold,query,5,212.5909,5,ok,
36151085980-1,2026-09-25T14:59:21Z,https://github.com/djouallah/lakehouse_benchmark/actions/runs/36151085980,243b142,100,tpch,linux-6.17.0-1022-azure,4,15.6,3.12.14,pyspark_iceberg,4.1.3 + iceberg Apache Iceberg 1.11.0 (commit 6976e020b894f6a6777704df2b8c4458cb291ae9),ok,cold,query,6,39.6797,1,ok,
36151085980-1,2026-09-25T14:59:21Z,https://github.com/djouallah/lakehouse_benchmark/actions/runs/36151085980,243b142,100,tpch,linux-6.17.0-1022-azure,4,15.6,3.12.14,pyspark_iceberg,4.1.3 + iceberg Apache Iceberg 1.11.0 (commit 6976e020b894f6a6777704df2b8c4458cb291ae9),ok,cold,query,7,213.2124,9,ok,
36151085980-1,2026-09-25T14:59:21Z,https://github.com/djouallah/lakehouse_benchmark/actions/runs/36151085980,243b142,100,tpch,linux-6.17.0-1022-azure,4,15.6,3.12.14,pyspark_iceberg,4.1.3 + iceberg Apache Iceberg 1.11.0 (commit 6976e020b894f6a6777704df2b8c4458cb291ae9),ok,cold,query,8,203.7784,2,ok,
36151085980-1,2026-09-25T14:59:21Z,https://github.com/djouallah/lakehouse_benchmark/actions/runs/36151085980,243b142,100,tpch,linux-6.17.0-1022-azure,4,15.6,3.12.14,pyspark_iceberg,4.1.3 + iceberg Apache Iceberg 1.11.0 (commit 6976e020b894f6a6777704df2b8c4458cb291ae9),ok,cold,query,9,303.0235,175,ok,
36151085980-1,2026-09-25T14:59:21Z,https://github.com/djouallah/lakehouse_benchmark/actions/runs/36151085980,243b142,100,tpch,linux-6.17.0-1022-azure,4,15.6,3.12.14,pyspark_iceberg,4.1.3 + iceberg Apache Iceberg 1.11.0 (commit 6976e020b894f6a6777704df2b8c4458cb291ae9),ok,cold,query,10,91.4972,20,ok,
36151085980-1,2026-09-25T14:59:21Z,https://github.com/djouallah/lakehouse_benchmark/actions/runs/36151085980,243b142,100,tpch,linux-6.17.0-1022-azure,4,15.6,3.12.14,pyspark_iceberg,4.1.3 + iceberg Apache Iceberg 1.11.0 (commit 6976e020b894f6a6777704df2b8c4458cb291ae9),ok,cold,query,11,37.148,92698,ok,
36151085980-1,2026-09-25T14:59:21Z,https://github.com/djouallah/lakehouse_benchmark/actions/runs/36151085980,243b142,100,tpch,linux-6.17.0-1022-azure,4,15.6,3.12.14,pyspark_iceberg,4.1.3 + iceberg Apache Iceberg 1.11.0 (commit 6976e020b894f6a6777704df2b8c4458cb291ae9),ok,cold,query,12,83.5553,2,ok,
36151085980-1,2026-09-25T14:59:21Z,https://github.com/djouallah/lakehouse_benchmark/actions/runs/36151085980,243b142,100,tpch,linux-6.17.0-1022-azure,4,15.6,3.12.14,pyspark_iceberg,4.1.3 + iceberg Apache Iceberg 1.11.0 (commit 6976e020b894f6a6777704df2b8c4458cb291ae9),ok,cold,query,13,81.4776,45,ok,
36151085980-1,2026-09-25T14:59:21Z,https://github.com/djouallah/lakehouse_benchmark/actions/runs/36151085980,243b142,100,tpch,linux-6.17.0-1022-azure,4,15.6,3.12.14,pyspark_iceberg,4.1.3 + iceberg Apache Iceberg 1.11.0 (commit 6976e020b894f6a6777704df2b8c4458cb291ae9),ok,cold,query,14,54.1121,1,ok,
36151085980-1,2026-09-25T14:59:21Z,https://github.com/djouallah/lakehouse_benchmark/actions/runs/36151085980,243b142,100,tpch,linux-6.17.0-1022-azure,4,15.6,3.12.14,pyspark_iceberg,4.1.3 + iceberg Apache Iceberg 1.11.0 (commit 6976e020b894f6a6777704df2b8c4458cb291ae9),ok,cold,query,15,113.0684,1,ok,
36151085980-1,2026-09-25T14:59:21Z,https://github.com/djouallah/lakehouse_benchmark/actions/runs/36151085980,243b142,100,tpch,linux-6.17.0-1022-azure,4,15.6,3.12.14,pyspark_iceberg,4.1.3 + iceberg Apache Iceberg 1.11.0 (commit 6976e020b894f6a6777704df2b8c4458cb291ae9),ok,cold,query,16,25.8659,27840,ok,
36151085980-1,2026-09-25T14:59:21Z,https://github.com/djouallah/lakehouse_benchmark/actions/runs/36151085980,243b142,100,tpch,linux-6.17.0-1022-azure,4,15.6,3.12.14,pyspark_iceberg,4.1.3 + iceberg Apache Iceberg 1.11.0 (commit 6976e020b894f6a6777704df2b8c4458cb291ae9),ok,cold,query,17,365.332,1,ok,
36151085980-1,2026-09-25T14:59:21Z,https://github.com/djouallah/lakehouse_benchmark/actions/runs/36151085980,243b142,100,tpch,linux-6.17.0-1022-azure,4,15.6,3.12.14,pyspark_iceberg,4.1.3 + iceberg Apache Iceberg 1.11.0 (commit 6976e020b894f6a6777704df2b8c4458cb291ae9),ok,cold,query,18,270.1615,100,ok,
36151085980-1,2026-09-25T14:59:21Z,https://github.com/djouallah/lakehouse_benchmark/actions/runs/36151085980,243b142,100,tpch,linux-6.17.0-1022-azure,4,15.6,3.12.14,pyspark_iceberg,4.1.3 + iceberg Apache Iceberg 1.11.0 (commit 6976e020b894f6a6777704df2b8c4458cb291ae9),ok,cold,query,19,71.7269,1,ok,
36151085980-1,2026-09-25T14:59:21Z,https://github.com/djouallah/lakehouse_benchmark/actions/runs/36151085980,243b142,100,tpch,linux-6.17.0-1022-azure,4,15.6,3.12.14,pyspark_iceberg,4.1.3 + iceberg Apache Iceberg 1.11.0 (commit 6976e020b894f6a6777704df2b8c4458cb291ae9),ok,cold,query,20,78.1796,17971,ok,
36151085980-1,2026-09-25T14:59:21Z,https://github.com/djouallah/lakehouse_benchmark/actions/runs/36151085980,243b142,100,tpch,linux-6.17.0-1022-azure,4,15.6,3.12.14,pyspark_iceberg,4.1.3 + iceberg Apache Iceberg 1.11.0 (commit 6976e020b894f6a6777704df2b8c4458cb291ae9),ok,cold,query,21,,,error,"Py4JJavaError: An error occurred while calling o103.collectToPython.
: org.apache.spark.SparkException: [STAGE_MATERIALIZATION_MULTIPLE_FAILURES] Multiple failures (2) in stage materialization: 
  1. SparkException: Not enough memory to build and broadcast the table to all worker nodes. As a workaround, you can either disable broadcast by setting spark.sql.autoBroadcastJoinThreshold to -1 or increase the spark driver memory by setting spark.driver.memory to a higher value or apply the shuffle sort merge join hint as described in the Spark documentation: https://spark.apache.org/docs/latest/sql-ref-syntax-qry-select-hints.html#join-hints.
  2. SparkException: Not enough memory to build and broadcast the table to all worker nodes. As a workaround, you can either disable broadcast by setting spark.sql.autoBroadcastJoinThreshold to -1 or increase the spark driver memory by setting spark.driver.memory to a higher value or apply the shuffle sort merge join hint as described in the Spark documentation: https://spark.apache.org/docs/latest/sql-ref-syntax-qry-select-hints.html#join-hints. SQLSTATE: XX000
	at org.apache.spark.sql.errors.QueryExecutionErrors$.multiFailuresInStageMaterializationError(QueryExecutionErrors.scala:2003)
	at org.apache.spark.sql.execution.adaptive.AdaptiveSparkPlanExec.cleanUpAndThrowException(AdaptiveSparkPlanExec.scala:900)
	at org.apache.spark.sql.execution.adaptive.AdaptiveSparkPlanExec.$anonfun$withFinalPlanUpdate$1(AdaptiveSparkPlanExec.scala:341)
	at scala.runtime.java8.JFunction0$mcV$sp.apply(JFunction0$mcV$sp.scala:18)
	at org.apache.spark.sql.SparkSession.withActive(SparkSession.scala:804)
	at org.apache.spark.sql.execution.adaptive.AdaptiveSparkPlanExec.withFinalPlanUpdate(AdaptiveSparkPlanExec.scala:273)
	at org.apache.spark.sql.execution.adaptive.AdaptiveSparkPlanExec.executeCollect(AdaptiveSparkPlanExec.scala:396)
	at org.apache.spark.sql.classic.Dataset.$anonfun$collectToPython$1(Dataset.scala:2085)
	at org.apache.spark.sql.classic.D…"
36151085980-1,2026-09-25T14:59:21Z,https://github.com/djouallah/lakehouse_benchmark/actions/runs/36151085980,243b142,100,tpch,linux-6.17.0-1022-azure,4,15.6,3.12.14,pyspark_iceberg,4.1.3 + iceberg Apache Iceberg 1.11.0 (commit 6976e020b894f6a6777704df2b8c4458cb291ae9),ok,cold,query,22,47.681,7,ok,
36223524455-1,2026-09-26T06:22:31Z,https://github.com/djouallah/lakehouse_benchmark/actions/runs/36223524455,13647c8,10,tpch,linux-6.17.0-1022-azure,4,15.6,3.12.14,starrocks_iceberg,4.1.4-4a9848e (starrocks/allin1-ubuntu:4.1-latest),ok,cold,setup,0,24.8945,,ok,
36223524455-1,2026-09-26T06:22:31Z,https://github.com/djouallah/lakehouse_benchmark/actions/runs/36223524455,13647c8,10,tpch,linux-6.17.0-1022-azure,4,15.6,3.12.14,starrocks_iceberg,4.1.4-4a9848e (starrocks/allin1-ubuntu:4.1-latest),ok,cold,query,1,15.2083,4,ok,
36223524455-1,2026-09-26T06:22:31Z,https://github.com/djouallah/lakehouse_benchmark/actions/runs/36223524455,13647c8,10,tpch,linux-6.17.0-1022-azure,4,15.6,3.12.14,starrocks_iceberg,4.1.4-4a9848e (starrocks/allin1-ubuntu:4.1-latest),ok,cold,query,2,5.3207,10,ok,
36223524455-1,2026-09-26T06:22:31Z,https://github.com/djouallah/lakehouse_benchmark/actions/runs/36223524455,13647c8,10,tpch,linux-6.17.0-1022-azure,4,15.6,3.12.14,starrocks_iceberg,4.1.4-4a9848e (starrocks/allin1-ubuntu:4.1-latest),ok,cold,query,3,6.7405,10,ok,
36223524455-1,2026-09-26T06:22:31Z,https://github.com/djouallah/lakehouse_benchmark/actions/runs/36223524455,13647c8,10,tpch,linux-6.17.0-1022-azure,4,15.6,3.12.14,starrocks_iceberg,4.1.4-4a9848e (starrocks/allin1-ubuntu:4.1-latest),ok,cold,query,4,2.4769,5,ok,
36223524455-1,2026-09-26T06:22:31Z,https://github.com/djouallah/lakehouse_benchmark/actions/runs/36223524455,13647c8,10,tpch,linux-6.17.0-1022-azure,4,15.6,3.12.14,starrocks_iceberg,4.1.4-4a9848e (starrocks/allin1-ubuntu:4.1-latest),ok,cold,query,5,4.9626,5,ok,
36223524455-1,2026-09-26T06:22:31Z,https://github.com/djouallah/lakehouse_benchmark/actions/runs/36223524455,13647c8,10,tpch,linux-6.17.0-1022-azure,4,15.6,3.12.14,starrocks_iceberg,4.1.4-4a9848e (starrocks/allin1-ubuntu:4.1-latest),ok,cold,query,6,1.0997,1,ok,
36223524455-1,2026-09-26T06:22:31Z,https://github.com/djouallah/lakehouse_benchmark/actions/runs/36223524455,13647c8,10,tpch,linux-6.17.0-1022-azure,4,15.6,3.12.14,starrocks_iceberg,4.1.4-4a9848e (starrocks/allin1-ubuntu:4.1-latest),ok,cold,query,7,2.3837,9,ok,
36223524455-1,2026-09-26T06:22:31Z,https://github.com/djouallah/lakehouse_benchmark/actions/runs/36223524455,13647c8,10,tpch,linux-6.17.0-1022-azure,4,15.6,3.12.14,starrocks_iceberg,4.1.4-4a9848e (starrocks/allin1-ubuntu:4.1-latest),ok,cold,query,8,4.9923,2,ok,
36223524455-1,2026-09-26T06:22:31Z,https://github.com/djouallah/lakehouse_benchmark/actions/runs/36223524455,13647c8,10,tpch,linux-6.17.0-1022-azure,4,15.6,3.12.14,starrocks_iceberg,4.1.4-4a9848e (starrocks/allin1-ubuntu:4.1-latest),ok,cold,query,9,3.4499,175,ok,
36223524455-1,2026-09-26T06:22:31Z,https://github.com/djouallah/lakehouse_benchmark/actions/runs/36223524455,13647c8,10,tpch,linux-6.17.0-1022-azure,4,15.6,3.12.14,starrocks_iceberg,4.1.4-4a9848e (starrocks/allin1-ubuntu:4.1-latest),ok,cold,query,10,3.1133,20,ok,
36223524455-1,2026-09-26T06:22:31Z,https://github.com/djouallah/lakehouse_benchmark/actions/runs/36223524455,13647c8,10,tpch,linux-6.17.0-1022-azure,4,15.6,3.12.14,starrocks_iceberg,4.1.4-4a9848e (starrocks/allin1-ubuntu:4.1-latest),ok,cold,query,11,1.0597,8685,ok,
36223524455-1,2026-09-26T06:22:31Z,https://github.com/djouallah/lakehouse_benchmark/actions/runs/36223524455,13647c8,10,tpch,linux-6.17.0-1022-azure,4,15.6,3.12.14,starrocks_iceberg,4.1.4-4a9848e (starrocks/allin1-ubuntu:4.1-latest),ok,cold,query,12,4.2152,2,ok,
36223524455-1,2026-09-26T06:22:31Z,https://github.com/djouallah/lakehouse_benchmark/actions/runs/36223524455,13647c8,10,tpch,linux-6.17.0-1022-azure,4,15.6,3.12.14,starrocks_iceberg,4.1.4-4a9848e (starrocks/allin1-ubuntu:4.1-latest),ok,cold,query,13,2.979,46,ok,
36223524455-1,2026-09-26T06:22:31Z,https://github.com/djouallah/lakehouse_benchmark/actions/runs/36223524455,13647c8,10,tpch,linux-6.17.0-1022-azure,4,15.6,3.12.14,starrocks_iceberg,4.1.4-4a9848e (starrocks/allin1-ubuntu:4.1-latest),ok,cold,query,14,1.1659,1,ok,
36223524455-1,2026-09-26T06:22:31Z,https://github.com/djouallah/lakehouse_benchmark/actions/runs/36223524455,13647c8,10,tpch,linux-6.17.0-1022-azure,4,15.6,3.12.14,starrocks_iceberg,4.1.4-4a9848e (starrocks/allin1-ubuntu:4.1-latest),ok,cold,query,15,1.7322,1,ok,
36223524455-1,2026-09-26T06:22:31Z,https://github.com/djouallah/lakehouse_benchmark/actions/runs/36223524455,13647c8,10,tpch,linux-6.17.0-1022-azure,4,15.6,3.12.14,starrocks_iceberg,4.1.4-4a9848e (starrocks/allin1-ubuntu:4.1-latest),ok,cold,query,16,0.6973,27840,ok,
36223524455-1,2026-09-26T06:22:31Z,https://github.com/djouallah/lakehouse_benchmark/actions/runs/36223524455,13647c8,10,tpch,linux-6.17.0-1022-azure,4,15.6,3.12.14,starrocks_iceberg,4.1.4-4a9848e (starrocks/allin1-ubuntu:4.1-latest),ok,cold,query,17,2.9416,1,ok,
36223524455-1,2026-09-26T06:22:31Z,https://github.com/djouallah/lakehouse_benchmark/actions/runs/36223524455,13647c8,10,tpch,linux-6.17.0-1022-azure,4,15.6,3.12.14,starrocks_iceberg,4.1.4-4a9848e (starrocks/allin1-ubuntu:4.1-latest),ok,cold,query,18,4.945,100,ok,
36223524455-1,2026-09-26T06:22:31Z,https://github.com/djouallah/lakehouse_benchmark/actions/runs/36223524455,13647c8,10,tpch,linux-6.17.0-1022-azure,4,15.6,3.12.14,starrocks_iceberg,4.1.4-4a9848e (starrocks/allin1-ubuntu:4.1-latest),ok,cold,query,19,1.3254,1,ok,
36223524455-1,2026-09-26T06:22:31Z,https://github.com/djouallah/lakehouse_benchmark/actions/runs/36223524455,13647c8,10,tpch,linux-6.17.0-1022-azure,4,15.6,3.12.14,starrocks_iceberg,4.1.4-4a9848e (starrocks/allin1-ubuntu:4.1-latest),ok,cold,query,20,1.2209,1804,ok,
36223524455-1,2026-09-26T06:22:31Z,https://github.com/djouallah/lakehouse_benchmark/actions/runs/36223524455,13647c8,10,tpch,linux-6.17.0-1022-azure,4,15.6,3.12.14,starrocks_iceberg,4.1.4-4a9848e (starrocks/allin1-ubuntu:4.1-latest),ok,cold,query,21,4.4513,100,ok,
36223524455-1,2026-09-26T06:22:31Z,https://github.com/djouallah/lakehouse_benchmark/actions/runs/36223524455,13647c8,10,tpch,linux-6.17.0-1022-azure,4,15.6,3.12.14,starrocks_iceberg,4.1.4-4a9848e (starrocks/allin1-ubuntu:4.1-latest),ok,cold,query,22,0.6797,7,ok,
36227016523-1,2026-09-26T07:31:50Z,https://github.com/djouallah/lakehouse_benchmark/actions/runs/36227016523,385e743,100,tpch,linux-6.17.0-1022-azure,4,15.6,3.12.14,starrocks_iceberg,4.1.4-4a9848e (starrocks/allin1-ubuntu:4.1-latest),ok,cold,setup,0,24.8412,,ok,
36227016523-1,2026-09-26T07:31:50Z,https://github.com/djouallah/lakehouse_benchmark/actions/runs/36227016523,385e743,100,tpch,linux-6.17.0-1022-azure,4,15.6,3.12.14,starrocks_iceberg,4.1.4-4a9848e (starrocks/allin1-ubuntu:4.1-latest),ok,cold,query,1,53.7804,4,ok,
36227016523-1,2026-09-26T07:31:50Z,https://github.com/djouallah/lakehouse_benchmark/actions/runs/36227016523,385e743,100,tpch,linux-6.17.0-1022-azure,4,15.6,3.12.14,starrocks_iceberg,4.1.4-4a9848e (starrocks/allin1-ubuntu:4.1-latest),ok,cold,query,2,86.9206,10,ok,
36227016523-1,2026-09-26T07:31:50Z,https://github.com/djouallah/lakehouse_benchmark/actions/runs/36227016523,385e743,100,tpch,linux-6.17.0-1022-azure,4,15.6,3.12.14,starrocks_iceberg,4.1.4-4a9848e (starrocks/allin1-ubuntu:4.1-latest),ok,cold,query,3,24.8889,10,ok,
36227016523-1,2026-09-26T07:31:50Z,https://github.com/djouallah/lakehouse_benchmark/actions/runs/36227016523,385e743,100,tpch,linux-6.17.0-1022-azure,4,15.6,3.12.14,starrocks_iceberg,4.1.4-4a9848e (starrocks/allin1-ubuntu:4.1-latest),ok,cold,query,4,17.4635,5,ok,
36227016523-1,2026-09-26T07:31:50Z,https://github.com/djouallah/lakehouse_benchmark/actions/runs/36227016523,385e743,100,tpch,linux-6.17.0-1022-azure,4,15.6,3.12.14,starrocks_iceberg,4.1.4-4a9848e (starrocks/allin1-ubuntu:4.1-latest),ok,cold,query,5,24.6153,5,ok,
36227016523-1,2026-09-26T07:31:50Z,https://github.com/djouallah/lakehouse_benchmark/actions/runs/36227016523,385e743,100,tpch,linux-6.17.0-1022-azure,4,15.6,3.12.14,starrocks_iceberg,4.1.4-4a9848e (starrocks/allin1-ubuntu:4.1-latest),ok,cold,query,6,5.3677,1,ok,
36227016523-1,2026-09-26T07:31:50Z,https://github.com/djouallah/lakehouse_benchmark/actions/runs/36227016523,385e743,100,tpch,linux-6.17.0-1022-azure,4,15.6,3.12.14,starrocks_iceberg,4.1.4-4a9848e (starrocks/allin1-ubuntu:4.1-latest),ok,cold,query,7,23.6379,9,ok,
36227016523-1,2026-09-26T07:31:50Z,https://github.com/djouallah/lakehouse_benchmark/actions/runs/36227016523,385e743,100,tpch,linux-6.17.0-1022-azure,4,15.6,3.12.14,starrocks_iceberg,4.1.4-4a9848e (starrocks/allin1-ubuntu:4.1-latest),ok,cold,query,8,20.977,2,ok,
36227016523-1,2026-09-26T07:31:50Z,https://github.com/djouallah/lakehouse_benchmark/actions/runs/36227016523,385e743,100,tpch,linux-6.17.0-1022-azure,4,15.6,3.12.14,starrocks_iceberg,4.1.4-4a9848e (starrocks/allin1-ubuntu:4.1-latest),ok,cold,query,9,26.0086,175,ok,
36227016523-1,2026-09-26T07:31:50Z,https://github.com/djouallah/lakehouse_benchmark/actions/runs/36227016523,385e743,100,tpch,linux-6.17.0-1022-azure,4,15.6,3.12.14,starrocks_iceberg,4.1.4-4a9848e (starrocks/allin1-ubuntu:4.1-latest),ok,cold,query,10,18.238,20,ok,
36227016523-1,2026-09-26T07:31:50Z,https://github.com/djouallah/lakehouse_benchmark/actions/runs/36227016523,385e743,100,tpch,linux-6.17.0-1022-azure,4,15.6,3.12.14,starrocks_iceberg,4.1.4-4a9848e (starrocks/allin1-ubuntu:4.1-latest),ok,cold,query,11,4.6156,92698,ok,
36227016523-1,2026-09-26T07:31:50Z,https://github.com/djouallah/lakehouse_benchmark/actions/runs/36227016523,385e743,100,tpch,linux-6.17.0-1022-azure,4,15.6,3.12.14,starrocks_iceberg,4.1.4-4a9848e (starrocks/allin1-ubuntu:4.1-latest),ok,cold,query,12,17.1643,2,ok,
36227016523-1,2026-09-26T07:31:50Z,https://github.com/djouallah/lakehouse_benchmark/actions/runs/36227016523,385e743,100,tpch,linux-6.17.0-1022-azure,4,15.6,3.12.14,starrocks_iceberg,4.1.4-4a9848e (starrocks/allin1-ubuntu:4.1-latest),ok,cold,query,13,19.6406,45,ok,
36227016523-1,2026-09-26T07:31:50Z,https://github.com/djouallah/lakehouse_benchmark/actions/runs/36227016523,385e743,100,tpch,linux-6.17.0-1022-azure,4,15.6,3.12.14,starrocks_iceberg,4.1.4-4a9848e (starrocks/allin1-ubuntu:4.1-latest),ok,cold,query,14,10.4293,1,ok,
36227016523-1,2026-09-26T07:31:50Z,https://github.com/djouallah/lakehouse_benchmark/actions/runs/36227016523,385e743,100,tpch,linux-6.17.0-1022-azure,4,15.6,3.12.14,starrocks_iceberg,4.1.4-4a9848e (starrocks/allin1-ubuntu:4.1-latest),ok,cold,query,15,8.0929,1,ok,
36227016523-1,2026-09-26T07:31:50Z,https://github.com/djouallah/lakehouse_benchmark/actions/runs/36227016523,385e743,100,tpch,linux-6.17.0-1022-azure,4,15.6,3.12.14,starrocks_iceberg,4.1.4-4a9848e (starrocks/allin1-ubuntu:4.1-latest),ok,cold,query,16,3.8611,27840,ok,
36227016523-1,2026-09-26T07:31:50Z,https://github.com/djouallah/lakehouse_benchmark/actions/runs/36227016523,385e743,100,tpch,linux-6.17.0-1022-azure,4,15.6,3.12.14,starrocks_iceberg,4.1.4-4a9848e (starrocks/allin1-ubuntu:4.1-latest),ok,cold,query,17,13.2075,1,ok,
36227016523-1,2026-09-26T07:31:50Z,https://github.com/djouallah/lakehouse_benchmark/actions/runs/36227016523,385e743,100,tpch,linux-6.17.0-1022-azure,4,15.6,3.12.14,starrocks_iceberg,4.1.4-4a9848e (starrocks/allin1-ubuntu:4.1-latest),ok,cold,query,18,,,error,"ProgrammingError: (1064, 'Memory of process exceed limit. Pipeline Backend: 127.0.0.1, fragment: 01a0dcaa-e973-7661-9019-061da19f0e2b Used: 13580850432, Limit: 13580796026. Mem usage has exceed the limit of BE: BE:10001')"
36227016523-1,2026-09-26T07:31:50Z,https://github.com/djouallah/lakehouse_benchmark/actions/runs/36227016523,385e743,100,tpch,linux-6.17.0-1022-azure,4,15.6,3.12.14,starrocks_iceberg,4.1.4-4a9848e (starrocks/allin1-ubuntu:4.1-latest),ok,cold,query,19,10.6989,1,ok,
36227016523-1,2026-09-26T07:31:50Z,https://github.com/djouallah/lakehouse_benchmark/actions/runs/36227016523,385e743,100,tpch,linux-6.17.0-1022-azure,4,15.6,3.12.14,starrocks_iceberg,4.1.4-4a9848e (starrocks/allin1-ubuntu:4.1-latest),ok,cold,query,20,8.7413,17971,ok,
36227016523-1,2026-09-26T07:31:50Z,https://github.com/djouallah/lakehouse_benchmark/actions/runs/36227016523,385e743,100,tpch,linux-6.17.0-1022-azure,4,15.6,3.12.14,starrocks_iceberg,4.1.4-4a9848e (starrocks/allin1-ubuntu:4.1-latest),ok,cold,query,21,,,error,"ProgrammingError: (1064, 'Memory of process exceed limit. try consume:1342177280 Backend: 127.0.0.1, Used: 10762281272, Limit: 13580796026. Mem usage has exceed the limit of BE: BE:10001')"
36227016523-1,2026-09-26T07:31:50Z,https://github.com/djouallah/lakehouse_benchmark/actions/runs/36227016523,385e743,100,tpch,linux-6.17.0-1022-azure,4,15.6,3.12.14,starrocks_iceberg,4.1.4-4a9848e (starrocks/allin1-ubuntu:4.1-latest),ok,cold,query,22,4.7104,7,ok,
36227787035-1,2026-09-26T07:53:12Z,https://github.com/djouallah/lakehouse_benchmark/actions/runs/36227787035,5070713,100,tpch,linux-6.17.0-1022-azure,4,15.6,3.12.14,starrocks_iceberg,4.1.4-4a9848e (starrocks/allin1-ubuntu:4.1-latest),ok,cold,setup,0,23.1675,,ok,
36227787035-1,2026-09-26T07:53:12Z,https://github.com/djouallah/lakehouse_benchmark/actions/runs/36227787035,5070713,100,tpch,linux-6.17.0-1022-azure,4,15.6,3.12.14,starrocks_iceberg,4.1.4-4a9848e (starrocks/allin1-ubuntu:4.1-latest),ok,cold,query,1,78.2599,4,ok,
36227787035-1,2026-09-26T07:53:12Z,https://github.com/djouallah/lakehouse_benchmark/actions/runs/36227787035,5070713,100,tpch,linux-6.17.0-1022-azure,4,15.6,3.12.14,starrocks_iceberg,4.1.4-4a9848e (starrocks/allin1-ubuntu:4.1-latest),ok,cold,query,2,104.9108,10,ok,
36227787035-1,2026-09-26T07:53:12Z,https://github.com/djouallah/lakehouse_benchmark/actions/runs/36227787035,5070713,100,tpch,linux-6.17.0-1022-azure,4,15.6,3.12.14,starrocks_iceberg,4.1.4-4a9848e (starrocks/allin1-ubuntu:4.1-latest),ok,cold,query,3,26.6088,10,ok,
36227787035-1,2026-09-26T07:53:12Z,https://github.com/djouallah/lakehouse_benchmark/actions/runs/36227787035,5070713,100,tpch,linux-6.17.0-1022-azure,4,15.6,3.12.14,starrocks_iceberg,4.1.4-4a9848e (starrocks/allin1-ubuntu:4.1-latest),ok,cold,query,4,16.3846,5,ok,
36227787035-1,2026-09-26T07:53:12Z,https://github.com/djouallah/lakehouse_benchmark/actions/runs/36227787035,5070713,100,tpch,linux-6.17.0-1022-azure,4,15.6,3.12.14,starrocks_iceberg,4.1.4-4a9848e (starrocks/allin1-ubuntu:4.1-latest),ok,cold,query,5,27.0672,5,ok,
36227787035-1,2026-09-26T07:53:12Z,https://github.com/djouallah/lakehouse_benchmark/actions/runs/36227787035,5070713,100,tpch,linux-6.17.0-1022-azure,4,15.6,3.12.14,starrocks_iceberg,4.1.4-4a9848e (starrocks/allin1-ubuntu:4.1-latest),ok,cold,query,6,4.7997,1,ok,
36227787035-1,2026-09-26T07:53:12Z,https://github.com/djouallah/lakehouse_benchmark/actions/runs/36227787035,5070713,100,tpch,linux-6.17.0-1022-azure,4,15.6,3.12.14,starrocks_iceberg,4.1.4-4a9848e (starrocks/allin1-ubuntu:4.1-latest),ok,cold,query,7,39.6114,9,ok,
36227787035-1,2026-09-26T07:53:12Z,https://github.com/djouallah/lakehouse_benchmark/actions/runs/36227787035,5070713,100,tpch,linux-6.17.0-1022-azure,4,15.6,3.12.14,starrocks_iceberg,4.1.4-4a9848e (starrocks/allin1-ubuntu:4.1-latest),ok,cold,query,8,17.6459,2,ok,
36227787035-1,2026-09-26T07:53:12Z,https://github.com/djouallah/lakehouse_benchmark/actions/runs/36227787035,5070713,100,tpch,linux-6.17.0-1022-azure,4,15.6,3.12.14,starrocks_iceberg,4.1.4-4a9848e (starrocks/allin1-ubuntu:4.1-latest),ok,cold,query,9,45.0666,175,ok,
36227787035-1,2026-09-26T07:53:12Z,https://github.com/djouallah/lakehouse_benchmark/actions/runs/36227787035,5070713,100,tpch,linux-6.17.0-1022-azure,4,15.6,3.12.14,starrocks_iceberg,4.1.4-4a9848e (starrocks/allin1-ubuntu:4.1-latest),ok,cold,query,10,27.5827,20,ok,
36227787035-1,2026-09-26T07:53:12Z,https://github.com/djouallah/lakehouse_benchmark/actions/runs/36227787035,5070713,100,tpch,linux-6.17.0-1022-azure,4,15.6,3.12.14,starrocks_iceberg,4.1.4-4a9848e (starrocks/allin1-ubuntu:4.1-latest),ok,cold,query,11,5.1297,92698,ok,
36227787035-1,2026-09-26T07:53:12Z,https://github.com/djouallah/lakehouse_benchmark/actions/runs/36227787035,5070713,100,tpch,linux-6.17.0-1022-azure,4,15.6,3.12.14,starrocks_iceberg,4.1.4-4a9848e (starrocks/allin1-ubuntu:4.1-latest),ok,cold,query,12,14.0789,2,ok,
36227787035-1,2026-09-26T07:53:12Z,https://github.com/djouallah/lakehouse_benchmark/actions/runs/36227787035,5070713,100,tpch,linux-6.17.0-1022-azure,4,15.6,3.12.14,starrocks_iceberg,4.1.4-4a9848e (starrocks/allin1-ubuntu:4.1-latest),ok,cold,query,13,24.3258,45,ok,
36227787035-1,2026-09-26T07:53:12Z,https://github.com/djouallah/lakehouse_benchmark/actions/runs/36227787035,5070713,100,tpch,linux-6.17.0-1022-azure,4,15.6,3.12.14,starrocks_iceberg,4.1.4-4a9848e (starrocks/allin1-ubuntu:4.1-latest),ok,cold,query,14,11.8779,1,ok,
36227787035-1,2026-09-26T07:53:12Z,https://github.com/djouallah/lakehouse_benchmark/actions/runs/36227787035,5070713,100,tpch,linux-6.17.0-1022-azure,4,15.6,3.12.14,starrocks_iceberg,4.1.4-4a9848e (starrocks/allin1-ubuntu:4.1-latest),ok,cold,query,15,9.4661,1,ok,
36227787035-1,2026-09-26T07:53:12Z,https://github.com/djouallah/lakehouse_benchmark/actions/runs/36227787035,5070713,100,tpch,linux-6.17.0-1022-azure,4,15.6,3.12.14,starrocks_iceberg,4.1.4-4a9848e (starrocks/allin1-ubuntu:4.1-latest),ok,cold,query,16,4.4066,27840,ok,
36227787035-1,2026-09-26T07:53:12Z,https://github.com/djouallah/lakehouse_benchmark/actions/runs/36227787035,5070713,100,tpch,linux-6.17.0-1022-azure,4,15.6,3.12.14,starrocks_iceberg,4.1.4-4a9848e (starrocks/allin1-ubuntu:4.1-latest),ok,cold,query,17,19.8892,1,ok,
36227787035-1,2026-09-26T07:53:12Z,https://github.com/djouallah/lakehouse_benchmark/actions/runs/36227787035,5070713,100,tpch,linux-6.17.0-1022-azure,4,15.6,3.12.14,starrocks_iceberg,4.1.4-4a9848e (starrocks/allin1-ubuntu:4.1-latest),ok,cold,query,18,104.7173,100,ok,
36227787035-1,2026-09-26T07:53:12Z,https://github.com/djouallah/lakehouse_benchmark/actions/runs/36227787035,5070713,100,tpch,linux-6.17.0-1022-azure,4,15.6,3.12.14,starrocks_iceberg,4.1.4-4a9848e (starrocks/allin1-ubuntu:4.1-latest),ok,cold,query,19,10.2243,1,ok,
36227787035-1,2026-09-26T07:53:12Z,https://github.com/djouallah/lakehouse_benchmark/actions/runs/36227787035,5070713,100,tpch,linux-6.17.0-1022-azure,4,15.6,3.12.14,starrocks_iceberg,4.1.4-4a9848e (starrocks/allin1-ubuntu:4.1-latest),ok,cold,query,20,9.5427,17971,ok,
36227787035-1,2026-09-26T07:53:12Z,https://github.com/djouallah/lakehouse_benchmark/actions/runs/36227787035,5070713,100,tpch,linux-6.17.0-1022-azure,4,15.6,3.12.14,starrocks_iceberg,4.1.4-4a9848e (starrocks/allin1-ubuntu:4.1-latest),ok,cold,query,21,80.0726,100,ok,
36227787035-1,2026-09-26T07:53:12Z,https://github.com/djouallah/lakehouse_benchmark/actions/runs/36227787035,5070713,100,tpch,linux-6.17.0-1022-azure,4,15.6,3.12.14,starrocks_iceberg,4.1.4-4a9848e (starrocks/allin1-ubuntu:4.1-latest),ok,cold,query,22,6.5389,7,ok,
36234264554-1,2026-09-26T10:05:15Z,https://github.com/djouallah/lakehouse_benchmark/actions/runs/36234264554,f9f6be9,30,tpch,linux-6.17.0-1022-azure,4,15.6,3.12.14,starrocks_iceberg,4.1.4-4a9848e (starrocks/allin1-ubuntu:4.1-latest),ok,cold,setup,0,21.0253,,ok,
36234264554-1,2026-09-26T10:05:15Z,https://github.com/djouallah/lakehouse_benchmark/actions/runs/36234264554,f9f6be9,30,tpch,linux-6.17.0-1022-azure,4,15.6,3.12.14,starrocks_iceberg,4.1.4-4a9848e (starrocks/allin1-ubuntu:4.1-latest),ok,cold,query,1,20.3218,4,ok,
36234264554-1,2026-09-26T10:05:15Z,https://github.com/djouallah/lakehouse_benchmark/actions/runs/36234264554,f9f6be9,30,tpch,linux-6.17.0-1022-azure,4,15.6,3.12.14,starrocks_iceberg,4.1.4-4a9848e (starrocks/allin1-ubuntu:4.1-latest),ok,cold,query,2,16.3482,10,ok,
36234264554-1,2026-09-26T10:05:15Z,https://github.com/djouallah/lakehouse_benchmark/actions/runs/36234264554,f9f6be9,30,tpch,linux-6.17.0-1022-azure,4,15.6,3.12.14,starrocks_iceberg,4.1.4-4a9848e (starrocks/allin1-ubuntu:4.1-latest),ok,cold,query,3,30.6265,10,ok,
36234264554-1,2026-09-26T10:05:15Z,https://github.com/djouallah/lakehouse_benchmark/actions/runs/36234264554,f9f6be9,30,tpch,linux-6.17.0-1022-azure,4,15.6,3.12.14,starrocks_iceberg,4.1.4-4a9848e (starrocks/allin1-ubuntu:4.1-latest),ok,cold,query,4,5.7407,5,ok,
36234264554-1,2026-09-26T10:05:15Z,https://github.com/djouallah/lakehouse_benchmark/actions/runs/36234264554,f9f6be9,30,tpch,linux-6.17.0-1022-azure,4,15.6,3.12.14,starrocks_iceberg,4.1.4-4a9848e (starrocks/allin1-ubuntu:4.1-latest),ok,cold,query,5,9.7897,5,ok,
36234264554-1,2026-09-26T10:05:15Z,https://github.com/djouallah/lakehouse_benchmark/actions/runs/36234264554,f9f6be9,30,tpch,linux-6.17.0-1022-azure,4,15.6,3.12.14,starrocks_iceberg,4.1.4-4a9848e (starrocks/allin1-ubuntu:4.1-latest),ok,cold,query,6,2.2366,1,ok,
36234264554-1,2026-09-26T10:05:15Z,https://github.com/djouallah/lakehouse_benchmark/actions/runs/36234264554,f9f6be9,30,tpch,linux-6.17.0-1022-azure,4,15.6,3.12.14,starrocks_iceberg,4.1.4-4a9848e (starrocks/allin1-ubuntu:4.1-latest),ok,cold,query,7,5.8444,9,ok,
36234264554-1,2026-09-26T10:05:15Z,https://github.com/djouallah/lakehouse_benchmark/actions/runs/36234264554,f9f6be9,30,tpch,linux-6.17.0-1022-azure,4,15.6,3.12.14,starrocks_iceberg,4.1.4-4a9848e (starrocks/allin1-ubuntu:4.1-latest),ok,cold,query,8,9.399,2,ok,
36234264554-1,2026-09-26T10:05:15Z,https://github.com/djouallah/lakehouse_benchmark/actions/runs/36234264554,f9f6be9,30,tpch,linux-6.17.0-1022-azure,4,15.6,3.12.14,starrocks_iceberg,4.1.4-4a9848e (starrocks/allin1-ubuntu:4.1-latest),ok,cold,query,9,12.8201,175,ok,
36234264554-1,2026-09-26T10:05:15Z,https://github.com/djouallah/lakehouse_benchmark/actions/runs/36234264554,f9f6be9,30,tpch,linux-6.17.0-1022-azure,4,15.6,3.12.14,starrocks_iceberg,4.1.4-4a9848e (starrocks/allin1-ubuntu:4.1-latest),ok,cold,query,10,5.7779,20,ok,
36234264554-1,2026-09-26T10:05:15Z,https://github.com/djouallah/lakehouse_benchmark/actions/runs/36234264554,f9f6be9,30,tpch,linux-6.17.0-1022-azure,4,15.6,3.12.14,starrocks_iceberg,4.1.4-4a9848e (starrocks/allin1-ubuntu:4.1-latest),ok,cold,query,11,2.3694,26959,ok,
36234264554-1,2026-09-26T10:05:15Z,https://github.com/djouallah/lakehouse_benchmark/actions/runs/36234264554,f9f6be9,30,tpch,linux-6.17.0-1022-azure,4,15.6,3.12.14,starrocks_iceberg,4.1.4-4a9848e (starrocks/allin1-ubuntu:4.1-latest),ok,cold,query,12,4.062,2,ok,
36234264554-1,2026-09-26T10:05:15Z,https://github.com/djouallah/lakehouse_benchmark/actions/runs/36234264554,f9f6be9,30,tpch,linux-6.17.0-1022-azure,4,15.6,3.12.14,starrocks_iceberg,4.1.4-4a9848e (starrocks/allin1-ubuntu:4.1-latest),ok,cold,query,13,5.815,45,ok,
36234264554-1,2026-09-26T10:05:15Z,https://github.com/djouallah/lakehouse_benchmark/actions/runs/36234264554,f9f6be9,30,tpch,linux-6.17.0-1022-azure,4,15.6,3.12.14,starrocks_iceberg,4.1.4-4a9848e (starrocks/allin1-ubuntu:4.1-latest),ok,cold,query,14,2.4698,1,ok,
36234264554-1,2026-09-26T10:05:15Z,https://github.com/djouallah/lakehouse_benchmark/actions/runs/36234264554,f9f6be9,30,tpch,linux-6.17.0-1022-azure,4,15.6,3.12.14,starrocks_iceberg,4.1.4-4a9848e (starrocks/allin1-ubuntu:4.1-latest),ok,cold,query,15,5.0973,1,ok,
36234264554-1,2026-09-26T10:05:15Z,https://github.com/djouallah/lakehouse_benchmark/actions/runs/36234264554,f9f6be9,30,tpch,linux-6.17.0-1022-azure,4,15.6,3.12.14,starrocks_iceberg,4.1.4-4a9848e (starrocks/allin1-ubuntu:4.1-latest),ok,cold,query,16,1.1966,27840,ok,
36234264554-1,2026-09-26T10:05:15Z,https://github.com/djouallah/lakehouse_benchmark/actions/runs/36234264554,f9f6be9,30,tpch,linux-6.17.0-1022-azure,4,15.6,3.12.14,starrocks_iceberg,4.1.4-4a9848e (starrocks/allin1-ubuntu:4.1-latest),ok,cold,query,17,6.2564,1,ok,
36234264554-1,2026-09-26T10:05:15Z,https://github.com/djouallah/lakehouse_benchmark/actions/runs/36234264554,f9f6be9,30,tpch,linux-6.17.0-1022-azure,4,15.6,3.12.14,starrocks_iceberg,4.1.4-4a9848e (starrocks/allin1-ubuntu:4.1-latest),ok,cold,query,18,14.5719,100,ok,
36234264554-1,2026-09-26T10:05:15Z,https://github.com/djouallah/lakehouse_benchmark/actions/runs/36234264554,f9f6be9,30,tpch,linux-6.17.0-1022-azure,4,15.6,3.12.14,starrocks_iceberg,4.1.4-4a9848e (starrocks/allin1-ubuntu:4.1-latest),ok,cold,query,19,3.1533,1,ok,
36234264554-1,2026-09-26T10:05:15Z,https://github.com/djouallah/lakehouse_benchmark/actions/runs/36234264554,f9f6be9,30,tpch,linux-6.17.0-1022-azure,4,15.6,3.12.14,starrocks_iceberg,4.1.4-4a9848e (starrocks/allin1-ubuntu:4.1-latest),ok,cold,query,20,3.4204,5404,ok,
36234264554-1,2026-09-26T10:05:15Z,https://github.com/djouallah/lakehouse_benchmark/actions/runs/36234264554,f9f6be9,30,tpch,linux-6.17.0-1022-azure,4,15.6,3.12.14,starrocks_iceberg,4.1.4-4a9848e (starrocks/allin1-ubuntu:4.1-latest),ok,cold,query,21,21.3575,100,ok,
36234264554-1,2026-09-26T10:05:15Z,https://github.com/djouallah/lakehouse_benchmark/actions/runs/36234264554,f9f6be9,30,tpch,linux-6.17.0-1022-azure,4,15.6,3.12.14,starrocks_iceberg,4.1.4-4a9848e (starrocks/allin1-ubuntu:4.1-latest),ok,cold,query,22,1.7928,7,ok,
36234662832-1,2026-09-26T10:14:42Z,https://github.com/djouallah/lakehouse_benchmark/actions/runs/36234662832,e002f53,60,tpch,linux-6.17.0-1022-azure,4,15.6,3.12.14,starrocks_iceberg,4.1.4-4a9848e (starrocks/allin1-ubuntu:4.1-latest),ok,cold,setup,0,22.7267,,ok,
36234662832-1,2026-09-26T10:14:42Z,https://github.com/djouallah/lakehouse_benchmark/actions/runs/36234662832,e002f53,60,tpch,linux-6.17.0-1022-azure,4,15.6,3.12.14,starrocks_iceberg,4.1.4-4a9848e (starrocks/allin1-ubuntu:4.1-latest),ok,cold,query,1,36.5038,4,ok,
36234662832-1,2026-09-26T10:14:42Z,https://github.com/djouallah/lakehouse_benchmark/actions/runs/36234662832,e002f53,60,tpch,linux-6.17.0-1022-azure,4,15.6,3.12.14,starrocks_iceberg,4.1.4-4a9848e (starrocks/allin1-ubuntu:4.1-latest),ok,cold,query,2,32.7072,10,ok,
36234662832-1,2026-09-26T10:14:42Z,https://github.com/djouallah/lakehouse_benchmark/actions/runs/36234662832,e002f53,60,tpch,linux-6.17.0-1022-azure,4,15.6,3.12.14,starrocks_iceberg,4.1.4-4a9848e (starrocks/allin1-ubuntu:4.1-latest),ok,cold,query,3,20.5958,10,ok,
36234662832-1,2026-09-26T10:14:42Z,https://github.com/djouallah/lakehouse_benchmark/actions/runs/36234662832,e002f53,60,tpch,linux-6.17.0-1022-azure,4,15.6,3.12.14,starrocks_iceberg,4.1.4-4a9848e (starrocks/allin1-ubuntu:4.1-latest),ok,cold,query,4,10.9524,5,ok,
36234662832-1,2026-09-26T10:14:42Z,https://github.com/djouallah/lakehouse_benchmark/actions/runs/36234662832,e002f53,60,tpch,linux-6.17.0-1022-azure,4,15.6,3.12.14,starrocks_iceberg,4.1.4-4a9848e (starrocks/allin1-ubuntu:4.1-latest),ok,cold,query,5,19.6306,5,ok,
36234662832-1,2026-09-26T10:14:42Z,https://github.com/djouallah/lakehouse_benchmark/actions/runs/36234662832,e002f53,60,tpch,linux-6.17.0-1022-azure,4,15.6,3.12.14,starrocks_iceberg,4.1.4-4a9848e (starrocks/allin1-ubuntu:4.1-latest),ok,cold,query,6,5.0078,1,ok,
36234662832-1,2026-09-26T10:14:42Z,https://github.com/djouallah/lakehouse_benchmark/actions/runs/36234662832,e002f53,60,tpch,linux-6.17.0-1022-azure,4,15.6,3.12.14,starrocks_iceberg,4.1.4-4a9848e (starrocks/allin1-ubuntu:4.1-latest),ok,cold,query,7,24.9891,9,ok,
36234662832-1,2026-09-26T10:14:42Z,https://github.com/djouallah/lakehouse_benchmark/actions/runs/36234662832,e002f53,60,tpch,linux-6.17.0-1022-azure,4,15.6,3.12.14,starrocks_iceberg,4.1.4-4a9848e (starrocks/allin1-ubuntu:4.1-latest),ok,cold,query,8,21.7713,2,ok,
36234662832-1,2026-09-26T10:14:42Z,https://github.com/djouallah/lakehouse_benchmark/actions/runs/36234662832,e002f53,60,tpch,linux-6.17.0-1022-azure,4,15.6,3.12.14,starrocks_iceberg,4.1.4-4a9848e (starrocks/allin1-ubuntu:4.1-latest),ok,cold,query,9,36.6949,175,ok,
36234662832-1,2026-09-26T10:14:42Z,https://github.com/djouallah/lakehouse_benchmark/actions/runs/36234662832,e002f53,60,tpch,linux-6.17.0-1022-azure,4,15.6,3.12.14,starrocks_iceberg,4.1.4-4a9848e (starrocks/allin1-ubuntu:4.1-latest),ok,cold,query,10,12.8349,20,ok,
36234662832-1,2026-09-26T10:14:42Z,https://github.com/djouallah/lakehouse_benchmark/actions/runs/36234662832,e002f53,60,tpch,linux-6.17.0-1022-azure,4,15.6,3.12.14,starrocks_iceberg,4.1.4-4a9848e (starrocks/allin1-ubuntu:4.1-latest),ok,cold,query,11,4.0248,56464,ok,
36234662832-1,2026-09-26T10:14:42Z,https://github.com/djouallah/lakehouse_benchmark/actions/runs/36234662832,e002f53,60,tpch,linux-6.17.0-1022-azure,4,15.6,3.12.14,starrocks_iceberg,4.1.4-4a9848e (starrocks/allin1-ubuntu:4.1-latest),ok,cold,query,12,9.9964,2,ok,
36234662832-1,2026-09-26T10:14:42Z,https://github.com/djouallah/lakehouse_benchmark/actions/runs/36234662832,e002f53,60,tpch,linux-6.17.0-1022-azure,4,15.6,3.12.14,starrocks_iceberg,4.1.4-4a9848e (starrocks/allin1-ubuntu:4.1-latest),ok,cold,query,13,13.3599,46,ok,
36234662832-1,2026-09-26T10:14:42Z,https://github.com/djouallah/lakehouse_benchmark/actions/runs/36234662832,e002f53,60,tpch,linux-6.17.0-1022-azure,4,15.6,3.12.14,starrocks_iceberg,4.1.4-4a9848e (starrocks/allin1-ubuntu:4.1-latest),ok,cold,query,14,11.5225,1,ok,
36234662832-1,2026-09-26T10:14:42Z,https://github.com/djouallah/lakehouse_benchmark/actions/runs/36234662832,e002f53,60,tpch,linux-6.17.0-1022-azure,4,15.6,3.12.14,starrocks_iceberg,4.1.4-4a9848e (starrocks/allin1-ubuntu:4.1-latest),ok,cold,query,15,21.5181,1,ok,
36234662832-1,2026-09-26T10:14:42Z,https://github.com/djouallah/lakehouse_benchmark/actions/runs/36234662832,e002f53,60,tpch,linux-6.17.0-1022-azure,4,15.6,3.12.14,starrocks_iceberg,4.1.4-4a9848e (starrocks/allin1-ubuntu:4.1-latest),ok,cold,query,16,3.3188,27840,ok,
36234662832-1,2026-09-26T10:14:42Z,https://github.com/djouallah/lakehouse_benchmark/actions/runs/36234662832,e002f53,60,tpch,linux-6.17.0-1022-azure,4,15.6,3.12.14,starrocks_iceberg,4.1.4-4a9848e (starrocks/allin1-ubuntu:4.1-latest),ok,cold,query,17,20.7316,1,ok,
36234662832-1,2026-09-26T10:14:42Z,https://github.com/djouallah/lakehouse_benchmark/actions/runs/36234662832,e002f53,60,tpch,linux-6.17.0-1022-azure,4,15.6,3.12.14,starrocks_iceberg,4.1.4-4a9848e (starrocks/allin1-ubuntu:4.1-latest),ok,cold,query,18,59.9642,100,ok,
36234662832-1,2026-09-26T10:14:42Z,https://github.com/djouallah/lakehouse_benchmark/actions/runs/36234662832,e002f53,60,tpch,linux-6.17.0-1022-azure,4,15.6,3.12.14,starrocks_iceberg,4.1.4-4a9848e (starrocks/allin1-ubuntu:4.1-latest),ok,cold,query,19,12.5213,1,ok,
36234662832-1,2026-09-26T10:14:42Z,https://github.com/djouallah/lakehouse_benchmark/actions/runs/36234662832,e002f53,60,tpch,linux-6.17.0-1022-azure,4,15.6,3.12.14,starrocks_iceberg,4.1.4-4a9848e (starrocks/allin1-ubuntu:4.1-latest),ok,cold,query,20,12.5797,10738,ok,
36234662832-1,2026-09-26T10:14:42Z,https://github.com/djouallah/lakehouse_benchmark/actions/runs/36234662832,e002f53,60,tpch,linux-6.17.0-1022-azure,4,15.6,3.12.14,starrocks_iceberg,4.1.4-4a9848e (starrocks/allin1-ubuntu:4.1-latest),ok,cold,query,21,57.086,100,ok,
36234662832-1,2026-09-26T10:14:42Z,https://github.com/djouallah/lakehouse_benchmark/actions/runs/36234662832,e002f53,60,tpch,linux-6.17.0-1022-azure,4,15.6,3.12.14,starrocks_iceberg,4.1.4-4a9848e (starrocks/allin1-ubuntu:4.1-latest),ok,cold,query,22,4.8362,7,ok,
36238299506-1,2026-09-26T11:17:01Z,https://github.com/djouallah/lakehouse_benchmark/actions/runs/36238299506,13cfe57,30,tpch,linux-6.17.0-1022-azure,4,15.6,3.12.14,lakesail_iceberg,0.7.1,ok,cold,setup,0,1.5781,,ok,
36238299506-1,2026-09-26T11:17:01Z,https://github.com/djouallah/lakehouse_benchmark/actions/runs/36238299506,13cfe57,30,tpch,linux-6.17.0-1022-azure,4,15.6,3.12.14,lakesail_iceberg,0.7.1,ok,cold,query,1,17.9952,4,ok,
36238299506-1,2026-09-26T11:17:01Z,https://github.com/djouallah/lakehouse_benchmark/actions/runs/36238299506,13cfe57,30,tpch,linux-6.17.0-1022-azure,4,15.6,3.12.14,lakesail_iceberg,0.7.1,ok,cold,query,2,7.6983,10,ok,
36238299506-1,2026-09-26T11:17:01Z,https://github.com/djouallah/lakehouse_benchmark/actions/runs/36238299506,13cfe57,30,tpch,linux-6.17.0-1022-azure,4,15.6,3.12.14,lakesail_iceberg,0.7.1,ok,cold,query,3,15.0336,10,ok,
36238299506-1,2026-09-26T11:17:01Z,https://github.com/djouallah/lakehouse_benchmark/actions/runs/36238299506,13cfe57,30,tpch,linux-6.17.0-1022-azure,4,15.6,3.12.14,lakesail_iceberg,0.7.1,ok,cold,query,4,9.5186,5,ok,
36238299506-1,2026-09-26T11:17:01Z,https://github.com/djouallah/lakehouse_benchmark/actions/runs/36238299506,13cfe57,30,tpch,linux-6.17.0-1022-azure,4,15.6,3.12.14,lakesail_iceberg,0.7.1,ok,cold,query,5,18.0368,5,ok,
36238299506-1,2026-09-26T11:17:01Z,https://github.com/djouallah/lakehouse_benchmark/actions/runs/36238299506,13cfe57,30,tpch,linux-6.17.0-1022-azure,4,15.6,3.12.14,lakesail_iceberg,0.7.1,ok,cold,query,6,10.4346,1,ok,
36238299506-1,2026-09-26T11:17:01Z,https://github.com/djouallah/lakehouse_benchmark/actions/runs/36238299506,13cfe57,30,tpch,linux-6.17.0-1022-azure,4,15.6,3.12.14,lakesail_iceberg,0.7.1,ok,cold,query,7,17.913,9,ok,
36238299506-1,2026-09-26T11:17:01Z,https://github.com/djouallah/lakehouse_benchmark/actions/runs/36238299506,13cfe57,30,tpch,linux-6.17.0-1022-azure,4,15.6,3.12.14,lakesail_iceberg,0.7.1,ok,cold,query,8,20.5224,2,ok,
36238299506-1,2026-09-26T11:17:01Z,https://github.com/djouallah/lakehouse_benchmark/actions/runs/36238299506,13cfe57,30,tpch,linux-6.17.0-1022-azure,4,15.6,3.12.14,lakesail_iceberg,0.7.1,ok,cold,query,9,22.9973,175,ok,
36238299506-1,2026-09-26T11:17:01Z,https://github.com/djouallah/lakehouse_benchmark/actions/runs/36238299506,13cfe57,30,tpch,linux-6.17.0-1022-azure,4,15.6,3.12.14,lakesail_iceberg,0.7.1,ok,cold,query,10,16.0306,20,ok,
36238299506-1,2026-09-26T11:17:01Z,https://github.com/djouallah/lakehouse_benchmark/actions/runs/36238299506,13cfe57,30,tpch,linux-6.17.0-1022-azure,4,15.6,3.12.14,lakesail_iceberg,0.7.1,ok,cold,query,11,4.5962,27123,ok,
36238299506-1,2026-09-26T11:17:01Z,https://github.com/djouallah/lakehouse_benchmark/actions/runs/36238299506,13cfe57,30,tpch,linux-6.17.0-1022-azure,4,15.6,3.12.14,lakesail_iceberg,0.7.1,ok,cold,query,12,12.1896,2,ok,
36238299506-1,2026-09-26T11:17:01Z,https://github.com/djouallah/lakehouse_benchmark/actions/runs/36238299506,13cfe57,30,tpch,linux-6.17.0-1022-azure,4,15.6,3.12.14,lakesail_iceberg,0.7.1,ok,cold,query,13,7.9549,45,ok,
36238299506-1,2026-09-26T11:17:01Z,https://github.com/djouallah/lakehouse_benchmark/actions/runs/36238299506,13cfe57,30,tpch,linux-6.17.0-1022-azure,4,15.6,3.12.14,lakesail_iceberg,0.7.1,ok,cold,query,14,11.8968,1,ok,
36238299506-1,2026-09-26T11:17:01Z,https://github.com/djouallah/lakehouse_benchmark/actions/runs/36238299506,13cfe57,30,tpch,linux-6.17.0-1022-azure,4,15.6,3.12.14,lakesail_iceberg,0.7.1,ok,cold,query,15,22.4779,1,ok,
36238299506-1,2026-09-26T11:17:01Z,https://github.com/djouallah/lakehouse_benchmark/actions/runs/36238299506,13cfe57,30,tpch,linux-6.17.0-1022-azure,4,15.6,3.12.14,lakesail_iceberg,0.7.1,ok,cold,query,16,4.489,27840,ok,
36238299506-1,2026-09-26T11:17:01Z,https://github.com/djouallah/lakehouse_benchmark/actions/runs/36238299506,13cfe57,30,tpch,linux-6.17.0-1022-azure,4,15.6,3.12.14,lakesail_iceberg,0.7.1,ok,cold,query,17,24.4147,1,ok,
36238299506-1,2026-09-26T11:17:01Z,https://github.com/djouallah/lakehouse_benchmark/actions/runs/36238299506,13cfe57,30,tpch,linux-6.17.0-1022-azure,4,15.6,3.12.14,lakesail_iceberg,0.7.1,ok,cold,query,18,,,error,AnalysisException: Failed to allocate additional 592.0 KB for HashJoinInput[3] with 1665.0 MB already allocated for this reservation - 320.4 KB remain available for the total memory pool: fair(pool_size: 10.0 GB)
36238299506-1,2026-09-26T11:17:01Z,https://github.com/djouallah/lakehouse_benchmark/actions/runs/36238299506,13cfe57,30,tpch,linux-6.17.0-1022-azure,4,15.6,3.12.14,lakesail_iceberg,0.7.1,ok,cold,query,19,14.8005,1,ok,
36238299506-1,2026-09-26T11:17:01Z,https://github.com/djouallah/lakehouse_benchmark/actions/runs/36238299506,13cfe57,30,tpch,linux-6.17.0-1022-azure,4,15.6,3.12.14,lakesail_iceberg,0.7.1,ok,cold,query,20,18.6232,5404,ok,
36238299506-1,2026-09-26T11:17:01Z,https://github.com/djouallah/lakehouse_benchmark/actions/runs/36238299506,13cfe57,30,tpch,linux-6.17.0-1022-azure,4,15.6,3.12.14,lakesail_iceberg,0.7.1,ok,cold,query,21,38.5278,100,ok,
36238299506-1,2026-09-26T11:17:01Z,https://github.com/djouallah/lakehouse_benchmark/actions/runs/36238299506,13cfe57,30,tpch,linux-6.17.0-1022-azure,4,15.6,3.12.14,lakesail_iceberg,0.7.1,ok,cold,query,22,5.5424,7,ok,
36238967358-1,2026-09-26T11:52:30Z,https://github.com/djouallah/lakehouse_benchmark/actions/runs/36238967358,ae500f8,30,tpch,linux-6.17.0-1022-azure,4,15.6,3.12.14,lakesail_iceberg,0.7.1,ok,cold,setup,0,1.4426,,ok,
36238967358-1,2026-09-26T11:52:30Z,https://github.com/djouallah/lakehouse_benchmark/actions/runs/36238967358,ae500f8,30,tpch,linux-6.17.0-1022-azure,4,15.6,3.12.14,lakesail_iceberg,0.7.1,ok,cold,query,1,25.1731,4,ok,
36238967358-1,2026-09-26T11:52:30Z,https://github.com/djouallah/lakehouse_benchmark/actions/runs/36238967358,ae500f8,30,tpch,linux-6.17.0-1022-azure,4,15.6,3.12.14,lakesail_iceberg,0.7.1,ok,cold,query,2,17.1141,10,ok,
36238967358-1,2026-09-26T11:52:30Z,https://github.com/djouallah/lakehouse_benchmark/actions/runs/36238967358,ae500f8,30,tpch,linux-6.17.0-1022-azure,4,15.6,3.12.14,lakesail_iceberg,0.7.1,ok,cold,query,3,32.2523,10,ok,
36238967358-1,2026-09-26T11:52:30Z,https://github.com/djouallah/lakehouse_benchmark/actions/runs/36238967358,ae500f8,30,tpch,linux-6.17.0-1022-azure,4,15.6,3.12.14,lakesail_iceberg,0.7.1,ok,cold,query,4,15.6196,5,ok,
36238967358-1,2026-09-26T11:52:30Z,https://github.com/djouallah/lakehouse_benchmark/actions/runs/36238967358,ae500f8,30,tpch,linux-6.17.0-1022-azure,4,15.6,3.12.14,lakesail_iceberg,0.7.1,ok,cold,query,5,45.1409,5,ok,
36238967358-1,2026-09-26T11:52:30Z,https://github.com/djouallah/lakehouse_benchmark/actions/runs/36238967358,ae500f8,30,tpch,linux-6.17.0-1022-azure,4,15.6,3.12.14,lakesail_iceberg,0.7.1,ok,cold,query,6,10.3332,1,ok,
36238967358-1,2026-09-26T11:52:30Z,https://github.com/djouallah/lakehouse_benchmark/actions/runs/36238967358,ae500f8,30,tpch,linux-6.17.0-1022-azure,4,15.6,3.12.14,lakesail_iceberg,0.7.1,ok,cold,query,7,145.4098,9,ok,
36238967358-1,2026-09-26T11:52:30Z,https://github.com/djouallah/lakehouse_benchmark/actions/runs/36238967358,ae500f8,30,tpch,linux-6.17.0-1022-azure,4,15.6,3.12.14,lakesail_iceberg,0.7.1,ok,cold,query,8,45.6644,2,ok,
36238967358-1,2026-09-26T11:52:30Z,https://github.com/djouallah/lakehouse_benchmark/actions/runs/36238967358,ae500f8,30,tpch,linux-6.17.0-1022-azure,4,15.6,3.12.14,lakesail_iceberg,0.7.1,ok,cold,query,9,62.8481,175,ok,
36238967358-1,2026-09-26T11:52:30Z,https://github.com/djouallah/lakehouse_benchmark/actions/runs/36238967358,ae500f8,30,tpch,linux-6.17.0-1022-azure,4,15.6,3.12.14,lakesail_iceberg,0.7.1,ok,cold,query,10,21.8267,20,ok,
36238967358-1,2026-09-26T11:52:30Z,https://github.com/djouallah/lakehouse_benchmark/actions/runs/36238967358,ae500f8,30,tpch,linux-6.17.0-1022-azure,4,15.6,3.12.14,lakesail_iceberg,0.7.1,ok,cold,query,11,34.9404,27123,ok,
36238967358-1,2026-09-26T11:52:30Z,https://github.com/djouallah/lakehouse_benchmark/actions/runs/36238967358,ae500f8,30,tpch,linux-6.17.0-1022-azure,4,15.6,3.12.14,lakesail_iceberg,0.7.1,ok,cold,query,12,15.448,2,ok,
36238967358-1,2026-09-26T11:52:30Z,https://github.com/djouallah/lakehouse_benchmark/actions/runs/36238967358,ae500f8,30,tpch,linux-6.17.0-1022-azure,4,15.6,3.12.14,lakesail_iceberg,0.7.1,ok,cold,query,13,10.2124,45,ok,
36238967358-1,2026-09-26T11:52:30Z,https://github.com/djouallah/lakehouse_benchmark/actions/runs/36238967358,ae500f8,30,tpch,linux-6.17.0-1022-azure,4,15.6,3.12.14,lakesail_iceberg,0.7.1,ok,cold,query,14,11.7174,1,ok,
36238967358-1,2026-09-26T11:52:30Z,https://github.com/djouallah/lakehouse_benchmark/actions/runs/36238967358,ae500f8,30,tpch,linux-6.17.0-1022-azure,4,15.6,3.12.14,lakesail_iceberg,0.7.1,ok,cold,query,15,13.0638,1,ok,
36238967358-1,2026-09-26T11:52:30Z,https://github.com/djouallah/lakehouse_benchmark/actions/runs/36238967358,ae500f8,30,tpch,linux-6.17.0-1022-azure,4,15.6,3.12.14,lakesail_iceberg,0.7.1,ok,cold,query,16,4.2588,27840,ok,
36238967358-1,2026-09-26T11:52:30Z,https://github.com/djouallah/lakehouse_benchmark/actions/runs/36238967358,ae500f8,30,tpch,linux-6.17.0-1022-azure,4,15.6,3.12.14,lakesail_iceberg,0.7.1,ok,cold,query,17,46.0478,1,ok,
36238967358-1,2026-09-26T11:52:30Z,https://github.com/djouallah/lakehouse_benchmark/actions/runs/36238967358,ae500f8,30,tpch,linux-6.17.0-1022-azure,4,15.6,3.12.14,lakesail_iceberg,0.7.1,ok,cold,query,18,72.7044,100,ok,
36238967358-1,2026-09-26T11:52:30Z,https://github.com/djouallah/lakehouse_benchmark/actions/runs/36238967358,ae500f8,30,tpch,linux-6.17.0-1022-azure,4,15.6,3.12.14,lakesail_iceberg,0.7.1,ok,cold,query,19,16.6634,1,ok,
36238967358-1,2026-09-26T11:52:30Z,https://github.com/djouallah/lakehouse_benchmark/actions/runs/36238967358,ae500f8,30,tpch,linux-6.17.0-1022-azure,4,15.6,3.12.14,lakesail_iceberg,0.7.1,ok,cold,query,20,22.2575,5404,ok,
36238967358-1,2026-09-26T11:52:30Z,https://github.com/djouallah/lakehouse_benchmark/actions/runs/36238967358,ae500f8,30,tpch,linux-6.17.0-1022-azure,4,15.6,3.12.14,lakesail_iceberg,0.7.1,ok,cold,query,21,66.7171,100,ok,
36238967358-1,2026-09-26T11:52:30Z,https://github.com/djouallah/lakehouse_benchmark/actions/runs/36238967358,ae500f8,30,tpch,linux-6.17.0-1022-azure,4,15.6,3.12.14,lakesail_iceberg,0.7.1,ok,cold,query,22,8.4958,7,ok,
36241520354-1,2026-09-26T12:19:36Z,https://github.com/djouallah/lakehouse_benchmark/actions/runs/36241520354,680b341,60,tpch,linux-6.17.0-1022-azure,4,15.6,3.12.14,lakesail_iceberg,0.7.1,ok,cold,setup,0,1.43,,ok,
36241520354-1,2026-09-26T12:19:36Z,https://github.com/djouallah/lakehouse_benchmark/actions/runs/36241520354,680b341,60,tpch,linux-6.17.0-1022-azure,4,15.6,3.12.14,lakesail_iceberg,0.7.1,ok,cold,query,1,32.7064,4,ok,
36241520354-1,2026-09-26T12:19:36Z,https://github.com/djouallah/lakehouse_benchmark/actions/runs/36241520354,680b341,60,tpch,linux-6.17.0-1022-azure,4,15.6,3.12.14,lakesail_iceberg,0.7.1,ok,cold,query,2,28.6737,10,ok,
36241520354-1,2026-09-26T12:19:36Z,https://github.com/djouallah/lakehouse_benchmark/actions/runs/36241520354,680b341,60,tpch,linux-6.17.0-1022-azure,4,15.6,3.12.14,lakesail_iceberg,0.7.1,ok,cold,query,3,53.4272,10,ok,
36241520354-1,2026-09-26T12:19:36Z,https://github.com/djouallah/lakehouse_benchmark/actions/runs/36241520354,680b341,60,tpch,linux-6.17.0-1022-azure,4,15.6,3.12.14,lakesail_iceberg,0.7.1,ok,cold,query,4,49.9594,5,ok,
36241520354-1,2026-09-26T12:19:36Z,https://github.com/djouallah/lakehouse_benchmark/actions/runs/36241520354,680b341,60,tpch,linux-6.17.0-1022-azure,4,15.6,3.12.14,lakesail_iceberg,0.7.1,ok,cold,query,5,101.5373,5,ok,
36241520354-1,2026-09-26T12:19:36Z,https://github.com/djouallah/lakehouse_benchmark/actions/runs/36241520354,680b341,60,tpch,linux-6.17.0-1022-azure,4,15.6,3.12.14,lakesail_iceberg,0.7.1,ok,cold,query,6,19.9873,1,ok,
36241520354-1,2026-09-26T12:19:36Z,https://github.com/djouallah/lakehouse_benchmark/actions/runs/36241520354,680b341,60,tpch,linux-6.17.0-1022-azure,4,15.6,3.12.14,lakesail_iceberg,0.7.1,ok,cold,query,7,376.9725,9,ok,
36241520354-1,2026-09-26T12:19:36Z,https://github.com/djouallah/lakehouse_benchmark/actions/runs/36241520354,680b341,60,tpch,linux-6.17.0-1022-azure,4,15.6,3.12.14,lakesail_iceberg,0.7.1,ok,cold,query,8,120.2519,2,ok,
36241520354-1,2026-09-26T12:19:36Z,https://github.com/djouallah/lakehouse_benchmark/actions/runs/36241520354,680b341,60,tpch,linux-6.17.0-1022-azure,4,15.6,3.12.14,lakesail_iceberg,0.7.1,ok,cold,query,9,156.8691,175,ok,
36241520354-1,2026-09-26T12:19:36Z,https://github.com/djouallah/lakehouse_benchmark/actions/runs/36241520354,680b341,60,tpch,linux-6.17.0-1022-azure,4,15.6,3.12.14,lakesail_iceberg,0.7.1,ok,cold,query,10,38.4802,20,ok,
36241520354-1,2026-09-26T12:19:36Z,https://github.com/djouallah/lakehouse_benchmark/actions/runs/36241520354,680b341,60,tpch,linux-6.17.0-1022-azure,4,15.6,3.12.14,lakesail_iceberg,0.7.1,ok,cold,query,11,21.4006,57961,ok,
36241520354-1,2026-09-26T12:19:36Z,https://github.com/djouallah/lakehouse_benchmark/actions/runs/36241520354,680b341,60,tpch,linux-6.17.0-1022-azure,4,15.6,3.12.14,lakesail_iceberg,0.7.1,ok,cold,query,12,27.5149,2,ok,
36241520354-1,2026-09-26T12:19:36Z,https://github.com/djouallah/lakehouse_benchmark/actions/runs/36241520354,680b341,60,tpch,linux-6.17.0-1022-azure,4,15.6,3.12.14,lakesail_iceberg,0.7.1,ok,cold,query,13,21.3453,46,ok,
36241520354-1,2026-09-26T12:19:36Z,https://github.com/djouallah/lakehouse_benchmark/actions/runs/36241520354,680b341,60,tpch,linux-6.17.0-1022-azure,4,15.6,3.12.14,lakesail_iceberg,0.7.1,ok,cold,query,14,43.893,1,ok,
36241520354-1,2026-09-26T12:19:36Z,https://github.com/djouallah/lakehouse_benchmark/actions/runs/36241520354,680b341,60,tpch,linux-6.17.0-1022-azure,4,15.6,3.12.14,lakesail_iceberg,0.7.1,ok,cold,query,15,25.2151,1,ok,
36241520354-1,2026-09-26T12:19:36Z,https://github.com/djouallah/lakehouse_benchmark/actions/runs/36241520354,680b341,60,tpch,linux-6.17.0-1022-azure,4,15.6,3.12.14,lakesail_iceberg,0.7.1,ok,cold,query,16,7.4894,27840,ok,
36241520354-1,2026-09-26T12:19:36Z,https://github.com/djouallah/lakehouse_benchmark/actions/runs/36241520354,680b341,60,tpch,linux-6.17.0-1022-azure,4,15.6,3.12.14,lakesail_iceberg,0.7.1,ok,cold,query,17,99.4654,1,ok,
36241520354-1,2026-09-26T12:19:36Z,https://github.com/djouallah/lakehouse_benchmark/actions/runs/36241520354,680b341,60,tpch,linux-6.17.0-1022-azure,4,15.6,3.12.14,lakesail_iceberg,0.7.1,ok,cold,query,18,101.7305,100,ok,
36241520354-1,2026-09-26T12:19:36Z,https://github.com/djouallah/lakehouse_benchmark/actions/runs/36241520354,680b341,60,tpch,linux-6.17.0-1022-azure,4,15.6,3.12.14,lakesail_iceberg,0.7.1,ok,cold,query,19,28.7133,1,ok,
36241520354-1,2026-09-26T12:19:36Z,https://github.com/djouallah/lakehouse_benchmark/actions/runs/36241520354,680b341,60,tpch,linux-6.17.0-1022-azure,4,15.6,3.12.14,lakesail_iceberg,0.7.1,ok,cold,query,20,39.3972,10738,ok,
36241520354-1,2026-09-26T12:19:36Z,https://github.com/djouallah/lakehouse_benchmark/actions/runs/36241520354,680b341,60,tpch,linux-6.17.0-1022-azure,4,15.6,3.12.14,lakesail_iceberg,0.7.1,ok,cold,query,21,133.7052,100,ok,
36241520354-1,2026-09-26T12:19:36Z,https://github.com/djouallah/lakehouse_benchmark/actions/runs/36241520354,680b341,60,tpch,linux-6.17.0-1022-azure,4,15.6,3.12.14,lakesail_iceberg,0.7.1,ok,cold,query,22,8.9614,7,ok,
36241548022-1,2026-09-26T12:50:39Z,https://github.com/djouallah/lakehouse_benchmark/actions/runs/36241548022,680b341,100,tpch,linux-6.17.0-1022-azure,4,15.6,3.12.14,lakesail_iceberg,0.7.1,ok,cold,setup,0,1.4724,,ok,
36241548022-1,2026-09-26T12:50:39Z,https://github.com/djouallah/lakehouse_benchmark/actions/runs/36241548022,680b341,100,tpch,linux-6.17.0-1022-azure,4,15.6,3.12.14,lakesail_iceberg,0.7.1,ok,cold,query,1,36.6315,4,ok,
36241548022-1,2026-09-26T12:50:39Z,https://github.com/djouallah/lakehouse_benchmark/actions/runs/36241548022,680b341,100,tpch,linux-6.17.0-1022-azure,4,15.6,3.12.14,lakesail_iceberg,0.7.1,ok,cold,query,2,43.9809,10,ok,
36241548022-1,2026-09-26T12:50:39Z,https://github.com/djouallah/lakehouse_benchmark/actions/runs/36241548022,680b341,100,tpch,linux-6.17.0-1022-azure,4,15.6,3.12.14,lakesail_iceberg,0.7.1,ok,cold,query,3,76.0197,10,ok,
36241548022-1,2026-09-26T12:50:39Z,https://github.com/djouallah/lakehouse_benchmark/actions/runs/36241548022,680b341,100,tpch,linux-6.17.0-1022-azure,4,15.6,3.12.14,lakesail_iceberg,0.7.1,ok,cold,query,4,35.0592,5,ok,
36241548022-1,2026-09-26T12:50:39Z,https://github.com/djouallah/lakehouse_benchmark/actions/runs/36241548022,680b341,100,tpch,linux-6.17.0-1022-azure,4,15.6,3.12.14,lakesail_iceberg,0.7.1,ok,cold,query,5,220.2923,5,ok,
36241548022-1,2026-09-26T12:50:39Z,https://github.com/djouallah/lakehouse_benchmark/actions/runs/36241548022,680b341,100,tpch,linux-6.17.0-1022-azure,4,15.6,3.12.14,lakesail_iceberg,0.7.1,ok,cold,query,6,18.1686,1,ok,
36241548022-1,2026-09-26T12:50:39Z,https://github.com/djouallah/lakehouse_benchmark/actions/runs/36241548022,680b341,100,tpch,linux-6.17.0-1022-azure,4,15.6,3.12.14,lakesail_iceberg,0.7.1,ok,cold,query,7,687.5933,9,ok,
36241548022-1,2026-09-26T12:50:39Z,https://github.com/djouallah/lakehouse_benchmark/actions/runs/36241548022,680b341,100,tpch,linux-6.17.0-1022-azure,4,15.6,3.12.14,lakesail_iceberg,0.7.1,ok,cold,query,8,225.5161,2,ok,
36241548022-1,2026-09-26T12:50:39Z,https://github.com/djouallah/lakehouse_benchmark/actions/runs/36241548022,680b341,100,tpch,linux-6.17.0-1022-azure,4,15.6,3.12.14,lakesail_iceberg,0.7.1,ok,cold,query,9,263.0799,175,ok,
36241548022-1,2026-09-26T12:50:39Z,https://github.com/djouallah/lakehouse_benchmark/actions/runs/36241548022,680b341,100,tpch,linux-6.17.0-1022-azure,4,15.6,3.12.14,lakesail_iceberg,0.7.1,ok,cold,query,10,46.471,20,ok,
36241548022-1,2026-09-26T12:50:39Z,https://github.com/djouallah/lakehouse_benchmark/actions/runs/36241548022,680b341,100,tpch,linux-6.17.0-1022-azure,4,15.6,3.12.14,lakesail_iceberg,0.7.1,ok,cold,query,11,31.9526,92698,ok,
36241548022-1,2026-09-26T12:50:39Z,https://github.com/djouallah/lakehouse_benchmark/actions/runs/36241548022,680b341,100,tpch,linux-6.17.0-1022-azure,4,15.6,3.12.14,lakesail_iceberg,0.7.1,ok,cold,query,12,57.0005,2,ok,
36241548022-1,2026-09-26T12:50:39Z,https://github.com/djouallah/lakehouse_benchmark/actions/runs/36241548022,680b341,100,tpch,linux-6.17.0-1022-azure,4,15.6,3.12.14,lakesail_iceberg,0.7.1,ok,cold,query,13,50.99,45,ok,
36241548022-1,2026-09-26T12:50:39Z,https://github.com/djouallah/lakehouse_benchmark/actions/runs/36241548022,680b341,100,tpch,linux-6.17.0-1022-azure,4,15.6,3.12.14,lakesail_iceberg,0.7.1,ok,cold,query,14,20.2464,1,ok,
36241548022-1,2026-09-26T12:50:39Z,https://github.com/djouallah/lakehouse_benchmark/actions/runs/36241548022,680b341,100,tpch,linux-6.17.0-1022-azure,4,15.6,3.12.14,lakesail_iceberg,0.7.1,ok,cold,query,15,16.6687,1,ok,
36241548022-1,2026-09-26T12:50:39Z,https://github.com/djouallah/lakehouse_benchmark/actions/runs/36241548022,680b341,100,tpch,linux-6.17.0-1022-azure,4,15.6,3.12.14,lakesail_iceberg,0.7.1,ok,cold,query,16,8.8591,27840,ok,
36241548022-1,2026-09-26T12:50:39Z,https://github.com/djouallah/lakehouse_benchmark/actions/runs/36241548022,680b341,100,tpch,linux-6.17.0-1022-azure,4,15.6,3.12.14,lakesail_iceberg,0.7.1,ok,cold,query,17,153.2602,1,ok,
36241548022-1,2026-09-26T12:50:39Z,https://github.com/djouallah/lakehouse_benchmark/actions/runs/36241548022,680b341,100,tpch,linux-6.17.0-1022-azure,4,15.6,3.12.14,lakesail_iceberg,0.7.1,ok,cold,query,18,174.4587,100,ok,
36241548022-1,2026-09-26T12:50:39Z,https://github.com/djouallah/lakehouse_benchmark/actions/runs/36241548022,680b341,100,tpch,linux-6.17.0-1022-azure,4,15.6,3.12.14,lakesail_iceberg,0.7.1,ok,cold,query,19,29.109,1,ok,
36241548022-1,2026-09-26T12:50:39Z,https://github.com/djouallah/lakehouse_benchmark/actions/runs/36241548022,680b341,100,tpch,linux-6.17.0-1022-azure,4,15.6,3.12.14,lakesail_iceberg,0.7.1,ok,cold,query,20,48.7468,17971,ok,
36241548022-1,2026-09-26T12:50:39Z,https://github.com/djouallah/lakehouse_benchmark/actions/runs/36241548022,680b341,100,tpch,linux-6.17.0-1022-azure,4,15.6,3.12.14,lakesail_iceberg,0.7.1,ok,cold,query,21,220.9787,100,ok,
36241548022-1,2026-09-26T12:50:39Z,https://github.com/djouallah/lakehouse_benchmark/actions/runs/36241548022,680b341,100,tpch,linux-6.17.0-1022-azure,4,15.6,3.12.14,lakesail_iceberg,0.7.1,ok,cold,query,22,10.7375,7,ok,
36287421972-1,2026-09-27T02:04:48Z,https://github.com/djouallah/lakehouse_benchmark/actions/runs/36287421972,e4290fe,60,tpch,linux-6.17.0-1022-azure,4,15.6,3.12.14,chdb_iceberg,4.4.0,ok,cold,setup,0,2.5975,,ok,
36287421972-1,2026-09-27T02:04:48Z,https://github.com/djouallah/lakehouse_benchmark/actions/runs/36287421972,e4290fe,60,tpch,linux-6.17.0-1022-azure,4,15.6,3.12.14,chdb_iceberg,4.4.0,ok,cold,query,1,32.7734,4,ok,
36287421972-1,2026-09-27T02:04:48Z,https://github.com/djouallah/lakehouse_benchmark/actions/runs/36287421972,e4290fe,60,tpch,linux-6.17.0-1022-azure,4,15.6,3.12.14,chdb_iceberg,4.4.0,ok,cold,query,2,28.1467,10,ok,
36287421972-1,2026-09-27T02:04:48Z,https://github.com/djouallah/lakehouse_benchmark/actions/runs/36287421972,e4290fe,60,tpch,linux-6.17.0-1022-azure,4,15.6,3.12.14,chdb_iceberg,4.4.0,ok,cold,query,3,65.3148,10,ok,
36287421972-1,2026-09-27T02:04:48Z,https://github.com/djouallah/lakehouse_benchmark/actions/runs/36287421972,e4290fe,60,tpch,linux-6.17.0-1022-azure,4,15.6,3.12.14,chdb_iceberg,4.4.0,ok,cold,query,4,44.0815,5,ok,
36287421972-1,2026-09-27T02:04:48Z,https://github.com/djouallah/lakehouse_benchmark/actions/runs/36287421972,e4290fe,60,tpch,linux-6.17.0-1022-azure,4,15.6,3.12.14,chdb_iceberg,4.4.0,ok,cold,query,5,42.4197,5,ok,
36287421972-1,2026-09-27T02:04:48Z,https://github.com/djouallah/lakehouse_benchmark/actions/runs/36287421972,e4290fe,60,tpch,linux-6.17.0-1022-azure,4,15.6,3.12.14,chdb_iceberg,4.4.0,ok,cold,query,6,47.7521,1,ok,
36287421972-1,2026-09-27T02:04:48Z,https://github.com/djouallah/lakehouse_benchmark/actions/runs/36287421972,e4290fe,60,tpch,linux-6.17.0-1022-azure,4,15.6,3.12.14,chdb_iceberg,4.4.0,ok,cold,query,7,160.614,9,ok,
36287421972-1,2026-09-27T02:04:48Z,https://github.com/djouallah/lakehouse_benchmark/actions/runs/36287421972,e4290fe,60,tpch,linux-6.17.0-1022-azure,4,15.6,3.12.14,chdb_iceberg,4.4.0,ok,cold,query,8,39.0132,2,ok,
36287421972-1,2026-09-27T02:04:48Z,https://github.com/djouallah/lakehouse_benchmark/actions/runs/36287421972,e4290fe,60,tpch,linux-6.17.0-1022-azure,4,15.6,3.12.14,chdb_iceberg,4.4.0,ok,cold,query,9,39.1579,175,ok,
36287421972-1,2026-09-27T02:04:48Z,https://github.com/djouallah/lakehouse_benchmark/actions/runs/36287421972,e4290fe,60,tpch,linux-6.17.0-1022-azure,4,15.6,3.12.14,chdb_iceberg,4.4.0,ok,cold,query,10,22.9965,20,ok,
36287421972-1,2026-09-27T02:04:48Z,https://github.com/djouallah/lakehouse_benchmark/actions/runs/36287421972,e4290fe,60,tpch,linux-6.17.0-1022-azure,4,15.6,3.12.14,chdb_iceberg,4.4.0,ok,cold,query,11,8.0791,56470,ok,
36287421972-1,2026-09-27T02:04:48Z,https://github.com/djouallah/lakehouse_benchmark/actions/runs/36287421972,e4290fe,60,tpch,linux-6.17.0-1022-azure,4,15.6,3.12.14,chdb_iceberg,4.4.0,ok,cold,query,12,30.812,2,ok,
36287421972-1,2026-09-27T02:04:48Z,https://github.com/djouallah/lakehouse_benchmark/actions/runs/36287421972,e4290fe,60,tpch,linux-6.17.0-1022-azure,4,15.6,3.12.14,chdb_iceberg,4.4.0,ok,cold,query,13,30.8987,46,ok,
36287421972-1,2026-09-27T02:04:48Z,https://github.com/djouallah/lakehouse_benchmark/actions/runs/36287421972,e4290fe,60,tpch,linux-6.17.0-1022-azure,4,15.6,3.12.14,chdb_iceberg,4.4.0,ok,cold,query,14,18.4804,1,ok,
36287421972-1,2026-09-27T02:04:48Z,https://github.com/djouallah/lakehouse_benchmark/actions/runs/36287421972,e4290fe,60,tpch,linux-6.17.0-1022-azure,4,15.6,3.12.14,chdb_iceberg,4.4.0,ok,cold,query,15,9.8059,1,ok,
36287421972-1,2026-09-27T02:04:48Z,https://github.com/djouallah/lakehouse_benchmark/actions/runs/36287421972,e4290fe,60,tpch,linux-6.17.0-1022-azure,4,15.6,3.12.14,chdb_iceberg,4.4.0,ok,cold,query,16,5.5338,27840,ok,
36287421972-1,2026-09-27T02:04:48Z,https://github.com/djouallah/lakehouse_benchmark/actions/runs/36287421972,e4290fe,60,tpch,linux-6.17.0-1022-azure,4,15.6,3.12.14,chdb_iceberg,4.4.0,ok,cold,query,17,14.5653,1,ok,
36287421972-1,2026-09-27T02:04:48Z,https://github.com/djouallah/lakehouse_benchmark/actions/runs/36287421972,e4290fe,60,tpch,linux-6.17.0-1022-azure,4,15.6,3.12.14,chdb_iceberg,4.4.0,ok,cold,query,18,20.1022,100,ok,
36287421972-1,2026-09-27T02:04:48Z,https://github.com/djouallah/lakehouse_benchmark/actions/runs/36287421972,e4290fe,60,tpch,linux-6.17.0-1022-azure,4,15.6,3.12.14,chdb_iceberg,4.4.0,ok,cold,query,19,43.8395,1,ok,
36287421972-1,2026-09-27T02:04:48Z,https://github.com/djouallah/lakehouse_benchmark/actions/runs/36287421972,e4290fe,60,tpch,linux-6.17.0-1022-azure,4,15.6,3.12.14,chdb_iceberg,4.4.0,ok,cold,query,20,13.5873,10738,ok,
36287421972-1,2026-09-27T02:04:48Z,https://github.com/djouallah/lakehouse_benchmark/actions/runs/36287421972,e4290fe,60,tpch,linux-6.17.0-1022-azure,4,15.6,3.12.14,chdb_iceberg,4.4.0,ok,cold,query,21,,,error,"RuntimeError: Code: 241. DB::Exception: Iceberg iterator is failed with exception: Code: 241. DB::Exception: Query memory limit exceeded: would use 10.41 GiB (attempt to allocate chunk of 1.15 GiB), maximum: 9.31 GiB. Untracked memory across all threads: -9.16 MiB. (MEMORY_LIMIT_EXCEEDED), Stack trace (when copying this message, always include the lines below):

0. ? @ 0x000000001c9d9233
1. ? @ 0x000000000ef44e9e
2. ? @ 0x000000000919dbd2
3. ? @ 0x000000000919d67b
4. ? @ 0x000000000efc104e
5. ? @ 0x000000000efbf5ca
6. ? @ 0x000000000efbed62
7. ? @ 0x000000000ef18e4c
8. ? @ 0x000000000ef15892
9. ? @ 0x00000000171c80a1
10. ? @ 0x000000001749290d
11. ? @ 0x00000000172cbb1b
12. ? @ 0x00000000172cc60e
13. ? @ 0x000000001498209c
14. ? @ 0x0000000014981c02
15. ? @ 0x00000000145f36f6
16. ? @ 0x0000000017cbe944
17. ? @ 0x0000000017cc335e
18. ? @ 0x00000000180e0053
19. ? @ 0x00000000180e0164
20. ? @ 0x00000000180dfe61
21. ? @ 0x0000000017cb7537
22. ? @ 0x0000000012b80e3e
23. ? @ 0x0000000012b7cbe9
24. ? @ 0x0000000012b7b79f
25. ? @ 0x0000000012b7cef1
26. ? @ 0x0000000012b4f37e
27. ? @ 0x0000000012b56480
28. ? @ 0x000000000f15d106
29. ? @ 0x000000000f15271e
30. ? @ 0x000000000f15a63b
31. arrow::Status arrow::py::internal::(anonymous namespace)::DecimalFromStdString<arrow::Decimal64>(std::__cxx11::basic_string<char, std::char_traits<char>, std::allocator<char>> const&, arrow::DecimalType const&, arrow::Decimal64*) @ 0x000000000009cb84
 (version 26.7.2.1): While executing ReadFromObjectStorage. (MEMORY_LIMIT_EXCEEDED)"
36287421972-1,2026-09-27T02:04:48Z,https://github.com/djouallah/lakehouse_benchmark/actions/runs/36287421972,e4290fe,60,tpch,linux-6.17.0-1022-azure,4,15.6,3.12.14,chdb_iceberg,4.4.0,ok,cold,query,22,9.8746,7,ok,
36289383167-1,2026-09-27T02:45:03Z,https://github.com/djouallah/lakehouse_benchmark/actions/runs/36289383167,2829f5f,60,tpch,linux-6.17.0-1022-azure,4,15.6,3.12.14,chdb_iceberg,4.4.0,ok,cold,setup,0,2.6411,,ok,
36289383167-1,2026-09-27T02:45:03Z,https://github.com/djouallah/lakehouse_benchmark/actions/runs/36289383167,2829f5f,60,tpch,linux-6.17.0-1022-azure,4,15.6,3.12.14,chdb_iceberg,4.4.0,ok,cold,query,1,32.6603,4,ok,
36289383167-1,2026-09-27T02:45:03Z,https://github.com/djouallah/lakehouse_benchmark/actions/runs/36289383167,2829f5f,60,tpch,linux-6.17.0-1022-azure,4,15.6,3.12.14,chdb_iceberg,4.4.0,ok,cold,query,2,19.0532,10,ok,
36289383167-1,2026-09-27T02:45:03Z,https://github.com/djouallah/lakehouse_benchmark/actions/runs/36289383167,2829f5f,60,tpch,linux-6.17.0-1022-azure,4,15.6,3.12.14,chdb_iceberg,4.4.0,ok,cold,query,3,63.6282,10,ok,
36289383167-1,2026-09-27T02:45:03Z,https://github.com/djouallah/lakehouse_benchmark/actions/runs/36289383167,2829f5f,60,tpch,linux-6.17.0-1022-azure,4,15.6,3.12.14,chdb_iceberg,4.4.0,ok,cold,query,4,47.7596,5,ok,
36289383167-1,2026-09-27T02:45:03Z,https://github.com/djouallah/lakehouse_benchmark/actions/runs/36289383167,2829f5f,60,tpch,linux-6.17.0-1022-azure,4,15.6,3.12.14,chdb_iceberg,4.4.0,ok,cold,query,5,38.1472,5,ok,
36289383167-1,2026-09-27T02:45:03Z,https://github.com/djouallah/lakehouse_benchmark/actions/runs/36289383167,2829f5f,60,tpch,linux-6.17.0-1022-azure,4,15.6,3.12.14,chdb_iceberg,4.4.0,ok,cold,query,6,21.6169,1,ok,
36289383167-1,2026-09-27T02:45:03Z,https://github.com/djouallah/lakehouse_benchmark/actions/runs/36289383167,2829f5f,60,tpch,linux-6.17.0-1022-azure,4,15.6,3.12.14,chdb_iceberg,4.4.0,ok,cold,query,7,174.2262,9,ok,
36289383167-1,2026-09-27T02:45:03Z,https://github.com/djouallah/lakehouse_benchmark/actions/runs/36289383167,2829f5f,60,tpch,linux-6.17.0-1022-azure,4,15.6,3.12.14,chdb_iceberg,4.4.0,ok,cold,query,8,34.5394,2,ok,
36289383167-1,2026-09-27T02:45:03Z,https://github.com/djouallah/lakehouse_benchmark/actions/runs/36289383167,2829f5f,60,tpch,linux-6.17.0-1022-azure,4,15.6,3.12.14,chdb_iceberg,4.4.0,ok,cold,query,9,48.9636,175,ok,
36289383167-1,2026-09-27T02:45:03Z,https://github.com/djouallah/lakehouse_benchmark/actions/runs/36289383167,2829f5f,60,tpch,linux-6.17.0-1022-azure,4,15.6,3.12.14,chdb_iceberg,4.4.0,ok,cold,query,10,18.6541,20,ok,
36289383167-1,2026-09-27T02:45:03Z,https://github.com/djouallah/lakehouse_benchmark/actions/runs/36289383167,2829f5f,60,tpch,linux-6.17.0-1022-azure,4,15.6,3.12.14,chdb_iceberg,4.4.0,ok,cold,query,11,7.5416,56470,ok,
36289383167-1,2026-09-27T02:45:03Z,https://github.com/djouallah/lakehouse_benchmark/actions/runs/36289383167,2829f5f,60,tpch,linux-6.17.0-1022-azure,4,15.6,3.12.14,chdb_iceberg,4.4.0,ok,cold,query,12,36.1052,2,ok,
36289383167-1,2026-09-27T02:45:03Z,https://github.com/djouallah/lakehouse_benchmark/actions/runs/36289383167,2829f5f,60,tpch,linux-6.17.0-1022-azure,4,15.6,3.12.14,chdb_iceberg,4.4.0,ok,cold,query,13,23.5362,46,ok,
36289383167-1,2026-09-27T02:45:03Z,https://github.com/djouallah/lakehouse_benchmark/actions/runs/36289383167,2829f5f,60,tpch,linux-6.17.0-1022-azure,4,15.6,3.12.14,chdb_iceberg,4.4.0,ok,cold,query,14,15.0804,1,ok,
36289383167-1,2026-09-27T02:45:03Z,https://github.com/djouallah/lakehouse_benchmark/actions/runs/36289383167,2829f5f,60,tpch,linux-6.17.0-1022-azure,4,15.6,3.12.14,chdb_iceberg,4.4.0,ok,cold,query,15,11.9921,1,ok,
36289383167-1,2026-09-27T02:45:03Z,https://github.com/djouallah/lakehouse_benchmark/actions/runs/36289383167,2829f5f,60,tpch,linux-6.17.0-1022-azure,4,15.6,3.12.14,chdb_iceberg,4.4.0,ok,cold,query,16,5.1787,27840,ok,
36289383167-1,2026-09-27T02:45:03Z,https://github.com/djouallah/lakehouse_benchmark/actions/runs/36289383167,2829f5f,60,tpch,linux-6.17.0-1022-azure,4,15.6,3.12.14,chdb_iceberg,4.4.0,ok,cold,query,17,16.6425,1,ok,
36289383167-1,2026-09-27T02:45:03Z,https://github.com/djouallah/lakehouse_benchmark/actions/runs/36289383167,2829f5f,60,tpch,linux-6.17.0-1022-azure,4,15.6,3.12.14,chdb_iceberg,4.4.0,ok,cold,query,18,21.6248,100,ok,
36289383167-1,2026-09-27T02:45:03Z,https://github.com/djouallah/lakehouse_benchmark/actions/runs/36289383167,2829f5f,60,tpch,linux-6.17.0-1022-azure,4,15.6,3.12.14,chdb_iceberg,4.4.0,ok,cold,query,19,43.3455,1,ok,
36289383167-1,2026-09-27T02:45:03Z,https://github.com/djouallah/lakehouse_benchmark/actions/runs/36289383167,2829f5f,60,tpch,linux-6.17.0-1022-azure,4,15.6,3.12.14,chdb_iceberg,4.4.0,ok,cold,query,20,40.7534,10738,ok,
36289383167-1,2026-09-27T02:45:03Z,https://github.com/djouallah/lakehouse_benchmark/actions/runs/36289383167,2829f5f,60,tpch,linux-6.17.0-1022-azure,4,15.6,3.12.14,chdb_iceberg,4.4.0,ok,cold,query,21,102.0209,100,ok,
36289383167-1,2026-09-27T02:45:03Z,https://github.com/djouallah/lakehouse_benchmark/actions/runs/36289383167,2829f5f,60,tpch,linux-6.17.0-1022-azure,4,15.6,3.12.14,chdb_iceberg,4.4.0,ok,cold,query,22,10.9318,7,ok,
36315428286-1,2026-09-27T11:21:28Z,https://github.com/djouallah/lakehouse_benchmark/actions/runs/36315428286,e4ce64b,200,tpch,linux-6.17.0-1022-azure,4,15.6,3.12.14,duckdb_iceberg,2.0.0.dev2609250715,ok,cold,setup,0,2.4027,,ok,
36315428286-1,2026-09-27T11:21:28Z,https://github.com/djouallah/lakehouse_benchmark/actions/runs/36315428286,e4ce64b,200,tpch,linux-6.17.0-1022-azure,4,15.6,3.12.14,duckdb_iceberg,2.0.0.dev2609250715,ok,cold,query,1,48.4002,4,ok,
36315428286-1,2026-09-27T11:21:28Z,https://github.com/djouallah/lakehouse_benchmark/actions/runs/36315428286,e4ce64b,200,tpch,linux-6.17.0-1022-azure,4,15.6,3.12.14,duckdb_iceberg,2.0.0.dev2609250715,ok,cold,query,2,13.7,10,ok,
36315428286-1,2026-09-27T11:21:28Z,https://github.com/djouallah/lakehouse_benchmark/actions/runs/36315428286,e4ce64b,200,tpch,linux-6.17.0-1022-azure,4,15.6,3.12.14,duckdb_iceberg,2.0.0.dev2609250715,ok,cold,query,3,61.1088,10,ok,
36315428286-1,2026-09-27T11:21:28Z,https://github.com/djouallah/lakehouse_benchmark/actions/runs/36315428286,e4ce64b,200,tpch,linux-6.17.0-1022-azure,4,15.6,3.12.14,duckdb_iceberg,2.0.0.dev2609250715,ok,cold,query,4,27.2079,5,ok,
36315428286-1,2026-09-27T11:21:28Z,https://github.com/djouallah/lakehouse_benchmark/actions/runs/36315428286,e4ce64b,200,tpch,linux-6.17.0-1022-azure,4,15.6,3.12.14,duckdb_iceberg,2.0.0.dev2609250715,ok,cold,query,5,49.6676,5,ok,
36315428286-1,2026-09-27T11:21:28Z,https://github.com/djouallah/lakehouse_benchmark/actions/runs/36315428286,e4ce64b,200,tpch,linux-6.17.0-1022-azure,4,15.6,3.12.14,duckdb_iceberg,2.0.0.dev2609250715,ok,cold,query,6,18.7052,1,ok,
36315428286-1,2026-09-27T11:21:28Z,https://github.com/djouallah/lakehouse_benchmark/actions/runs/36315428286,e4ce64b,200,tpch,linux-6.17.0-1022-azure,4,15.6,3.12.14,duckdb_iceberg,2.0.0.dev2609250715,ok,cold,query,7,46.2516,9,ok,
36315428286-1,2026-09-27T11:21:28Z,https://github.com/djouallah/lakehouse_benchmark/actions/runs/36315428286,e4ce64b,200,tpch,linux-6.17.0-1022-azure,4,15.6,3.12.14,duckdb_iceberg,2.0.0.dev2609250715,ok,cold,query,8,51.188,2,ok,
36315428286-1,2026-09-27T11:21:28Z,https://github.com/djouallah/lakehouse_benchmark/actions/runs/36315428286,e4ce64b,200,tpch,linux-6.17.0-1022-azure,4,15.6,3.12.14,duckdb_iceberg,2.0.0.dev2609250715,ok,cold,query,9,114.7231,175,ok,
36315428286-1,2026-09-27T11:21:28Z,https://github.com/djouallah/lakehouse_benchmark/actions/runs/36315428286,e4ce64b,200,tpch,linux-6.17.0-1022-azure,4,15.6,3.12.14,duckdb_iceberg,2.0.0.dev2609250715,ok,cold,query,10,52.4825,20,ok,
36315428286-1,2026-09-27T11:21:28Z,https://github.com/djouallah/lakehouse_benchmark/actions/runs/36315428286,e4ce64b,200,tpch,linux-6.17.0-1022-azure,4,15.6,3.12.14,duckdb_iceberg,2.0.0.dev2609250715,ok,cold,query,11,8.0842,186199,ok,
36315428286-1,2026-09-27T11:21:28Z,https://github.com/djouallah/lakehouse_benchmark/actions/runs/36315428286,e4ce64b,200,tpch,linux-6.17.0-1022-azure,4,15.6,3.12.14,duckdb_iceberg,2.0.0.dev2609250715,ok,cold,query,12,27.6304,2,ok,
36315428286-1,2026-09-27T11:21:28Z,https://github.com/djouallah/lakehouse_benchmark/actions/runs/36315428286,e4ce64b,200,tpch,linux-6.17.0-1022-azure,4,15.6,3.12.14,duckdb_iceberg,2.0.0.dev2609250715,ok,cold,query,13,46.32,46,ok,
36315428286-1,2026-09-27T11:21:28Z,https://github.com/djouallah/lakehouse_benchmark/actions/runs/36315428286,e4ce64b,200,tpch,linux-6.17.0-1022-azure,4,15.6,3.12.14,duckdb_iceberg,2.0.0.dev2609250715,ok,cold,query,14,37.5843,1,ok,
36315428286-1,2026-09-27T11:21:28Z,https://github.com/djouallah/lakehouse_benchmark/actions/runs/36315428286,e4ce64b,200,tpch,linux-6.17.0-1022-azure,4,15.6,3.12.14,duckdb_iceberg,2.0.0.dev2609250715,ok,cold,query,15,31.5692,1,ok,
36315428286-1,2026-09-27T11:21:28Z,https://github.com/djouallah/lakehouse_benchmark/actions/runs/36315428286,e4ce64b,200,tpch,linux-6.17.0-1022-azure,4,15.6,3.12.14,duckdb_iceberg,2.0.0.dev2609250715,ok,cold,query,16,7.509,27840,ok,
36315428286-1,2026-09-27T11:21:28Z,https://github.com/djouallah/lakehouse_benchmark/actions/runs/36315428286,e4ce64b,200,tpch,linux-6.17.0-1022-azure,4,15.6,3.12.14,duckdb_iceberg,2.0.0.dev2609250715,ok,cold,query,17,247.2016,1,ok,
36315428286-1,2026-09-27T11:21:28Z,https://github.com/djouallah/lakehouse_benchmark/actions/runs/36315428286,e4ce64b,200,tpch,linux-6.17.0-1022-azure,4,15.6,3.12.14,duckdb_iceberg,2.0.0.dev2609250715,ok,cold,query,18,59.9248,100,ok,
36315428286-1,2026-09-27T11:21:28Z,https://github.com/djouallah/lakehouse_benchmark/actions/runs/36315428286,e4ce64b,200,tpch,linux-6.17.0-1022-azure,4,15.6,3.12.14,duckdb_iceberg,2.0.0.dev2609250715,ok,cold,query,19,42.3056,1,ok,
36315428286-1,2026-09-27T11:21:28Z,https://github.com/djouallah/lakehouse_benchmark/actions/runs/36315428286,e4ce64b,200,tpch,linux-6.17.0-1022-azure,4,15.6,3.12.14,duckdb_iceberg,2.0.0.dev2609250715,ok,cold,query,20,52.1142,35924,ok,
36315428286-1,2026-09-27T11:21:28Z,https://github.com/djouallah/lakehouse_benchmark/actions/runs/36315428286,e4ce64b,200,tpch,linux-6.17.0-1022-azure,4,15.6,3.12.14,duckdb_iceberg,2.0.0.dev2609250715,ok,cold,query,21,241.6253,100,ok,
36315428286-1,2026-09-27T11:21:28Z,https://github.com/djouallah/lakehouse_benchmark/actions/runs/36315428286,e4ce64b,200,tpch,linux-6.17.0-1022-azure,4,15.6,3.12.14,duckdb_iceberg,2.0.0.dev2609250715,ok,cold,query,22,16.7348,7,ok,
36318638699-1,2026-09-27T12:20:49Z,https://github.com/djouallah/lakehouse_benchmark/actions/runs/36318638699,f01ef86,200,tpch,linux-6.17.0-1022-azure,4,15.6,3.12.14,starrocks_iceberg,4.1.4-4a9848e (starrocks/allin1-ubuntu:4.1-latest),ok,cold,setup,0,24.9387,,ok,
36318638699-1,2026-09-27T12:20:49Z,https://github.com/djouallah/lakehouse_benchmark/actions/runs/36318638699,f01ef86,200,tpch,linux-6.17.0-1022-azure,4,15.6,3.12.14,starrocks_iceberg,4.1.4-4a9848e (starrocks/allin1-ubuntu:4.1-latest),ok,cold,query,1,90.141,4,ok,
36318638699-1,2026-09-27T12:20:49Z,https://github.com/djouallah/lakehouse_benchmark/actions/runs/36318638699,f01ef86,200,tpch,linux-6.17.0-1022-azure,4,15.6,3.12.14,starrocks_iceberg,4.1.4-4a9848e (starrocks/allin1-ubuntu:4.1-latest),ok,cold,query,2,265.252,10,ok,
36318638699-1,2026-09-27T12:20:49Z,https://github.com/djouallah/lakehouse_benchmark/actions/runs/36318638699,f01ef86,200,tpch,linux-6.17.0-1022-azure,4,15.6,3.12.14,starrocks_iceberg,4.1.4-4a9848e (starrocks/allin1-ubuntu:4.1-latest),ok,cold,query,3,73.3869,10,ok,
36318638699-1,2026-09-27T12:20:49Z,https://github.com/djouallah/lakehouse_benchmark/actions/runs/36318638699,f01ef86,200,tpch,linux-6.17.0-1022-azure,4,15.6,3.12.14,starrocks_iceberg,4.1.4-4a9848e (starrocks/allin1-ubuntu:4.1-latest),ok,cold,query,4,41.7965,5,ok,
36318638699-1,2026-09-27T12:20:49Z,https://github.com/djouallah/lakehouse_benchmark/actions/runs/36318638699,f01ef86,200,tpch,linux-6.17.0-1022-azure,4,15.6,3.12.14,starrocks_iceberg,4.1.4-4a9848e (starrocks/allin1-ubuntu:4.1-latest),ok,cold,query,5,93.4488,5,ok,
36318638699-1,2026-09-27T12:20:49Z,https://github.com/djouallah/lakehouse_benchmark/actions/runs/36318638699,f01ef86,200,tpch,linux-6.17.0-1022-azure,4,15.6,3.12.14,starrocks_iceberg,4.1.4-4a9848e (starrocks/allin1-ubuntu:4.1-latest),ok,cold,query,6,27.9514,1,ok,
36318638699-1,2026-09-27T12:20:49Z,https://github.com/djouallah/lakehouse_benchmark/actions/runs/36318638699,f01ef86,200,tpch,linux-6.17.0-1022-azure,4,15.6,3.12.14,starrocks_iceberg,4.1.4-4a9848e (starrocks/allin1-ubuntu:4.1-latest),ok,cold,query,7,101.7329,9,ok,
36318638699-1,2026-09-27T12:20:49Z,https://github.com/djouallah/lakehouse_benchmark/actions/runs/36318638699,f01ef86,200,tpch,linux-6.17.0-1022-azure,4,15.6,3.12.14,starrocks_iceberg,4.1.4-4a9848e (starrocks/allin1-ubuntu:4.1-latest),ok,cold,query,8,71.536,2,ok,
36318638699-1,2026-09-27T12:20:49Z,https://github.com/djouallah/lakehouse_benchmark/actions/runs/36318638699,f01ef86,200,tpch,linux-6.17.0-1022-azure,4,15.6,3.12.14,starrocks_iceberg,4.1.4-4a9848e (starrocks/allin1-ubuntu:4.1-latest),ok,cold,query,9,169.3746,175,ok,
36318638699-1,2026-09-27T12:20:49Z,https://github.com/djouallah/lakehouse_benchmark/actions/runs/36318638699,f01ef86,200,tpch,linux-6.17.0-1022-azure,4,15.6,3.12.14,starrocks_iceberg,4.1.4-4a9848e (starrocks/allin1-ubuntu:4.1-latest),ok,cold,query,10,79.9529,20,ok,
36318638699-1,2026-09-27T12:20:49Z,https://github.com/djouallah/lakehouse_benchmark/actions/runs/36318638699,f01ef86,200,tpch,linux-6.17.0-1022-azure,4,15.6,3.12.14,starrocks_iceberg,4.1.4-4a9848e (starrocks/allin1-ubuntu:4.1-latest),ok,cold,query,11,11.8128,186199,ok,
36318638699-1,2026-09-27T12:20:49Z,https://github.com/djouallah/lakehouse_benchmark/actions/runs/36318638699,f01ef86,200,tpch,linux-6.17.0-1022-azure,4,15.6,3.12.14,starrocks_iceberg,4.1.4-4a9848e (starrocks/allin1-ubuntu:4.1-latest),ok,cold,query,12,32.508,2,ok,
36318638699-1,2026-09-27T12:20:49Z,https://github.com/djouallah/lakehouse_benchmark/actions/runs/36318638699,f01ef86,200,tpch,linux-6.17.0-1022-azure,4,15.6,3.12.14,starrocks_iceberg,4.1.4-4a9848e (starrocks/allin1-ubuntu:4.1-latest),ok,cold,query,13,43.4819,46,ok,
36318638699-1,2026-09-27T12:20:49Z,https://github.com/djouallah/lakehouse_benchmark/actions/runs/36318638699,f01ef86,200,tpch,linux-6.17.0-1022-azure,4,15.6,3.12.14,starrocks_iceberg,4.1.4-4a9848e (starrocks/allin1-ubuntu:4.1-latest),ok,cold,query,14,36.3102,1,ok,
36318638699-1,2026-09-27T12:20:49Z,https://github.com/djouallah/lakehouse_benchmark/actions/runs/36318638699,f01ef86,200,tpch,linux-6.17.0-1022-azure,4,15.6,3.12.14,starrocks_iceberg,4.1.4-4a9848e (starrocks/allin1-ubuntu:4.1-latest),ok,cold,query,15,51.5665,1,ok,
36318638699-1,2026-09-27T12:20:49Z,https://github.com/djouallah/lakehouse_benchmark/actions/runs/36318638699,f01ef86,200,tpch,linux-6.17.0-1022-azure,4,15.6,3.12.14,starrocks_iceberg,4.1.4-4a9848e (starrocks/allin1-ubuntu:4.1-latest),ok,cold,query,16,17.8065,27840,ok,
36318638699-1,2026-09-27T12:20:49Z,https://github.com/djouallah/lakehouse_benchmark/actions/runs/36318638699,f01ef86,200,tpch,linux-6.17.0-1022-azure,4,15.6,3.12.14,starrocks_iceberg,4.1.4-4a9848e (starrocks/allin1-ubuntu:4.1-latest),ok,cold,query,17,271.7561,1,ok,
36318638699-1,2026-09-27T12:20:49Z,https://github.com/djouallah/lakehouse_benchmark/actions/runs/36318638699,f01ef86,200,tpch,linux-6.17.0-1022-azure,4,15.6,3.12.14,starrocks_iceberg,4.1.4-4a9848e (starrocks/allin1-ubuntu:4.1-latest),ok,cold,query,18,272.9755,100,ok,
36318638699-1,2026-09-27T12:20:49Z,https://github.com/djouallah/lakehouse_benchmark/actions/runs/36318638699,f01ef86,200,tpch,linux-6.17.0-1022-azure,4,15.6,3.12.14,starrocks_iceberg,4.1.4-4a9848e (starrocks/allin1-ubuntu:4.1-latest),ok,cold,query,19,35.7546,1,ok,
36318638699-1,2026-09-27T12:20:49Z,https://github.com/djouallah/lakehouse_benchmark/actions/runs/36318638699,f01ef86,200,tpch,linux-6.17.0-1022-azure,4,15.6,3.12.14,starrocks_iceberg,4.1.4-4a9848e (starrocks/allin1-ubuntu:4.1-latest),ok,cold,query,20,41.4821,35924,ok,
36318638699-1,2026-09-27T12:20:49Z,https://github.com/djouallah/lakehouse_benchmark/actions/runs/36318638699,f01ef86,200,tpch,linux-6.17.0-1022-azure,4,15.6,3.12.14,starrocks_iceberg,4.1.4-4a9848e (starrocks/allin1-ubuntu:4.1-latest),ok,cold,query,21,221.5375,100,ok,
36318638699-1,2026-09-27T12:20:49Z,https://github.com/djouallah/lakehouse_benchmark/actions/runs/36318638699,f01ef86,200,tpch,linux-6.17.0-1022-azure,4,15.6,3.12.14,starrocks_iceberg,4.1.4-4a9848e (starrocks/allin1-ubuntu:4.1-latest),ok,cold,query,22,14.5191,7,ok,
36322413606-1,2026-09-27T13:27:42Z,https://github.com/djouallah/lakehouse_benchmark/actions/runs/36322413606,91f0757,300,tpch,linux-6.17.0-1022-azure,4,15.6,3.12.14,starrocks_iceberg,4.1.4-4a9848e (starrocks/allin1-ubuntu:4.1-latest),ok,cold,setup,0,25.2244,,ok,
36322413606-1,2026-09-27T13:27:42Z,https://github.com/djouallah/lakehouse_benchmark/actions/runs/36322413606,91f0757,300,tpch,linux-6.17.0-1022-azure,4,15.6,3.12.14,starrocks_iceberg,4.1.4-4a9848e (starrocks/allin1-ubuntu:4.1-latest),ok,cold,query,1,167.7672,4,ok,
36322413606-1,2026-09-27T13:27:42Z,https://github.com/djouallah/lakehouse_benchmark/actions/runs/36322413606,91f0757,300,tpch,linux-6.17.0-1022-azure,4,15.6,3.12.14,starrocks_iceberg,4.1.4-4a9848e (starrocks/allin1-ubuntu:4.1-latest),ok,cold,query,2,771.3825,10,ok,
36322413606-1,2026-09-27T13:27:42Z,https://github.com/djouallah/lakehouse_benchmark/actions/runs/36322413606,91f0757,300,tpch,linux-6.17.0-1022-azure,4,15.6,3.12.14,starrocks_iceberg,4.1.4-4a9848e (starrocks/allin1-ubuntu:4.1-latest),ok,cold,query,3,111.1682,10,ok,
36322413606-1,2026-09-27T13:27:42Z,https://github.com/djouallah/lakehouse_benchmark/actions/runs/36322413606,91f0757,300,tpch,linux-6.17.0-1022-azure,4,15.6,3.12.14,starrocks_iceberg,4.1.4-4a9848e (starrocks/allin1-ubuntu:4.1-latest),ok,cold,query,4,67.7416,5,ok,
36322413606-1,2026-09-27T13:27:42Z,https://github.com/djouallah/lakehouse_benchmark/actions/runs/36322413606,91f0757,300,tpch,linux-6.17.0-1022-azure,4,15.6,3.12.14,starrocks_iceberg,4.1.4-4a9848e (starrocks/allin1-ubuntu:4.1-latest),ok,cold,query,5,159.4895,5,ok,
36322413606-1,2026-09-27T13:27:42Z,https://github.com/djouallah/lakehouse_benchmark/actions/runs/36322413606,91f0757,300,tpch,linux-6.17.0-1022-azure,4,15.6,3.12.14,starrocks_iceberg,4.1.4-4a9848e (starrocks/allin1-ubuntu:4.1-latest),ok,cold,query,6,42.98,1,ok,
36322413606-1,2026-09-27T13:27:42Z,https://github.com/djouallah/lakehouse_benchmark/actions/runs/36322413606,91f0757,300,tpch,linux-6.17.0-1022-azure,4,15.6,3.12.14,starrocks_iceberg,4.1.4-4a9848e (starrocks/allin1-ubuntu:4.1-latest),ok,cold,query,7,191.4067,9,ok,
36322413606-1,2026-09-27T13:27:42Z,https://github.com/djouallah/lakehouse_benchmark/actions/runs/36322413606,91f0757,300,tpch,linux-6.17.0-1022-azure,4,15.6,3.12.14,starrocks_iceberg,4.1.4-4a9848e (starrocks/allin1-ubuntu:4.1-latest),ok,cold,query,8,119.4535,2,ok,
36322413606-1,2026-09-27T13:27:42Z,https://github.com/djouallah/lakehouse_benchmark/actions/runs/36322413606,91f0757,300,tpch,linux-6.17.0-1022-azure,4,15.6,3.12.14,starrocks_iceberg,4.1.4-4a9848e (starrocks/allin1-ubuntu:4.1-latest),ok,cold,query,9,229.336,175,ok,
36322413606-1,2026-09-27T13:27:42Z,https://github.com/djouallah/lakehouse_benchmark/actions/runs/36322413606,91f0757,300,tpch,linux-6.17.0-1022-azure,4,15.6,3.12.14,starrocks_iceberg,4.1.4-4a9848e (starrocks/allin1-ubuntu:4.1-latest),ok,cold,query,10,130.5761,20,ok,
36322413606-1,2026-09-27T13:27:42Z,https://github.com/djouallah/lakehouse_benchmark/actions/runs/36322413606,91f0757,300,tpch,linux-6.17.0-1022-azure,4,15.6,3.12.14,starrocks_iceberg,4.1.4-4a9848e (starrocks/allin1-ubuntu:4.1-latest),ok,cold,query,11,19.8974,280725,ok,
36322413606-1,2026-09-27T13:27:42Z,https://github.com/djouallah/lakehouse_benchmark/actions/runs/36322413606,91f0757,300,tpch,linux-6.17.0-1022-azure,4,15.6,3.12.14,starrocks_iceberg,4.1.4-4a9848e (starrocks/allin1-ubuntu:4.1-latest),ok,cold,query,12,61.1817,2,ok,
36322413606-1,2026-09-27T13:27:42Z,https://github.com/djouallah/lakehouse_benchmark/actions/runs/36322413606,91f0757,300,tpch,linux-6.17.0-1022-azure,4,15.6,3.12.14,starrocks_iceberg,4.1.4-4a9848e (starrocks/allin1-ubuntu:4.1-latest),ok,cold,query,13,130.8809,44,ok,
36322413606-1,2026-09-27T13:27:42Z,https://github.com/djouallah/lakehouse_benchmark/actions/runs/36322413606,91f0757,300,tpch,linux-6.17.0-1022-azure,4,15.6,3.12.14,starrocks_iceberg,4.1.4-4a9848e (starrocks/allin1-ubuntu:4.1-latest),ok,cold,query,14,61.1192,1,ok,
36322413606-1,2026-09-27T13:27:42Z,https://github.com/djouallah/lakehouse_benchmark/actions/runs/36322413606,91f0757,300,tpch,linux-6.17.0-1022-azure,4,15.6,3.12.14,starrocks_iceberg,4.1.4-4a9848e (starrocks/allin1-ubuntu:4.1-latest),ok,cold,query,15,58.5882,1,ok,
36322413606-1,2026-09-27T13:27:42Z,https://github.com/djouallah/lakehouse_benchmark/actions/runs/36322413606,91f0757,300,tpch,linux-6.17.0-1022-azure,4,15.6,3.12.14,starrocks_iceberg,4.1.4-4a9848e (starrocks/allin1-ubuntu:4.1-latest),ok,cold,query,16,14.2391,27840,ok,
36322413606-1,2026-09-27T13:27:42Z,https://github.com/djouallah/lakehouse_benchmark/actions/runs/36322413606,91f0757,300,tpch,linux-6.17.0-1022-azure,4,15.6,3.12.14,starrocks_iceberg,4.1.4-4a9848e (starrocks/allin1-ubuntu:4.1-latest),ok,cold,query,17,626.5057,1,ok,
36322413606-1,2026-09-27T13:27:42Z,https://github.com/djouallah/lakehouse_benchmark/actions/runs/36322413606,91f0757,300,tpch,linux-6.17.0-1022-azure,4,15.6,3.12.14,starrocks_iceberg,4.1.4-4a9848e (starrocks/allin1-ubuntu:4.1-latest),ok,cold,query,18,442.2965,100,ok,
36322413606-1,2026-09-27T13:27:42Z,https://github.com/djouallah/lakehouse_benchmark/actions/runs/36322413606,91f0757,300,tpch,linux-6.17.0-1022-azure,4,15.6,3.12.14,starrocks_iceberg,4.1.4-4a9848e (starrocks/allin1-ubuntu:4.1-latest),ok,cold,query,19,67.7121,1,ok,
36322413606-1,2026-09-27T13:27:42Z,https://github.com/djouallah/lakehouse_benchmark/actions/runs/36322413606,91f0757,300,tpch,linux-6.17.0-1022-azure,4,15.6,3.12.14,starrocks_iceberg,4.1.4-4a9848e (starrocks/allin1-ubuntu:4.1-latest),ok,cold,query,20,82.1104,52347,ok,
36322413606-1,2026-09-27T13:27:42Z,https://github.com/djouallah/lakehouse_benchmark/actions/runs/36322413606,91f0757,300,tpch,linux-6.17.0-1022-azure,4,15.6,3.12.14,starrocks_iceberg,4.1.4-4a9848e (starrocks/allin1-ubuntu:4.1-latest),ok,cold,query,21,361.4639,100,ok,
36322413606-1,2026-09-27T13:27:42Z,https://github.com/djouallah/lakehouse_benchmark/actions/runs/36322413606,91f0757,300,tpch,linux-6.17.0-1022-azure,4,15.6,3.12.14,starrocks_iceberg,4.1.4-4a9848e (starrocks/allin1-ubuntu:4.1-latest),ok,cold,query,22,25.5317,7,ok,
36373722688-1,2026-09-28T03:26:59Z,https://github.com/djouallah/lakehouse_benchmark/actions/runs/36373722688,fd82002,10,tpch,linux-6.17.0-1022-azure,4,15.6,3.12.14,trino_iceberg,483 (trinodb/trino:483),ok,cold,setup,0,11.5623,,ok,
36373722688-1,2026-09-28T03:26:59Z,https://github.com/djouallah/lakehouse_benchmark/actions/runs/36373722688,fd82002,10,tpch,linux-6.17.0-1022-azure,4,15.6,3.12.14,trino_iceberg,483 (trinodb/trino:483),ok,cold,query,1,12.1828,4,ok,
36373722688-1,2026-09-28T03:26:59Z,https://github.com/djouallah/lakehouse_benchmark/actions/runs/36373722688,fd82002,10,tpch,linux-6.17.0-1022-azure,4,15.6,3.12.14,trino_iceberg,483 (trinodb/trino:483),ok,cold,query,2,5.3342,10,ok,
36373722688-1,2026-09-28T03:26:59Z,https://github.com/djouallah/lakehouse_benchmark/actions/runs/36373722688,fd82002,10,tpch,linux-6.17.0-1022-azure,4,15.6,3.12.14,trino_iceberg,483 (trinodb/trino:483),ok,cold,query,3,28.2195,10,ok,
36373722688-1,2026-09-28T03:26:59Z,https://github.com/djouallah/lakehouse_benchmark/actions/runs/36373722688,fd82002,10,tpch,linux-6.17.0-1022-azure,4,15.6,3.12.14,trino_iceberg,483 (trinodb/trino:483),ok,cold,query,4,4.0933,5,ok,
36373722688-1,2026-09-28T03:26:59Z,https://github.com/djouallah/lakehouse_benchmark/actions/runs/36373722688,fd82002,10,tpch,linux-6.17.0-1022-azure,4,15.6,3.12.14,trino_iceberg,483 (trinodb/trino:483),ok,cold,query,5,4.9342,5,ok,
36373722688-1,2026-09-28T03:26:59Z,https://github.com/djouallah/lakehouse_benchmark/actions/runs/36373722688,fd82002,10,tpch,linux-6.17.0-1022-azure,4,15.6,3.12.14,trino_iceberg,483 (trinodb/trino:483),ok,cold,query,6,1.6022,1,ok,
36373722688-1,2026-09-28T03:26:59Z,https://github.com/djouallah/lakehouse_benchmark/actions/runs/36373722688,fd82002,10,tpch,linux-6.17.0-1022-azure,4,15.6,3.12.14,trino_iceberg,483 (trinodb/trino:483),ok,cold,query,7,16.5344,9,ok,
36373722688-1,2026-09-28T03:26:59Z,https://github.com/djouallah/lakehouse_benchmark/actions/runs/36373722688,fd82002,10,tpch,linux-6.17.0-1022-azure,4,15.6,3.12.14,trino_iceberg,483 (trinodb/trino:483),ok,cold,query,8,4.6803,2,ok,
36373722688-1,2026-09-28T03:26:59Z,https://github.com/djouallah/lakehouse_benchmark/actions/runs/36373722688,fd82002,10,tpch,linux-6.17.0-1022-azure,4,15.6,3.12.14,trino_iceberg,483 (trinodb/trino:483),ok,cold,query,9,7.3591,175,ok,
36373722688-1,2026-09-28T03:26:59Z,https://github.com/djouallah/lakehouse_benchmark/actions/runs/36373722688,fd82002,10,tpch,linux-6.17.0-1022-azure,4,15.6,3.12.14,trino_iceberg,483 (trinodb/trino:483),ok,cold,query,10,4.5171,20,ok,
36373722688-1,2026-09-28T03:26:59Z,https://github.com/djouallah/lakehouse_benchmark/actions/runs/36373722688,fd82002,10,tpch,linux-6.17.0-1022-azure,4,15.6,3.12.14,trino_iceberg,483 (trinodb/trino:483),ok,cold,query,11,1.1689,8685,ok,
36373722688-1,2026-09-28T03:26:59Z,https://github.com/djouallah/lakehouse_benchmark/actions/runs/36373722688,fd82002,10,tpch,linux-6.17.0-1022-azure,4,15.6,3.12.14,trino_iceberg,483 (trinodb/trino:483),ok,cold,query,12,1.9934,2,ok,
36373722688-1,2026-09-28T03:26:59Z,https://github.com/djouallah/lakehouse_benchmark/actions/runs/36373722688,fd82002,10,tpch,linux-6.17.0-1022-azure,4,15.6,3.12.14,trino_iceberg,483 (trinodb/trino:483),ok,cold,query,13,5.0927,46,ok,
36373722688-1,2026-09-28T03:26:59Z,https://github.com/djouallah/lakehouse_benchmark/actions/runs/36373722688,fd82002,10,tpch,linux-6.17.0-1022-azure,4,15.6,3.12.14,trino_iceberg,483 (trinodb/trino:483),ok,cold,query,14,1.6305,1,ok,
36373722688-1,2026-09-28T03:26:59Z,https://github.com/djouallah/lakehouse_benchmark/actions/runs/36373722688,fd82002,10,tpch,linux-6.17.0-1022-azure,4,15.6,3.12.14,trino_iceberg,483 (trinodb/trino:483),ok,cold,query,15,2.5551,1,ok,
36373722688-1,2026-09-28T03:26:59Z,https://github.com/djouallah/lakehouse_benchmark/actions/runs/36373722688,fd82002,10,tpch,linux-6.17.0-1022-azure,4,15.6,3.12.14,trino_iceberg,483 (trinodb/trino:483),ok,cold,query,16,2.8513,27840,ok,
36373722688-1,2026-09-28T03:26:59Z,https://github.com/djouallah/lakehouse_benchmark/actions/runs/36373722688,fd82002,10,tpch,linux-6.17.0-1022-azure,4,15.6,3.12.14,trino_iceberg,483 (trinodb/trino:483),ok,cold,query,17,8.4205,1,ok,
36373722688-1,2026-09-28T03:26:59Z,https://github.com/djouallah/lakehouse_benchmark/actions/runs/36373722688,fd82002,10,tpch,linux-6.17.0-1022-azure,4,15.6,3.12.14,trino_iceberg,483 (trinodb/trino:483),ok,cold,query,18,9.3271,100,ok,
36373722688-1,2026-09-28T03:26:59Z,https://github.com/djouallah/lakehouse_benchmark/actions/runs/36373722688,fd82002,10,tpch,linux-6.17.0-1022-azure,4,15.6,3.12.14,trino_iceberg,483 (trinodb/trino:483),ok,cold,query,19,2.4128,1,ok,
36373722688-1,2026-09-28T03:26:59Z,https://github.com/djouallah/lakehouse_benchmark/actions/runs/36373722688,fd82002,10,tpch,linux-6.17.0-1022-azure,4,15.6,3.12.14,trino_iceberg,483 (trinodb/trino:483),ok,cold,query,20,2.3918,1804,ok,
36373722688-1,2026-09-28T03:26:59Z,https://github.com/djouallah/lakehouse_benchmark/actions/runs/36373722688,fd82002,10,tpch,linux-6.17.0-1022-azure,4,15.6,3.12.14,trino_iceberg,483 (trinodb/trino:483),ok,cold,query,21,14.1759,100,ok,
36373722688-1,2026-09-28T03:26:59Z,https://github.com/djouallah/lakehouse_benchmark/actions/runs/36373722688,fd82002,10,tpch,linux-6.17.0-1022-azure,4,15.6,3.12.14,trino_iceberg,483 (trinodb/trino:483),ok,cold,query,22,1.7618,7,ok,
36374585642-1,2026-09-28T03:55:13Z,https://github.com/djouallah/lakehouse_benchmark/actions/runs/36374585642,5cf1a54,100,tpch,linux-6.17.0-1022-azure,4,15.6,3.12.14,trino_iceberg,483 (trinodb/trino:483),ok,cold,setup,0,12.1588,,ok,
36374585642-1,2026-09-28T03:55:13Z,https://github.com/djouallah/lakehouse_benchmark/actions/runs/36374585642,5cf1a54,100,tpch,linux-6.17.0-1022-azure,4,15.6,3.12.14,trino_iceberg,483 (trinodb/trino:483),ok,cold,query,1,55.4407,4,ok,
36374585642-1,2026-09-28T03:55:13Z,https://github.com/djouallah/lakehouse_benchmark/actions/runs/36374585642,5cf1a54,100,tpch,linux-6.17.0-1022-azure,4,15.6,3.12.14,trino_iceberg,483 (trinodb/trino:483),ok,cold,query,2,26.9298,10,ok,
36374585642-1,2026-09-28T03:55:13Z,https://github.com/djouallah/lakehouse_benchmark/actions/runs/36374585642,5cf1a54,100,tpch,linux-6.17.0-1022-azure,4,15.6,3.12.14,trino_iceberg,483 (trinodb/trino:483),ok,cold,query,3,76.7575,10,ok,
36374585642-1,2026-09-28T03:55:13Z,https://github.com/djouallah/lakehouse_benchmark/actions/runs/36374585642,5cf1a54,100,tpch,linux-6.17.0-1022-azure,4,15.6,3.12.14,trino_iceberg,483 (trinodb/trino:483),ok,cold,query,4,35.3039,5,ok,
36374585642-1,2026-09-28T03:55:13Z,https://github.com/djouallah/lakehouse_benchmark/actions/runs/36374585642,5cf1a54,100,tpch,linux-6.17.0-1022-azure,4,15.6,3.12.14,trino_iceberg,483 (trinodb/trino:483),ok,cold,query,5,67.2366,5,ok,
36374585642-1,2026-09-28T03:55:13Z,https://github.com/djouallah/lakehouse_benchmark/actions/runs/36374585642,5cf1a54,100,tpch,linux-6.17.0-1022-azure,4,15.6,3.12.14,trino_iceberg,483 (trinodb/trino:483),ok,cold,query,6,26.5169,1,ok,
36374585642-1,2026-09-28T03:55:13Z,https://github.com/djouallah/lakehouse_benchmark/actions/runs/36374585642,5cf1a54,100,tpch,linux-6.17.0-1022-azure,4,15.6,3.12.14,trino_iceberg,483 (trinodb/trino:483),ok,cold,query,7,234.3846,9,ok,
36374585642-1,2026-09-28T03:55:13Z,https://github.com/djouallah/lakehouse_benchmark/actions/runs/36374585642,5cf1a54,100,tpch,linux-6.17.0-1022-azure,4,15.6,3.12.14,trino_iceberg,483 (trinodb/trino:483),ok,cold,query,8,90.0034,2,ok,
36374585642-1,2026-09-28T03:55:13Z,https://github.com/djouallah/lakehouse_benchmark/actions/runs/36374585642,5cf1a54,100,tpch,linux-6.17.0-1022-azure,4,15.6,3.12.14,trino_iceberg,483 (trinodb/trino:483),ok,cold,query,9,113.2641,175,ok,
36374585642-1,2026-09-28T03:55:13Z,https://github.com/djouallah/lakehouse_benchmark/actions/runs/36374585642,5cf1a54,100,tpch,linux-6.17.0-1022-azure,4,15.6,3.12.14,trino_iceberg,483 (trinodb/trino:483),ok,cold,query,10,37.6302,20,ok,
36374585642-1,2026-09-28T03:55:13Z,https://github.com/djouallah/lakehouse_benchmark/actions/runs/36374585642,5cf1a54,100,tpch,linux-6.17.0-1022-azure,4,15.6,3.12.14,trino_iceberg,483 (trinodb/trino:483),ok,cold,query,11,24.971,92698,ok,
36374585642-1,2026-09-28T03:55:13Z,https://github.com/djouallah/lakehouse_benchmark/actions/runs/36374585642,5cf1a54,100,tpch,linux-6.17.0-1022-azure,4,15.6,3.12.14,trino_iceberg,483 (trinodb/trino:483),ok,cold,query,12,26.0413,2,ok,
36374585642-1,2026-09-28T03:55:13Z,https://github.com/djouallah/lakehouse_benchmark/actions/runs/36374585642,5cf1a54,100,tpch,linux-6.17.0-1022-azure,4,15.6,3.12.14,trino_iceberg,483 (trinodb/trino:483),ok,cold,query,13,48.7588,45,ok,
36374585642-1,2026-09-28T03:55:13Z,https://github.com/djouallah/lakehouse_benchmark/actions/runs/36374585642,5cf1a54,100,tpch,linux-6.17.0-1022-azure,4,15.6,3.12.14,trino_iceberg,483 (trinodb/trino:483),ok,cold,query,14,16.8438,1,ok,
36374585642-1,2026-09-28T03:55:13Z,https://github.com/djouallah/lakehouse_benchmark/actions/runs/36374585642,5cf1a54,100,tpch,linux-6.17.0-1022-azure,4,15.6,3.12.14,trino_iceberg,483 (trinodb/trino:483),ok,cold,query,15,14.7799,1,ok,
36374585642-1,2026-09-28T03:55:13Z,https://github.com/djouallah/lakehouse_benchmark/actions/runs/36374585642,5cf1a54,100,tpch,linux-6.17.0-1022-azure,4,15.6,3.12.14,trino_iceberg,483 (trinodb/trino:483),ok,cold,query,16,10.8694,27840,ok,
36374585642-1,2026-09-28T03:55:13Z,https://github.com/djouallah/lakehouse_benchmark/actions/runs/36374585642,5cf1a54,100,tpch,linux-6.17.0-1022-azure,4,15.6,3.12.14,trino_iceberg,483 (trinodb/trino:483),ok,cold,query,17,81.2711,1,ok,
36374585642-1,2026-09-28T03:55:13Z,https://github.com/djouallah/lakehouse_benchmark/actions/runs/36374585642,5cf1a54,100,tpch,linux-6.17.0-1022-azure,4,15.6,3.12.14,trino_iceberg,483 (trinodb/trino:483),ok,cold,query,18,,,error,"TrinoQueryError: TrinoQueryError(type=INSUFFICIENT_RESOURCES, name=EXCEEDED_LOCAL_MEMORY_LIMIT, message=""Query exceeded per-node memory limit of 9GB [Allocated: 6.76GB, Delta: 3.40GB, Top Consumers: {HashBuilderOperator=6.76GB, MergeSortedPages=2.94MB, MergingHashAggregationBuilder=1.69MB}]"", query_id=20260928_041458_00022_chgtk)"
36374585642-1,2026-09-28T03:55:13Z,https://github.com/djouallah/lakehouse_benchmark/actions/runs/36374585642,5cf1a54,100,tpch,linux-6.17.0-1022-azure,4,15.6,3.12.14,trino_iceberg,483 (trinodb/trino:483),ok,cold,query,19,26.915,1,ok,
36374585642-1,2026-09-28T03:55:13Z,https://github.com/djouallah/lakehouse_benchmark/actions/runs/36374585642,5cf1a54,100,tpch,linux-6.17.0-1022-azure,4,15.6,3.12.14,trino_iceberg,483 (trinodb/trino:483),ok,cold,query,20,59.7037,17971,ok,
36374585642-1,2026-09-28T03:55:13Z,https://github.com/djouallah/lakehouse_benchmark/actions/runs/36374585642,5cf1a54,100,tpch,linux-6.17.0-1022-azure,4,15.6,3.12.14,trino_iceberg,483 (trinodb/trino:483),ok,cold,query,21,185.7129,100,ok,
36374585642-1,2026-09-28T03:55:13Z,https://github.com/djouallah/lakehouse_benchmark/actions/runs/36374585642,5cf1a54,100,tpch,linux-6.17.0-1022-azure,4,15.6,3.12.14,trino_iceberg,483 (trinodb/trino:483),ok,cold,query,22,23.2642,7,ok,
36424996367-1,2026-09-28T12:56:14Z,https://github.com/djouallah/lakehouse_benchmark/actions/runs/36424996367,b07f9c4,30,tpch,linux-6.17.0-1022-azure,4,15.6,3.12.14,trino_iceberg,483 (trinodb/trino:483),ok,cold,setup,0,12.8182,,ok,
36424996367-1,2026-09-28T12:56:14Z,https://github.com/djouallah/lakehouse_benchmark/actions/runs/36424996367,b07f9c4,30,tpch,linux-6.17.0-1022-azure,4,15.6,3.12.14,trino_iceberg,483 (trinodb/trino:483),ok,cold,query,1,22.8281,4,ok,
36424996367-1,2026-09-28T12:56:14Z,https://github.com/djouallah/lakehouse_benchmark/actions/runs/36424996367,b07f9c4,30,tpch,linux-6.17.0-1022-azure,4,15.6,3.12.14,trino_iceberg,483 (trinodb/trino:483),ok,cold,query,2,11.1475,10,ok,
36424996367-1,2026-09-28T12:56:14Z,https://github.com/djouallah/lakehouse_benchmark/actions/runs/36424996367,b07f9c4,30,tpch,linux-6.17.0-1022-azure,4,15.6,3.12.14,trino_iceberg,483 (trinodb/trino:483),ok,cold,query,3,18.5912,10,ok,
36424996367-1,2026-09-28T12:56:14Z,https://github.com/djouallah/lakehouse_benchmark/actions/runs/36424996367,b07f9c4,30,tpch,linux-6.17.0-1022-azure,4,15.6,3.12.14,trino_iceberg,483 (trinodb/trino:483),ok,cold,query,4,10.5961,5,ok,
36424996367-1,2026-09-28T12:56:14Z,https://github.com/djouallah/lakehouse_benchmark/actions/runs/36424996367,b07f9c4,30,tpch,linux-6.17.0-1022-azure,4,15.6,3.12.14,trino_iceberg,483 (trinodb/trino:483),ok,cold,query,5,12.2175,5,ok,
36424996367-1,2026-09-28T12:56:14Z,https://github.com/djouallah/lakehouse_benchmark/actions/runs/36424996367,b07f9c4,30,tpch,linux-6.17.0-1022-azure,4,15.6,3.12.14,trino_iceberg,483 (trinodb/trino:483),ok,cold,query,6,2.9509,1,ok,
36424996367-1,2026-09-28T12:56:14Z,https://github.com/djouallah/lakehouse_benchmark/actions/runs/36424996367,b07f9c4,30,tpch,linux-6.17.0-1022-azure,4,15.6,3.12.14,trino_iceberg,483 (trinodb/trino:483),ok,cold,query,7,57.1206,9,ok,
36424996367-1,2026-09-28T12:56:14Z,https://github.com/djouallah/lakehouse_benchmark/actions/runs/36424996367,b07f9c4,30,tpch,linux-6.17.0-1022-azure,4,15.6,3.12.14,trino_iceberg,483 (trinodb/trino:483),ok,cold,query,8,10.8308,2,ok,
36424996367-1,2026-09-28T12:56:14Z,https://github.com/djouallah/lakehouse_benchmark/actions/runs/36424996367,b07f9c4,30,tpch,linux-6.17.0-1022-azure,4,15.6,3.12.14,trino_iceberg,483 (trinodb/trino:483),ok,cold,query,9,31.86,175,ok,
36424996367-1,2026-09-28T12:56:14Z,https://github.com/djouallah/lakehouse_benchmark/actions/runs/36424996367,b07f9c4,30,tpch,linux-6.17.0-1022-azure,4,15.6,3.12.14,trino_iceberg,483 (trinodb/trino:483),ok,cold,query,10,32.9021,20,ok,
36424996367-1,2026-09-28T12:56:14Z,https://github.com/djouallah/lakehouse_benchmark/actions/runs/36424996367,b07f9c4,30,tpch,linux-6.17.0-1022-azure,4,15.6,3.12.14,trino_iceberg,483 (trinodb/trino:483),ok,cold,query,11,2.5961,26957,ok,
36424996367-1,2026-09-28T12:56:14Z,https://github.com/djouallah/lakehouse_benchmark/actions/runs/36424996367,b07f9c4,30,tpch,linux-6.17.0-1022-azure,4,15.6,3.12.14,trino_iceberg,483 (trinodb/trino:483),ok,cold,query,12,5.4133,2,ok,
36424996367-1,2026-09-28T12:56:14Z,https://github.com/djouallah/lakehouse_benchmark/actions/runs/36424996367,b07f9c4,30,tpch,linux-6.17.0-1022-azure,4,15.6,3.12.14,trino_iceberg,483 (trinodb/trino:483),ok,cold,query,13,15.4274,45,ok,
36424996367-1,2026-09-28T12:56:14Z,https://github.com/djouallah/lakehouse_benchmark/actions/runs/36424996367,b07f9c4,30,tpch,linux-6.17.0-1022-azure,4,15.6,3.12.14,trino_iceberg,483 (trinodb/trino:483),ok,cold,query,14,4.2705,1,ok,
36424996367-1,2026-09-28T12:56:14Z,https://github.com/djouallah/lakehouse_benchmark/actions/runs/36424996367,b07f9c4,30,tpch,linux-6.17.0-1022-azure,4,15.6,3.12.14,trino_iceberg,483 (trinodb/trino:483),ok,cold,query,15,7.1122,1,ok,
36424996367-1,2026-09-28T12:56:14Z,https://github.com/djouallah/lakehouse_benchmark/actions/runs/36424996367,b07f9c4,30,tpch,linux-6.17.0-1022-azure,4,15.6,3.12.14,trino_iceberg,483 (trinodb/trino:483),ok,cold,query,16,4.1285,27840,ok,
36424996367-1,2026-09-28T12:56:14Z,https://github.com/djouallah/lakehouse_benchmark/actions/runs/36424996367,b07f9c4,30,tpch,linux-6.17.0-1022-azure,4,15.6,3.12.14,trino_iceberg,483 (trinodb/trino:483),ok,cold,query,17,21.1249,1,ok,
36424996367-1,2026-09-28T12:56:14Z,https://github.com/djouallah/lakehouse_benchmark/actions/runs/36424996367,b07f9c4,30,tpch,linux-6.17.0-1022-azure,4,15.6,3.12.14,trino_iceberg,483 (trinodb/trino:483),ok,cold,query,18,20.6919,100,ok,
36424996367-1,2026-09-28T12:56:14Z,https://github.com/djouallah/lakehouse_benchmark/actions/runs/36424996367,b07f9c4,30,tpch,linux-6.17.0-1022-azure,4,15.6,3.12.14,trino_iceberg,483 (trinodb/trino:483),ok,cold,query,19,6.3472,1,ok,
36424996367-1,2026-09-28T12:56:14Z,https://github.com/djouallah/lakehouse_benchmark/actions/runs/36424996367,b07f9c4,30,tpch,linux-6.17.0-1022-azure,4,15.6,3.12.14,trino_iceberg,483 (trinodb/trino:483),ok,cold,query,20,18.6304,5404,ok,
36424996367-1,2026-09-28T12:56:14Z,https://github.com/djouallah/lakehouse_benchmark/actions/runs/36424996367,b07f9c4,30,tpch,linux-6.17.0-1022-azure,4,15.6,3.12.14,trino_iceberg,483 (trinodb/trino:483),ok,cold,query,21,44.2588,100,ok,
36424996367-1,2026-09-28T12:56:14Z,https://github.com/djouallah/lakehouse_benchmark/actions/runs/36424996367,b07f9c4,30,tpch,linux-6.17.0-1022-azure,4,15.6,3.12.14,trino_iceberg,483 (trinodb/trino:483),ok,cold,query,22,6.5675,7,ok,
36425006608-1,2026-09-28T13:09:30Z,https://github.com/djouallah/lakehouse_benchmark/actions/runs/36425006608,b07f9c4,60,tpch,linux-6.17.0-1022-azure,4,15.6,3.12.14,trino_iceberg,483 (trinodb/trino:483),ok,cold,setup,0,11.3667,,ok,
36425006608-1,2026-09-28T13:09:30Z,https://github.com/djouallah/lakehouse_benchmark/actions/runs/36425006608,b07f9c4,60,tpch,linux-6.17.0-1022-azure,4,15.6,3.12.14,trino_iceberg,483 (trinodb/trino:483),ok,cold,query,1,25.4685,4,ok,
36425006608-1,2026-09-28T13:09:30Z,https://github.com/djouallah/lakehouse_benchmark/actions/runs/36425006608,b07f9c4,60,tpch,linux-6.17.0-1022-azure,4,15.6,3.12.14,trino_iceberg,483 (trinodb/trino:483),ok,cold,query,2,17.2457,10,ok,
36425006608-1,2026-09-28T13:09:30Z,https://github.com/djouallah/lakehouse_benchmark/actions/runs/36425006608,b07f9c4,60,tpch,linux-6.17.0-1022-azure,4,15.6,3.12.14,trino_iceberg,483 (trinodb/trino:483),ok,cold,query,3,41.1454,10,ok,
36425006608-1,2026-09-28T13:09:30Z,https://github.com/djouallah/lakehouse_benchmark/actions/runs/36425006608,b07f9c4,60,tpch,linux-6.17.0-1022-azure,4,15.6,3.12.14,trino_iceberg,483 (trinodb/trino:483),ok,cold,query,4,20.4623,5,ok,
36425006608-1,2026-09-28T13:09:30Z,https://github.com/djouallah/lakehouse_benchmark/actions/runs/36425006608,b07f9c4,60,tpch,linux-6.17.0-1022-azure,4,15.6,3.12.14,trino_iceberg,483 (trinodb/trino:483),ok,cold,query,5,39.3856,5,ok,
36425006608-1,2026-09-28T13:09:30Z,https://github.com/djouallah/lakehouse_benchmark/actions/runs/36425006608,b07f9c4,60,tpch,linux-6.17.0-1022-azure,4,15.6,3.12.14,trino_iceberg,483 (trinodb/trino:483),ok,cold,query,6,26.7524,1,ok,
36425006608-1,2026-09-28T13:09:30Z,https://github.com/djouallah/lakehouse_benchmark/actions/runs/36425006608,b07f9c4,60,tpch,linux-6.17.0-1022-azure,4,15.6,3.12.14,trino_iceberg,483 (trinodb/trino:483),ok,cold,query,7,114.3594,9,ok,
36425006608-1,2026-09-28T13:09:30Z,https://github.com/djouallah/lakehouse_benchmark/actions/runs/36425006608,b07f9c4,60,tpch,linux-6.17.0-1022-azure,4,15.6,3.12.14,trino_iceberg,483 (trinodb/trino:483),ok,cold,query,8,48.2147,2,ok,
36425006608-1,2026-09-28T13:09:30Z,https://github.com/djouallah/lakehouse_benchmark/actions/runs/36425006608,b07f9c4,60,tpch,linux-6.17.0-1022-azure,4,15.6,3.12.14,trino_iceberg,483 (trinodb/trino:483),ok,cold,query,9,86.0608,175,ok,
36425006608-1,2026-09-28T13:09:30Z,https://github.com/djouallah/lakehouse_benchmark/actions/runs/36425006608,b07f9c4,60,tpch,linux-6.17.0-1022-azure,4,15.6,3.12.14,trino_iceberg,483 (trinodb/trino:483),ok,cold,query,10,41.2284,20,ok,
36425006608-1,2026-09-28T13:09:30Z,https://github.com/djouallah/lakehouse_benchmark/actions/runs/36425006608,b07f9c4,60,tpch,linux-6.17.0-1022-azure,4,15.6,3.12.14,trino_iceberg,483 (trinodb/trino:483),ok,cold,query,11,3.3319,56470,ok,
36425006608-1,2026-09-28T13:09:30Z,https://github.com/djouallah/lakehouse_benchmark/actions/runs/36425006608,b07f9c4,60,tpch,linux-6.17.0-1022-azure,4,15.6,3.12.14,trino_iceberg,483 (trinodb/trino:483),ok,cold,query,12,10.814,2,ok,
36425006608-1,2026-09-28T13:09:30Z,https://github.com/djouallah/lakehouse_benchmark/actions/runs/36425006608,b07f9c4,60,tpch,linux-6.17.0-1022-azure,4,15.6,3.12.14,trino_iceberg,483 (trinodb/trino:483),ok,cold,query,13,25.7654,46,ok,
36425006608-1,2026-09-28T13:09:30Z,https://github.com/djouallah/lakehouse_benchmark/actions/runs/36425006608,b07f9c4,60,tpch,linux-6.17.0-1022-azure,4,15.6,3.12.14,trino_iceberg,483 (trinodb/trino:483),ok,cold,query,14,7.6209,1,ok,
36425006608-1,2026-09-28T13:09:30Z,https://github.com/djouallah/lakehouse_benchmark/actions/runs/36425006608,b07f9c4,60,tpch,linux-6.17.0-1022-azure,4,15.6,3.12.14,trino_iceberg,483 (trinodb/trino:483),ok,cold,query,15,14.03,1,ok,
36425006608-1,2026-09-28T13:09:30Z,https://github.com/djouallah/lakehouse_benchmark/actions/runs/36425006608,b07f9c4,60,tpch,linux-6.17.0-1022-azure,4,15.6,3.12.14,trino_iceberg,483 (trinodb/trino:483),ok,cold,query,16,5.8331,27840,ok,
36425006608-1,2026-09-28T13:09:30Z,https://github.com/djouallah/lakehouse_benchmark/actions/runs/36425006608,b07f9c4,60,tpch,linux-6.17.0-1022-azure,4,15.6,3.12.14,trino_iceberg,483 (trinodb/trino:483),ok,cold,query,17,46.1828,1,ok,
36425006608-1,2026-09-28T13:09:30Z,https://github.com/djouallah/lakehouse_benchmark/actions/runs/36425006608,b07f9c4,60,tpch,linux-6.17.0-1022-azure,4,15.6,3.12.14,trino_iceberg,483 (trinodb/trino:483),ok,cold,query,18,97.2053,100,ok,
36425006608-1,2026-09-28T13:09:30Z,https://github.com/djouallah/lakehouse_benchmark/actions/runs/36425006608,b07f9c4,60,tpch,linux-6.17.0-1022-azure,4,15.6,3.12.14,trino_iceberg,483 (trinodb/trino:483),ok,cold,query,19,17.8413,1,ok,
36425006608-1,2026-09-28T13:09:30Z,https://github.com/djouallah/lakehouse_benchmark/actions/runs/36425006608,b07f9c4,60,tpch,linux-6.17.0-1022-azure,4,15.6,3.12.14,trino_iceberg,483 (trinodb/trino:483),ok,cold,query,20,36.3267,10738,ok,
36425006608-1,2026-09-28T13:09:30Z,https://github.com/djouallah/lakehouse_benchmark/actions/runs/36425006608,b07f9c4,60,tpch,linux-6.17.0-1022-azure,4,15.6,3.12.14,trino_iceberg,483 (trinodb/trino:483),ok,cold,query,21,70.6739,100,ok,
36425006608-1,2026-09-28T13:09:30Z,https://github.com/djouallah/lakehouse_benchmark/actions/runs/36425006608,b07f9c4,60,tpch,linux-6.17.0-1022-azure,4,15.6,3.12.14,trino_iceberg,483 (trinodb/trino:483),ok,cold,query,22,30.8556,7,ok,
36648427529-1,2026-09-30T00:05:12Z,https://github.com/djouallah/lakehouse_benchmark/actions/runs/36648427529,6767c62,10,tpch,linux-6.17.0-1022-azure,4,15.6,3.12.14,lakesail_iceberg,0.7.2,ok,cold,setup,0,1.5156,,ok,
36648427529-1,2026-09-30T00:05:12Z,https://github.com/djouallah/lakehouse_benchmark/actions/runs/36648427529,6767c62,10,tpch,linux-6.17.0-1022-azure,4,15.6,3.12.14,lakesail_iceberg,0.7.2,ok,cold,query,1,12.3028,4,ok,
36648427529-1,2026-09-30T00:05:12Z,https://github.com/djouallah/lakehouse_benchmark/actions/runs/36648427529,6767c62,10,tpch,linux-6.17.0-1022-azure,4,15.6,3.12.14,lakesail_iceberg,0.7.2,ok,cold,query,2,13.1955,10,ok,
36648427529-1,2026-09-30T00:05:12Z,https://github.com/djouallah/lakehouse_benchmark/actions/runs/36648427529,6767c62,10,tpch,linux-6.17.0-1022-azure,4,15.6,3.12.14,lakesail_iceberg,0.7.2,ok,cold,query,3,9.3984,10,ok,
36648427529-1,2026-09-30T00:05:12Z,https://github.com/djouallah/lakehouse_benchmark/actions/runs/36648427529,6767c62,10,tpch,linux-6.17.0-1022-azure,4,15.6,3.12.14,lakesail_iceberg,0.7.2,ok,cold,query,4,5.7813,5,ok,
36648427529-1,2026-09-30T00:05:12Z,https://github.com/djouallah/lakehouse_benchmark/actions/runs/36648427529,6767c62,10,tpch,linux-6.17.0-1022-azure,4,15.6,3.12.14,lakesail_iceberg,0.7.2,ok,cold,query,5,10.39,5,ok,
36648427529-1,2026-09-30T00:05:12Z,https://github.com/djouallah/lakehouse_benchmark/actions/runs/36648427529,6767c62,10,tpch,linux-6.17.0-1022-azure,4,15.6,3.12.14,lakesail_iceberg,0.7.2,ok,cold,query,6,5.3298,1,ok,
36648427529-1,2026-09-30T00:05:12Z,https://github.com/djouallah/lakehouse_benchmark/actions/runs/36648427529,6767c62,10,tpch,linux-6.17.0-1022-azure,4,15.6,3.12.14,lakesail_iceberg,0.7.2,ok,cold,query,7,10.09,9,ok,
36648427529-1,2026-09-30T00:05:12Z,https://github.com/djouallah/lakehouse_benchmark/actions/runs/36648427529,6767c62,10,tpch,linux-6.17.0-1022-azure,4,15.6,3.12.14,lakesail_iceberg,0.7.2,ok,cold,query,8,13.0875,2,ok,
36648427529-1,2026-09-30T00:05:12Z,https://github.com/djouallah/lakehouse_benchmark/actions/runs/36648427529,6767c62,10,tpch,linux-6.17.0-1022-azure,4,15.6,3.12.14,lakesail_iceberg,0.7.2,ok,cold,query,9,12.7344,175,ok,
36648427529-1,2026-09-30T00:05:12Z,https://github.com/djouallah/lakehouse_benchmark/actions/runs/36648427529,6767c62,10,tpch,linux-6.17.0-1022-azure,4,15.6,3.12.14,lakesail_iceberg,0.7.2,ok,cold,query,10,9.0262,20,ok,
36648427529-1,2026-09-30T00:05:12Z,https://github.com/djouallah/lakehouse_benchmark/actions/runs/36648427529,6767c62,10,tpch,linux-6.17.0-1022-azure,4,15.6,3.12.14,lakesail_iceberg,0.7.2,ok,cold,query,11,5.4281,8685,ok,
36648427529-1,2026-09-30T00:05:12Z,https://github.com/djouallah/lakehouse_benchmark/actions/runs/36648427529,6767c62,10,tpch,linux-6.17.0-1022-azure,4,15.6,3.12.14,lakesail_iceberg,0.7.2,ok,cold,query,12,6.401,2,ok,
36648427529-1,2026-09-30T00:05:12Z,https://github.com/djouallah/lakehouse_benchmark/actions/runs/36648427529,6767c62,10,tpch,linux-6.17.0-1022-azure,4,15.6,3.12.14,lakesail_iceberg,0.7.2,ok,cold,query,13,4.2433,46,ok,
36648427529-1,2026-09-30T00:05:12Z,https://github.com/djouallah/lakehouse_benchmark/actions/runs/36648427529,6767c62,10,tpch,linux-6.17.0-1022-azure,4,15.6,3.12.14,lakesail_iceberg,0.7.2,ok,cold,query,14,6.6015,1,ok,
36648427529-1,2026-09-30T00:05:12Z,https://github.com/djouallah/lakehouse_benchmark/actions/runs/36648427529,6767c62,10,tpch,linux-6.17.0-1022-azure,4,15.6,3.12.14,lakesail_iceberg,0.7.2,ok,cold,query,15,10.6855,1,ok,
36648427529-1,2026-09-30T00:05:12Z,https://github.com/djouallah/lakehouse_benchmark/actions/runs/36648427529,6767c62,10,tpch,linux-6.17.0-1022-azure,4,15.6,3.12.14,lakesail_iceberg,0.7.2,ok,cold,query,16,4.226,27840,ok,
36648427529-1,2026-09-30T00:05:12Z,https://github.com/djouallah/lakehouse_benchmark/actions/runs/36648427529,6767c62,10,tpch,linux-6.17.0-1022-azure,4,15.6,3.12.14,lakesail_iceberg,0.7.2,ok,cold,query,17,11.4581,1,ok,
36648427529-1,2026-09-30T00:05:12Z,https://github.com/djouallah/lakehouse_benchmark/actions/runs/36648427529,6767c62,10,tpch,linux-6.17.0-1022-azure,4,15.6,3.12.14,lakesail_iceberg,0.7.2,ok,cold,query,18,11.1699,100,ok,
36648427529-1,2026-09-30T00:05:12Z,https://github.com/djouallah/lakehouse_benchmark/actions/runs/36648427529,6767c62,10,tpch,linux-6.17.0-1022-azure,4,15.6,3.12.14,lakesail_iceberg,0.7.2,ok,cold,query,19,7.6045,1,ok,
36648427529-1,2026-09-30T00:05:12Z,https://github.com/djouallah/lakehouse_benchmark/actions/runs/36648427529,6767c62,10,tpch,linux-6.17.0-1022-azure,4,15.6,3.12.14,lakesail_iceberg,0.7.2,ok,cold,query,20,9.7081,1804,ok,
36648427529-1,2026-09-30T00:05:12Z,https://github.com/djouallah/lakehouse_benchmark/actions/runs/36648427529,6767c62,10,tpch,linux-6.17.0-1022-azure,4,15.6,3.12.14,lakesail_iceberg,0.7.2,ok,cold,query,21,15.4236,100,ok,
36648427529-1,2026-09-30T00:05:12Z,https://github.com/djouallah/lakehouse_benchmark/actions/runs/36648427529,6767c62,10,tpch,linux-6.17.0-1022-azure,4,15.6,3.12.14,lakesail_iceberg,0.7.2,ok,cold,query,22,26.4497,7,ok,
36649247569-1,2026-09-30T00:40:42Z,https://github.com/djouallah/lakehouse_benchmark/actions/runs/36649247569,45a95e2,100,tpch,linux-6.17.0-1022-azure,4,15.6,3.12.14,lakesail_iceberg,0.7.2,ok,cold,setup,0,1.566,,ok,
36649247569-1,2026-09-30T00:40:42Z,https://github.com/djouallah/lakehouse_benchmark/actions/runs/36649247569,45a95e2,100,tpch,linux-6.17.0-1022-azure,4,15.6,3.12.14,lakesail_iceberg,0.7.2,ok,cold,query,1,33.7894,4,ok,
36649247569-1,2026-09-30T00:40:42Z,https://github.com/djouallah/lakehouse_benchmark/actions/runs/36649247569,45a95e2,100,tpch,linux-6.17.0-1022-azure,4,15.6,3.12.14,lakesail_iceberg,0.7.2,ok,cold,query,2,46.1079,10,ok,
36649247569-1,2026-09-30T00:40:42Z,https://github.com/djouallah/lakehouse_benchmark/actions/runs/36649247569,45a95e2,100,tpch,linux-6.17.0-1022-azure,4,15.6,3.12.14,lakesail_iceberg,0.7.2,ok,cold,query,3,81.7572,10,ok,
36649247569-1,2026-09-30T00:40:42Z,https://github.com/djouallah/lakehouse_benchmark/actions/runs/36649247569,45a95e2,100,tpch,linux-6.17.0-1022-azure,4,15.6,3.12.14,lakesail_iceberg,0.7.2,ok,cold,query,4,28.0493,5,ok,
36649247569-1,2026-09-30T00:40:42Z,https://github.com/djouallah/lakehouse_benchmark/actions/runs/36649247569,45a95e2,100,tpch,linux-6.17.0-1022-azure,4,15.6,3.12.14,lakesail_iceberg,0.7.2,ok,cold,query,5,285.6405,5,ok,
36649247569-1,2026-09-30T00:40:42Z,https://github.com/djouallah/lakehouse_benchmark/actions/runs/36649247569,45a95e2,100,tpch,linux-6.17.0-1022-azure,4,15.6,3.12.14,lakesail_iceberg,0.7.2,ok,cold,query,6,20.2907,1,ok,
36649247569-1,2026-09-30T00:40:42Z,https://github.com/djouallah/lakehouse_benchmark/actions/runs/36649247569,45a95e2,100,tpch,linux-6.17.0-1022-azure,4,15.6,3.12.14,lakesail_iceberg,0.7.2,ok,cold,query,7,780.1268,9,ok,
36649247569-1,2026-09-30T00:40:42Z,https://github.com/djouallah/lakehouse_benchmark/actions/runs/36649247569,45a95e2,100,tpch,linux-6.17.0-1022-azure,4,15.6,3.12.14,lakesail_iceberg,0.7.2,ok,cold,query,8,254.9124,2,ok,
36649247569-1,2026-09-30T00:40:42Z,https://github.com/djouallah/lakehouse_benchmark/actions/runs/36649247569,45a95e2,100,tpch,linux-6.17.0-1022-azure,4,15.6,3.12.14,lakesail_iceberg,0.7.2,ok,cold,query,9,305.5919,175,ok,
36649247569-1,2026-09-30T00:40:42Z,https://github.com/djouallah/lakehouse_benchmark/actions/runs/36649247569,45a95e2,100,tpch,linux-6.17.0-1022-azure,4,15.6,3.12.14,lakesail_iceberg,0.7.2,ok,cold,query,10,52.2443,20,ok,
36649247569-1,2026-09-30T00:40:42Z,https://github.com/djouallah/lakehouse_benchmark/actions/runs/36649247569,45a95e2,100,tpch,linux-6.17.0-1022-azure,4,15.6,3.12.14,lakesail_iceberg,0.7.2,ok,cold,query,11,28.399,92698,ok,
36649247569-1,2026-09-30T00:40:42Z,https://github.com/djouallah/lakehouse_benchmark/actions/runs/36649247569,45a95e2,100,tpch,linux-6.17.0-1022-azure,4,15.6,3.12.14,lakesail_iceberg,0.7.2,ok,cold,query,12,32.1324,2,ok,
36649247569-1,2026-09-30T00:40:42Z,https://github.com/djouallah/lakehouse_benchmark/actions/runs/36649247569,45a95e2,100,tpch,linux-6.17.0-1022-azure,4,15.6,3.12.14,lakesail_iceberg,0.7.2,ok,cold,query,13,20.2611,45,ok,
36649247569-1,2026-09-30T00:40:42Z,https://github.com/djouallah/lakehouse_benchmark/actions/runs/36649247569,45a95e2,100,tpch,linux-6.17.0-1022-azure,4,15.6,3.12.14,lakesail_iceberg,0.7.2,ok,cold,query,14,22.9873,1,ok,
36649247569-1,2026-09-30T00:40:42Z,https://github.com/djouallah/lakehouse_benchmark/actions/runs/36649247569,45a95e2,100,tpch,linux-6.17.0-1022-azure,4,15.6,3.12.14,lakesail_iceberg,0.7.2,ok,cold,query,15,21.9903,1,ok,
36649247569-1,2026-09-30T00:40:42Z,https://github.com/djouallah/lakehouse_benchmark/actions/runs/36649247569,45a95e2,100,tpch,linux-6.17.0-1022-azure,4,15.6,3.12.14,lakesail_iceberg,0.7.2,ok,cold,query,16,10.3277,27840,ok,
36649247569-1,2026-09-30T00:40:42Z,https://github.com/djouallah/lakehouse_benchmark/actions/runs/36649247569,45a95e2,100,tpch,linux-6.17.0-1022-azure,4,15.6,3.12.14,lakesail_iceberg,0.7.2,ok,cold,query,17,164.4891,1,ok,
36649247569-1,2026-09-30T00:40:42Z,https://github.com/djouallah/lakehouse_benchmark/actions/runs/36649247569,45a95e2,100,tpch,linux-6.17.0-1022-azure,4,15.6,3.12.14,lakesail_iceberg,0.7.2,ok,cold,query,18,169.3223,100,ok,
36649247569-1,2026-09-30T00:40:42Z,https://github.com/djouallah/lakehouse_benchmark/actions/runs/36649247569,45a95e2,100,tpch,linux-6.17.0-1022-azure,4,15.6,3.12.14,lakesail_iceberg,0.7.2,ok,cold,query,19,36.3702,1,ok,
36649247569-1,2026-09-30T00:40:42Z,https://github.com/djouallah/lakehouse_benchmark/actions/runs/36649247569,45a95e2,100,tpch,linux-6.17.0-1022-azure,4,15.6,3.12.14,lakesail_iceberg,0.7.2,ok,cold,query,20,57.1917,17971,ok,
36649247569-1,2026-09-30T00:40:42Z,https://github.com/djouallah/lakehouse_benchmark/actions/runs/36649247569,45a95e2,100,tpch,linux-6.17.0-1022-azure,4,15.6,3.12.14,lakesail_iceberg,0.7.2,ok,cold,query,21,199.2636,100,ok,
36649247569-1,2026-09-30T00:40:42Z,https://github.com/djouallah/lakehouse_benchmark/actions/runs/36649247569,45a95e2,100,tpch,linux-6.17.0-1022-azure,4,15.6,3.12.14,lakesail_iceberg,0.7.2,ok,cold,query,22,11.4273,7,ok,
37429290996-1,2026-10-06T07:23:46Z,https://github.com/djouallah/lakehouse_benchmark/actions/runs/37429290996,9f764c5,300,tpch,linux-6.17.0-1022-azure,4,15.6,3.12.14,duckdb_iceberg,v2.0.0-alpha44357,ok,cold,setup,0,6.052,,ok,
37429290996-1,2026-10-06T07:23:46Z,https://github.com/djouallah/lakehouse_benchmark/actions/runs/37429290996,9f764c5,300,tpch,linux-6.17.0-1022-azure,4,15.6,3.12.14,duckdb_iceberg,v2.0.0-alpha44357,ok,cold,query,1,119.8464,4,ok,
37429290996-1,2026-10-06T07:23:46Z,https://github.com/djouallah/lakehouse_benchmark/actions/runs/37429290996,9f764c5,300,tpch,linux-6.17.0-1022-azure,4,15.6,3.12.14,duckdb_iceberg,v2.0.0-alpha44357,ok,cold,query,2,31.6778,10,ok,
37429290996-1,2026-10-06T07:23:46Z,https://github.com/djouallah/lakehouse_benchmark/actions/runs/37429290996,9f764c5,300,tpch,linux-6.17.0-1022-azure,4,15.6,3.12.14,duckdb_iceberg,v2.0.0-alpha44357,ok,cold,query,3,137.6992,10,ok,
37429290996-1,2026-10-06T07:23:46Z,https://github.com/djouallah/lakehouse_benchmark/actions/runs/37429290996,9f764c5,300,tpch,linux-6.17.0-1022-azure,4,15.6,3.12.14,duckdb_iceberg,v2.0.0-alpha44357,ok,cold,query,4,87.7955,5,ok,
37429290996-1,2026-10-06T07:23:46Z,https://github.com/djouallah/lakehouse_benchmark/actions/runs/37429290996,9f764c5,300,tpch,linux-6.17.0-1022-azure,4,15.6,3.12.14,duckdb_iceberg,v2.0.0-alpha44357,ok,cold,query,5,132.4492,5,ok,
37429290996-1,2026-10-06T07:23:46Z,https://github.com/djouallah/lakehouse_benchmark/actions/runs/37429290996,9f764c5,300,tpch,linux-6.17.0-1022-azure,4,15.6,3.12.14,duckdb_iceberg,v2.0.0-alpha44357,ok,cold,query,6,86.0186,1,ok,
37429290996-1,2026-10-06T07:23:46Z,https://github.com/djouallah/lakehouse_benchmark/actions/runs/37429290996,9f764c5,300,tpch,linux-6.17.0-1022-azure,4,15.6,3.12.14,duckdb_iceberg,v2.0.0-alpha44357,ok,cold,query,7,126.6543,9,ok,
37429290996-1,2026-10-06T07:23:46Z,https://github.com/djouallah/lakehouse_benchmark/actions/runs/37429290996,9f764c5,300,tpch,linux-6.17.0-1022-azure,4,15.6,3.12.14,duckdb_iceberg,v2.0.0-alpha44357,ok,cold,query,8,152.0401,2,ok,
37429290996-1,2026-10-06T07:23:46Z,https://github.com/djouallah/lakehouse_benchmark/actions/runs/37429290996,9f764c5,300,tpch,linux-6.17.0-1022-azure,4,15.6,3.12.14,duckdb_iceberg,v2.0.0-alpha44357,ok,cold,query,9,263.7365,175,ok,
37429290996-1,2026-10-06T07:23:46Z,https://github.com/djouallah/lakehouse_benchmark/actions/runs/37429290996,9f764c5,300,tpch,linux-6.17.0-1022-azure,4,15.6,3.12.14,duckdb_iceberg,v2.0.0-alpha44357,ok,cold,query,10,137.9208,20,ok,
37429290996-1,2026-10-06T07:23:46Z,https://github.com/djouallah/lakehouse_benchmark/actions/runs/37429290996,9f764c5,300,tpch,linux-6.17.0-1022-azure,4,15.6,3.12.14,duckdb_iceberg,v2.0.0-alpha44357,ok,cold,query,11,22.9748,280546,ok,
37429290996-1,2026-10-06T07:23:46Z,https://github.com/djouallah/lakehouse_benchmark/actions/runs/37429290996,9f764c5,300,tpch,linux-6.17.0-1022-azure,4,15.6,3.12.14,duckdb_iceberg,v2.0.0-alpha44357,ok,cold,query,12,98.4901,2,ok,
37429290996-1,2026-10-06T07:23:46Z,https://github.com/djouallah/lakehouse_benchmark/actions/runs/37429290996,9f764c5,300,tpch,linux-6.17.0-1022-azure,4,15.6,3.12.14,duckdb_iceberg,v2.0.0-alpha44357,ok,cold,query,13,86.375,44,ok,
37429290996-1,2026-10-06T07:23:46Z,https://github.com/djouallah/lakehouse_benchmark/actions/runs/37429290996,9f764c5,300,tpch,linux-6.17.0-1022-azure,4,15.6,3.12.14,duckdb_iceberg,v2.0.0-alpha44357,ok,cold,query,14,118.7807,1,ok,
37429290996-1,2026-10-06T07:23:46Z,https://github.com/djouallah/lakehouse_benchmark/actions/runs/37429290996,9f764c5,300,tpch,linux-6.17.0-1022-azure,4,15.6,3.12.14,duckdb_iceberg,v2.0.0-alpha44357,ok,cold,query,15,96.8024,1,ok,
37429290996-1,2026-10-06T07:23:46Z,https://github.com/djouallah/lakehouse_benchmark/actions/runs/37429290996,9f764c5,300,tpch,linux-6.17.0-1022-azure,4,15.6,3.12.14,duckdb_iceberg,v2.0.0-alpha44357,ok,cold,query,16,18.1835,27840,ok,
37429290996-1,2026-10-06T07:23:46Z,https://github.com/djouallah/lakehouse_benchmark/actions/runs/37429290996,9f764c5,300,tpch,linux-6.17.0-1022-azure,4,15.6,3.12.14,duckdb_iceberg,v2.0.0-alpha44357,ok,cold,query,17,433.8642,1,ok,
37429290996-1,2026-10-06T07:23:46Z,https://github.com/djouallah/lakehouse_benchmark/actions/runs/37429290996,9f764c5,300,tpch,linux-6.17.0-1022-azure,4,15.6,3.12.14,duckdb_iceberg,v2.0.0-alpha44357,ok,cold,query,18,155.4551,100,ok,
37429290996-1,2026-10-06T07:23:46Z,https://github.com/djouallah/lakehouse_benchmark/actions/runs/37429290996,9f764c5,300,tpch,linux-6.17.0-1022-azure,4,15.6,3.12.14,duckdb_iceberg,v2.0.0-alpha44357,ok,cold,query,19,122.1485,1,ok,
37429290996-1,2026-10-06T07:23:46Z,https://github.com/djouallah/lakehouse_benchmark/actions/runs/37429290996,9f764c5,300,tpch,linux-6.17.0-1022-azure,4,15.6,3.12.14,duckdb_iceberg,v2.0.0-alpha44357,ok,cold,query,20,144.0244,52347,ok,
37429290996-1,2026-10-06T07:23:46Z,https://github.com/djouallah/lakehouse_benchmark/actions/runs/37429290996,9f764c5,300,tpch,linux-6.17.0-1022-azure,4,15.6,3.12.14,duckdb_iceberg,v2.0.0-alpha44357,ok,cold,query,21,614.43,100,ok,
37429290996-1,2026-10-06T07:23:46Z,https://github.com/djouallah/lakehouse_benchmark/actions/runs/37429290996,9f764c5,300,tpch,linux-6.17.0-1022-azure,4,15.6,3.12.14,duckdb_iceberg,v2.0.0-alpha44357,ok,cold,query,22,39.6626,7,ok,
37468610961-1,2026-10-06T13:10:00Z,https://github.com/djouallah/lakehouse_benchmark/actions/runs/37468610961,20a1680,30,tpch,linux-6.17.0-1022-azure,4,15.6,3.12.14,polars_iceberg,2.0.0,ok,cold,setup,0,11.2415,,ok,
37468610961-1,2026-10-06T13:10:00Z,https://github.com/djouallah/lakehouse_benchmark/actions/runs/37468610961,20a1680,30,tpch,linux-6.17.0-1022-azure,4,15.6,3.12.14,polars_iceberg,2.0.0,ok,cold,query,1,16.0212,4,ok,
37468610961-1,2026-10-06T13:10:00Z,https://github.com/djouallah/lakehouse_benchmark/actions/runs/37468610961,20a1680,30,tpch,linux-6.17.0-1022-azure,4,15.6,3.12.14,polars_iceberg,2.0.0,ok,cold,query,2,7.961,10,ok,
37468610961-1,2026-10-06T13:10:00Z,https://github.com/djouallah/lakehouse_benchmark/actions/runs/37468610961,20a1680,30,tpch,linux-6.17.0-1022-azure,4,15.6,3.12.14,polars_iceberg,2.0.0,ok,cold,query,3,10.5127,10,ok,
37468610961-1,2026-10-06T13:10:00Z,https://github.com/djouallah/lakehouse_benchmark/actions/runs/37468610961,20a1680,30,tpch,linux-6.17.0-1022-azure,4,15.6,3.12.14,polars_iceberg,2.0.0,ok,cold,query,4,3.6367,5,ok,
37468610961-1,2026-10-06T13:10:00Z,https://github.com/djouallah/lakehouse_benchmark/actions/runs/37468610961,20a1680,30,tpch,linux-6.17.0-1022-azure,4,15.6,3.12.14,polars_iceberg,2.0.0,ok,cold,query,5,9.9079,5,ok,
37468610961-1,2026-10-06T13:10:00Z,https://github.com/djouallah/lakehouse_benchmark/actions/runs/37468610961,20a1680,30,tpch,linux-6.17.0-1022-azure,4,15.6,3.12.14,polars_iceberg,2.0.0,ok,cold,query,6,5.3081,1,ok,
37468610961-1,2026-10-06T13:10:00Z,https://github.com/djouallah/lakehouse_benchmark/actions/runs/37468610961,20a1680,30,tpch,linux-6.17.0-1022-azure,4,15.6,3.12.14,polars_iceberg,2.0.0,ok,cold,query,7,16.8704,9,ok,
37468610961-1,2026-10-06T13:10:00Z,https://github.com/djouallah/lakehouse_benchmark/actions/runs/37468610961,20a1680,30,tpch,linux-6.17.0-1022-azure,4,15.6,3.12.14,polars_iceberg,2.0.0,ok,cold,query,8,10.7814,2,ok,
37468610961-1,2026-10-06T13:10:00Z,https://github.com/djouallah/lakehouse_benchmark/actions/runs/37468610961,20a1680,30,tpch,linux-6.17.0-1022-azure,4,15.6,3.12.14,polars_iceberg,2.0.0,ok,cold,query,9,14.0084,175,ok,
37468610961-1,2026-10-06T13:10:00Z,https://github.com/djouallah/lakehouse_benchmark/actions/runs/37468610961,20a1680,30,tpch,linux-6.17.0-1022-azure,4,15.6,3.12.14,polars_iceberg,2.0.0,ok,cold,query,10,6.6546,20,ok,
37468610961-1,2026-10-06T13:10:00Z,https://github.com/djouallah/lakehouse_benchmark/actions/runs/37468610961,20a1680,30,tpch,linux-6.17.0-1022-azure,4,15.6,3.12.14,polars_iceberg,2.0.0,ok,cold,query,11,,,error,"InvalidOperationError: search_sorted operation not supported for dtypes `decimal[38,2]` and `decimal[38,12]`"
37468610961-1,2026-10-06T13:10:00Z,https://github.com/djouallah/lakehouse_benchmark/actions/runs/37468610961,20a1680,30,tpch,linux-6.17.0-1022-azure,4,15.6,3.12.14,polars_iceberg,2.0.0,ok,cold,query,12,5.6577,2,ok,
37468610961-1,2026-10-06T13:10:00Z,https://github.com/djouallah/lakehouse_benchmark/actions/runs/37468610961,20a1680,30,tpch,linux-6.17.0-1022-azure,4,15.6,3.12.14,polars_iceberg,2.0.0,ok,cold,query,13,6.8469,45,ok,
37468610961-1,2026-10-06T13:10:00Z,https://github.com/djouallah/lakehouse_benchmark/actions/runs/37468610961,20a1680,30,tpch,linux-6.17.0-1022-azure,4,15.6,3.12.14,polars_iceberg,2.0.0,ok,cold,query,14,3.7973,1,ok,
37468610961-1,2026-10-06T13:10:00Z,https://github.com/djouallah/lakehouse_benchmark/actions/runs/37468610961,20a1680,30,tpch,linux-6.17.0-1022-azure,4,15.6,3.12.14,polars_iceberg,2.0.0,ok,cold,query,15,4.116,1,ok,
37468610961-1,2026-10-06T13:10:00Z,https://github.com/djouallah/lakehouse_benchmark/actions/runs/37468610961,20a1680,30,tpch,linux-6.17.0-1022-azure,4,15.6,3.12.14,polars_iceberg,2.0.0,ok,cold,query,16,1.5931,27840,ok,
37468610961-1,2026-10-06T13:10:00Z,https://github.com/djouallah/lakehouse_benchmark/actions/runs/37468610961,20a1680,30,tpch,linux-6.17.0-1022-azure,4,15.6,3.12.14,polars_iceberg,2.0.0,ok,cold,query,17,11.4055,1,ok,
37468610961-1,2026-10-06T13:10:00Z,https://github.com/djouallah/lakehouse_benchmark/actions/runs/37468610961,20a1680,30,tpch,linux-6.17.0-1022-azure,4,15.6,3.12.14,polars_iceberg,2.0.0,ok,cold,query,18,15.1971,100,ok,
37468610961-1,2026-10-06T13:10:00Z,https://github.com/djouallah/lakehouse_benchmark/actions/runs/37468610961,20a1680,30,tpch,linux-6.17.0-1022-azure,4,15.6,3.12.14,polars_iceberg,2.0.0,ok,cold,query,19,6.04,1,ok,
37468610961-1,2026-10-06T13:10:00Z,https://github.com/djouallah/lakehouse_benchmark/actions/runs/37468610961,20a1680,30,tpch,linux-6.17.0-1022-azure,4,15.6,3.12.14,polars_iceberg,2.0.0,ok,cold,query,20,10.2881,5404,ok,
37468610961-1,2026-10-06T13:10:00Z,https://github.com/djouallah/lakehouse_benchmark/actions/runs/37468610961,20a1680,30,tpch,linux-6.17.0-1022-azure,4,15.6,3.12.14,polars_iceberg,2.0.0,ok,cold,query,21,19.7849,100,ok,
37468610961-1,2026-10-06T13:10:00Z,https://github.com/djouallah/lakehouse_benchmark/actions/runs/37468610961,20a1680,30,tpch,linux-6.17.0-1022-azure,4,15.6,3.12.14,polars_iceberg,2.0.0,ok,cold,query,22,5.9666,7,ok,
37871297077-1,2026-10-09T01:45:47Z,https://github.com/djouallah/lakehouse_benchmark/actions/runs/37871297077,e4f3d25,60,tpch,linux-6.17.0-1022-azure,4,15.6,3.12.15,polars_iceberg,2.0.0,ok,cold,setup,0,2.4297,,ok,
37871297077-1,2026-10-09T01:45:47Z,https://github.com/djouallah/lakehouse_benchmark/actions/runs/37871297077,e4f3d25,60,tpch,linux-6.17.0-1022-azure,4,15.6,3.12.15,polars_iceberg,2.0.0,ok,cold,query,1,30.9116,4,ok,
37871297077-1,2026-10-09T01:45:47Z,https://github.com/djouallah/lakehouse_benchmark/actions/runs/37871297077,e4f3d25,60,tpch,linux-6.17.0-1022-azure,4,15.6,3.12.15,polars_iceberg,2.0.0,ok,cold,query,2,9.4889,10,ok,
37871297077-1,2026-10-09T01:45:47Z,https://github.com/djouallah/lakehouse_benchmark/actions/runs/37871297077,e4f3d25,60,tpch,linux-6.17.0-1022-azure,4,15.6,3.12.15,polars_iceberg,2.0.0,ok,cold,query,3,11.6333,10,ok,
37871297077-1,2026-10-09T01:45:47Z,https://github.com/djouallah/lakehouse_benchmark/actions/runs/37871297077,e4f3d25,60,tpch,linux-6.17.0-1022-azure,4,15.6,3.12.15,polars_iceberg,2.0.0,ok,cold,query,4,5.1749,5,ok,
37871297077-1,2026-10-09T01:45:47Z,https://github.com/djouallah/lakehouse_benchmark/actions/runs/37871297077,e4f3d25,60,tpch,linux-6.17.0-1022-azure,4,15.6,3.12.15,polars_iceberg,2.0.0,ok,cold,query,5,14.2839,5,ok,
37871297077-1,2026-10-09T01:45:47Z,https://github.com/djouallah/lakehouse_benchmark/actions/runs/37871297077,e4f3d25,60,tpch,linux-6.17.0-1022-azure,4,15.6,3.12.15,polars_iceberg,2.0.0,ok,cold,query,6,10.9556,1,ok,
37871297077-1,2026-10-09T01:45:47Z,https://github.com/djouallah/lakehouse_benchmark/actions/runs/37871297077,e4f3d25,60,tpch,linux-6.17.0-1022-azure,4,15.6,3.12.15,polars_iceberg,2.0.0,ok,cold,query,7,14.5339,9,ok,
37871297077-1,2026-10-09T01:45:47Z,https://github.com/djouallah/lakehouse_benchmark/actions/runs/37871297077,e4f3d25,60,tpch,linux-6.17.0-1022-azure,4,15.6,3.12.15,polars_iceberg,2.0.0,ok,cold,query,8,14.3706,2,ok,
37871297077-1,2026-10-09T01:45:47Z,https://github.com/djouallah/lakehouse_benchmark/actions/runs/37871297077,e4f3d25,60,tpch,linux-6.17.0-1022-azure,4,15.6,3.12.15,polars_iceberg,2.0.0,ok,cold,query,9,23.7421,175,ok,
37871297077-1,2026-10-09T01:45:47Z,https://github.com/djouallah/lakehouse_benchmark/actions/runs/37871297077,e4f3d25,60,tpch,linux-6.17.0-1022-azure,4,15.6,3.12.15,polars_iceberg,2.0.0,ok,cold,query,10,11.4821,20,ok,
37871297077-1,2026-10-09T01:45:47Z,https://github.com/djouallah/lakehouse_benchmark/actions/runs/37871297077,e4f3d25,60,tpch,linux-6.17.0-1022-azure,4,15.6,3.12.15,polars_iceberg,2.0.0,ok,cold,query,11,1.2747,56464,ok,
37871297077-1,2026-10-09T01:45:47Z,https://github.com/djouallah/lakehouse_benchmark/actions/runs/37871297077,e4f3d25,60,tpch,linux-6.17.0-1022-azure,4,15.6,3.12.15,polars_iceberg,2.0.0,ok,cold,query,12,5.7386,2,ok,
37871297077-1,2026-10-09T01:45:47Z,https://github.com/djouallah/lakehouse_benchmark/actions/runs/37871297077,e4f3d25,60,tpch,linux-6.17.0-1022-azure,4,15.6,3.12.15,polars_iceberg,2.0.0,ok,cold,query,13,11.4174,46,ok,
37871297077-1,2026-10-09T01:45:47Z,https://github.com/djouallah/lakehouse_benchmark/actions/runs/37871297077,e4f3d25,60,tpch,linux-6.17.0-1022-azure,4,15.6,3.12.15,polars_iceberg,2.0.0,ok,cold,query,14,8.0842,1,ok,
37871297077-1,2026-10-09T01:45:47Z,https://github.com/djouallah/lakehouse_benchmark/actions/runs/37871297077,e4f3d25,60,tpch,linux-6.17.0-1022-azure,4,15.6,3.12.15,polars_iceberg,2.0.0,ok,cold,query,15,8.4542,1,ok,
37871297077-1,2026-10-09T01:45:47Z,https://github.com/djouallah/lakehouse_benchmark/actions/runs/37871297077,e4f3d25,60,tpch,linux-6.17.0-1022-azure,4,15.6,3.12.15,polars_iceberg,2.0.0,ok,cold,query,16,2.0153,27840,ok,
37871297077-1,2026-10-09T01:45:47Z,https://github.com/djouallah/lakehouse_benchmark/actions/runs/37871297077,e4f3d25,60,tpch,linux-6.17.0-1022-azure,4,15.6,3.12.15,polars_iceberg,2.0.0,ok,cold,query,17,26.0505,1,ok,
37871297077-1,2026-10-09T01:45:47Z,https://github.com/djouallah/lakehouse_benchmark/actions/runs/37871297077,e4f3d25,60,tpch,linux-6.17.0-1022-azure,4,15.6,3.12.15,polars_iceberg,2.0.0,ok,cold,query,18,16.9549,100,ok,
37871297077-1,2026-10-09T01:45:47Z,https://github.com/djouallah/lakehouse_benchmark/actions/runs/37871297077,e4f3d25,60,tpch,linux-6.17.0-1022-azure,4,15.6,3.12.15,polars_iceberg,2.0.0,ok,cold,query,19,8.4683,1,ok,
37871297077-1,2026-10-09T01:45:47Z,https://github.com/djouallah/lakehouse_benchmark/actions/runs/37871297077,e4f3d25,60,tpch,linux-6.17.0-1022-azure,4,15.6,3.12.15,polars_iceberg,2.0.0,ok,cold,query,20,14.1435,10738,ok,
37871297077-1,2026-10-09T01:45:47Z,https://github.com/djouallah/lakehouse_benchmark/actions/runs/37871297077,e4f3d25,60,tpch,linux-6.17.0-1022-azure,4,15.6,3.12.15,polars_iceberg,2.0.0,ok,cold,query,21,25.9831,100,ok,
37871297077-1,2026-10-09T01:45:47Z,https://github.com/djouallah/lakehouse_benchmark/actions/runs/37871297077,e4f3d25,60,tpch,linux-6.17.0-1022-azure,4,15.6,3.12.15,polars_iceberg,2.0.0,ok,cold,query,22,3.9293,7,ok,
37872115807-1,2026-10-09T01:56:21Z,https://github.com/djouallah/lakehouse_benchmark/actions/runs/37872115807,e55b56f,100,tpch,linux-6.17.0-1022-azure,4,15.6,3.12.15,polars_iceberg,2.0.0,ok,cold,setup,0,2.3244,,ok,
37872115807-1,2026-10-09T01:56:21Z,https://github.com/djouallah/lakehouse_benchmark/actions/runs/37872115807,e55b56f,100,tpch,linux-6.17.0-1022-azure,4,15.6,3.12.15,polars_iceberg,2.0.0,ok,cold,query,1,27.0127,4,ok,
37872115807-1,2026-10-09T01:56:21Z,https://github.com/djouallah/lakehouse_benchmark/actions/runs/37872115807,e55b56f,100,tpch,linux-6.17.0-1022-azure,4,15.6,3.12.15,polars_iceberg,2.0.0,ok,cold,query,2,12.2095,10,ok,
37872115807-1,2026-10-09T01:56:21Z,https://github.com/djouallah/lakehouse_benchmark/actions/runs/37872115807,e55b56f,100,tpch,linux-6.17.0-1022-azure,4,15.6,3.12.15,polars_iceberg,2.0.0,ok,cold,query,3,17.4801,10,ok,
37872115807-1,2026-10-09T01:56:21Z,https://github.com/djouallah/lakehouse_benchmark/actions/runs/37872115807,e55b56f,100,tpch,linux-6.17.0-1022-azure,4,15.6,3.12.15,polars_iceberg,2.0.0,ok,cold,query,4,8.6336,5,ok,
37872115807-1,2026-10-09T01:56:21Z,https://github.com/djouallah/lakehouse_benchmark/actions/runs/37872115807,e55b56f,100,tpch,linux-6.17.0-1022-azure,4,15.6,3.12.15,polars_iceberg,2.0.0,ok,cold,query,5,15.0634,5,ok,
37872115807-1,2026-10-09T01:56:21Z,https://github.com/djouallah/lakehouse_benchmark/actions/runs/37872115807,e55b56f,100,tpch,linux-6.17.0-1022-azure,4,15.6,3.12.15,polars_iceberg,2.0.0,ok,cold,query,6,6.8648,1,ok,
37872115807-1,2026-10-09T01:56:21Z,https://github.com/djouallah/lakehouse_benchmark/actions/runs/37872115807,e55b56f,100,tpch,linux-6.17.0-1022-azure,4,15.6,3.12.15,polars_iceberg,2.0.0,ok,cold,query,7,14.767,9,ok,
37872115807-1,2026-10-09T01:56:21Z,https://github.com/djouallah/lakehouse_benchmark/actions/runs/37872115807,e55b56f,100,tpch,linux-6.17.0-1022-azure,4,15.6,3.12.15,polars_iceberg,2.0.0,ok,cold,query,8,16.4572,2,ok,
37872115807-1,2026-10-09T01:56:21Z,https://github.com/djouallah/lakehouse_benchmark/actions/runs/37872115807,e55b56f,100,tpch,linux-6.17.0-1022-azure,4,15.6,3.12.15,polars_iceberg,2.0.0,ok,cold,query,9,27.6084,175,ok,
37872115807-1,2026-10-09T01:56:21Z,https://github.com/djouallah/lakehouse_benchmark/actions/runs/37872115807,e55b56f,100,tpch,linux-6.17.0-1022-azure,4,15.6,3.12.15,polars_iceberg,2.0.0,ok,cold,query,10,18.3,20,ok,
37872115807-1,2026-10-09T01:56:21Z,https://github.com/djouallah/lakehouse_benchmark/actions/runs/37872115807,e55b56f,100,tpch,linux-6.17.0-1022-azure,4,15.6,3.12.15,polars_iceberg,2.0.0,ok,cold,query,11,2.3105,92698,ok,
37872115807-1,2026-10-09T01:56:21Z,https://github.com/djouallah/lakehouse_benchmark/actions/runs/37872115807,e55b56f,100,tpch,linux-6.17.0-1022-azure,4,15.6,3.12.15,polars_iceberg,2.0.0,ok,cold,query,12,11.2511,2,ok,
37872115807-1,2026-10-09T01:56:21Z,https://github.com/djouallah/lakehouse_benchmark/actions/runs/37872115807,e55b56f,100,tpch,linux-6.17.0-1022-azure,4,15.6,3.12.15,polars_iceberg,2.0.0,ok,cold,query,13,19.0641,45,ok,
37872115807-1,2026-10-09T01:56:21Z,https://github.com/djouallah/lakehouse_benchmark/actions/runs/37872115807,e55b56f,100,tpch,linux-6.17.0-1022-azure,4,15.6,3.12.15,polars_iceberg,2.0.0,ok,cold,query,14,24.8244,1,ok,
37872115807-1,2026-10-09T01:56:21Z,https://github.com/djouallah/lakehouse_benchmark/actions/runs/37872115807,e55b56f,100,tpch,linux-6.17.0-1022-azure,4,15.6,3.12.15,polars_iceberg,2.0.0,ok,cold,query,15,18.2245,1,ok,
37872115807-1,2026-10-09T01:56:21Z,https://github.com/djouallah/lakehouse_benchmark/actions/runs/37872115807,e55b56f,100,tpch,linux-6.17.0-1022-azure,4,15.6,3.12.15,polars_iceberg,2.0.0,ok,cold,query,16,2.8,27840,ok,
37872115807-1,2026-10-09T01:56:21Z,https://github.com/djouallah/lakehouse_benchmark/actions/runs/37872115807,e55b56f,100,tpch,linux-6.17.0-1022-azure,4,15.6,3.12.15,polars_iceberg,2.0.0,ok,cold,query,17,70.2855,1,ok,
37872115807-1,2026-10-09T01:56:21Z,https://github.com/djouallah/lakehouse_benchmark/actions/runs/37872115807,e55b56f,100,tpch,linux-6.17.0-1022-azure,4,15.6,3.12.15,polars_iceberg,2.0.0,ok,cold,query,18,102.4224,100,ok,
37872115807-1,2026-10-09T01:56:21Z,https://github.com/djouallah/lakehouse_benchmark/actions/runs/37872115807,e55b56f,100,tpch,linux-6.17.0-1022-azure,4,15.6,3.12.15,polars_iceberg,2.0.0,ok,cold,query,19,23.7223,1,ok,
37872115807-1,2026-10-09T01:56:21Z,https://github.com/djouallah/lakehouse_benchmark/actions/runs/37872115807,e55b56f,100,tpch,linux-6.17.0-1022-azure,4,15.6,3.12.15,polars_iceberg,2.0.0,ok,cold,query,20,28.3275,17971,ok,
37872115807-1,2026-10-09T01:56:21Z,https://github.com/djouallah/lakehouse_benchmark/actions/runs/37872115807,e55b56f,100,tpch,linux-6.17.0-1022-azure,4,15.6,3.12.15,polars_iceberg,2.0.0,ok,cold,query,21,115.5955,100,ok,
37872115807-1,2026-10-09T01:56:21Z,https://github.com/djouallah/lakehouse_benchmark/actions/runs/37872115807,e55b56f,100,tpch,linux-6.17.0-1022-azure,4,15.6,3.12.15,polars_iceberg,2.0.0,ok,cold,query,22,5.4936,7,ok,
37878572941-1,2026-10-09T03:17:55Z,https://github.com/djouallah/lakehouse_benchmark/actions/runs/37878572941,4419ec5,30,tpch,linux-6.17.0-1022-azure,4,15.6,3.12.15,polars_iceberg,2.0.0,ok,cold,setup,0,2.0288,,ok,
37878572941-1,2026-10-09T03:17:55Z,https://github.com/djouallah/lakehouse_benchmark/actions/runs/37878572941,4419ec5,30,tpch,linux-6.17.0-1022-azure,4,15.6,3.12.15,polars_iceberg,2.0.0,ok,cold,query,1,21.7586,4,ok,
37878572941-1,2026-10-09T03:17:55Z,https://github.com/djouallah/lakehouse_benchmark/actions/runs/37878572941,4419ec5,30,tpch,linux-6.17.0-1022-azure,4,15.6,3.12.15,polars_iceberg,2.0.0,ok,cold,query,2,7.8911,10,ok,
37878572941-1,2026-10-09T03:17:55Z,https://github.com/djouallah/lakehouse_benchmark/actions/runs/37878572941,4419ec5,30,tpch,linux-6.17.0-1022-azure,4,15.6,3.12.15,polars_iceberg,2.0.0,ok,cold,query,3,8.9905,10,ok,
37878572941-1,2026-10-09T03:17:55Z,https://github.com/djouallah/lakehouse_benchmark/actions/runs/37878572941,4419ec5,30,tpch,linux-6.17.0-1022-azure,4,15.6,3.12.15,polars_iceberg,2.0.0,ok,cold,query,4,6.5223,5,ok,
37878572941-1,2026-10-09T03:17:55Z,https://github.com/djouallah/lakehouse_benchmark/actions/runs/37878572941,4419ec5,30,tpch,linux-6.17.0-1022-azure,4,15.6,3.12.15,polars_iceberg,2.0.0,ok,cold,query,5,8.3781,5,ok,
37878572941-1,2026-10-09T03:17:55Z,https://github.com/djouallah/lakehouse_benchmark/actions/runs/37878572941,4419ec5,30,tpch,linux-6.17.0-1022-azure,4,15.6,3.12.15,polars_iceberg,2.0.0,ok,cold,query,6,5.7095,1,ok,
37878572941-1,2026-10-09T03:17:55Z,https://github.com/djouallah/lakehouse_benchmark/actions/runs/37878572941,4419ec5,30,tpch,linux-6.17.0-1022-azure,4,15.6,3.12.15,polars_iceberg,2.0.0,ok,cold,query,7,7.1941,9,ok,
37878572941-1,2026-10-09T03:17:55Z,https://github.com/djouallah/lakehouse_benchmark/actions/runs/37878572941,4419ec5,30,tpch,linux-6.17.0-1022-azure,4,15.6,3.12.15,polars_iceberg,2.0.0,ok,cold,query,8,7.3631,2,ok,
37878572941-1,2026-10-09T03:17:55Z,https://github.com/djouallah/lakehouse_benchmark/actions/runs/37878572941,4419ec5,30,tpch,linux-6.17.0-1022-azure,4,15.6,3.12.15,polars_iceberg,2.0.0,ok,cold,query,9,12.1942,175,ok,
37878572941-1,2026-10-09T03:17:55Z,https://github.com/djouallah/lakehouse_benchmark/actions/runs/37878572941,4419ec5,30,tpch,linux-6.17.0-1022-azure,4,15.6,3.12.15,polars_iceberg,2.0.0,ok,cold,query,10,5.7595,20,ok,
37878572941-1,2026-10-09T03:17:55Z,https://github.com/djouallah/lakehouse_benchmark/actions/runs/37878572941,4419ec5,30,tpch,linux-6.17.0-1022-azure,4,15.6,3.12.15,polars_iceberg,2.0.0,ok,cold,query,11,0.8002,26959,ok,
37878572941-1,2026-10-09T03:17:55Z,https://github.com/djouallah/lakehouse_benchmark/actions/runs/37878572941,4419ec5,30,tpch,linux-6.17.0-1022-azure,4,15.6,3.12.15,polars_iceberg,2.0.0,ok,cold,query,12,3.2708,2,ok,
37878572941-1,2026-10-09T03:17:55Z,https://github.com/djouallah/lakehouse_benchmark/actions/runs/37878572941,4419ec5,30,tpch,linux-6.17.0-1022-azure,4,15.6,3.12.15,polars_iceberg,2.0.0,ok,cold,query,13,5.2515,45,ok,
37878572941-1,2026-10-09T03:17:55Z,https://github.com/djouallah/lakehouse_benchmark/actions/runs/37878572941,4419ec5,30,tpch,linux-6.17.0-1022-azure,4,15.6,3.12.15,polars_iceberg,2.0.0,ok,cold,query,14,4.1382,1,ok,
37878572941-1,2026-10-09T03:17:55Z,https://github.com/djouallah/lakehouse_benchmark/actions/runs/37878572941,4419ec5,30,tpch,linux-6.17.0-1022-azure,4,15.6,3.12.15,polars_iceberg,2.0.0,ok,cold,query,15,4.3761,1,ok,
37878572941-1,2026-10-09T03:17:55Z,https://github.com/djouallah/lakehouse_benchmark/actions/runs/37878572941,4419ec5,30,tpch,linux-6.17.0-1022-azure,4,15.6,3.12.15,polars_iceberg,2.0.0,ok,cold,query,16,1.196,27840,ok,
37878572941-1,2026-10-09T03:17:55Z,https://github.com/djouallah/lakehouse_benchmark/actions/runs/37878572941,4419ec5,30,tpch,linux-6.17.0-1022-azure,4,15.6,3.12.15,polars_iceberg,2.0.0,ok,cold,query,17,12.2652,1,ok,
37878572941-1,2026-10-09T03:17:55Z,https://github.com/djouallah/lakehouse_benchmark/actions/runs/37878572941,4419ec5,30,tpch,linux-6.17.0-1022-azure,4,15.6,3.12.15,polars_iceberg,2.0.0,ok,cold,query,18,8.1485,100,ok,
37878572941-1,2026-10-09T03:17:55Z,https://github.com/djouallah/lakehouse_benchmark/actions/runs/37878572941,4419ec5,30,tpch,linux-6.17.0-1022-azure,4,15.6,3.12.15,polars_iceberg,2.0.0,ok,cold,query,19,4.5377,1,ok,
37878572941-1,2026-10-09T03:17:55Z,https://github.com/djouallah/lakehouse_benchmark/actions/runs/37878572941,4419ec5,30,tpch,linux-6.17.0-1022-azure,4,15.6,3.12.15,polars_iceberg,2.0.0,ok,cold,query,20,7.3305,5404,ok,
37878572941-1,2026-10-09T03:17:55Z,https://github.com/djouallah/lakehouse_benchmark/actions/runs/37878572941,4419ec5,30,tpch,linux-6.17.0-1022-azure,4,15.6,3.12.15,polars_iceberg,2.0.0,ok,cold,query,21,13.1231,100,ok,
37878572941-1,2026-10-09T03:17:55Z,https://github.com/djouallah/lakehouse_benchmark/actions/runs/37878572941,4419ec5,30,tpch,linux-6.17.0-1022-azure,4,15.6,3.12.15,polars_iceberg,2.0.0,ok,cold,query,22,2.0377,7,ok,
37879270313-1,2026-10-09T03:26:59Z,https://github.com/djouallah/lakehouse_benchmark/actions/runs/37879270313,5bdaf87,10,tpch,linux-6.17.0-1022-azure,4,15.6,3.12.15,polars_iceberg,2.0.0,ok,cold,setup,0,2.5828,,ok,
37879270313-1,2026-10-09T03:26:59Z,https://github.com/djouallah/lakehouse_benchmark/actions/runs/37879270313,5bdaf87,10,tpch,linux-6.17.0-1022-azure,4,15.6,3.12.15,polars_iceberg,2.0.0,ok,cold,query,1,13.6902,4,ok,
37879270313-1,2026-10-09T03:26:59Z,https://github.com/djouallah/lakehouse_benchmark/actions/runs/37879270313,5bdaf87,10,tpch,linux-6.17.0-1022-azure,4,15.6,3.12.15,polars_iceberg,2.0.0,ok,cold,query,2,6.1,10,ok,
37879270313-1,2026-10-09T03:26:59Z,https://github.com/djouallah/lakehouse_benchmark/actions/runs/37879270313,5bdaf87,10,tpch,linux-6.17.0-1022-azure,4,15.6,3.12.15,polars_iceberg,2.0.0,ok,cold,query,3,5.1973,10,ok,
37879270313-1,2026-10-09T03:26:59Z,https://github.com/djouallah/lakehouse_benchmark/actions/runs/37879270313,5bdaf87,10,tpch,linux-6.17.0-1022-azure,4,15.6,3.12.15,polars_iceberg,2.0.0,ok,cold,query,4,2.4938,5,ok,
37879270313-1,2026-10-09T03:26:59Z,https://github.com/djouallah/lakehouse_benchmark/actions/runs/37879270313,5bdaf87,10,tpch,linux-6.17.0-1022-azure,4,15.6,3.12.15,polars_iceberg,2.0.0,ok,cold,query,5,3.2815,5,ok,
37879270313-1,2026-10-09T03:26:59Z,https://github.com/djouallah/lakehouse_benchmark/actions/runs/37879270313,5bdaf87,10,tpch,linux-6.17.0-1022-azure,4,15.6,3.12.15,polars_iceberg,2.0.0,ok,cold,query,6,2.2921,1,ok,
37879270313-1,2026-10-09T03:26:59Z,https://github.com/djouallah/lakehouse_benchmark/actions/runs/37879270313,5bdaf87,10,tpch,linux-6.17.0-1022-azure,4,15.6,3.12.15,polars_iceberg,2.0.0,ok,cold,query,7,3.3559,9,ok,
37879270313-1,2026-10-09T03:26:59Z,https://github.com/djouallah/lakehouse_benchmark/actions/runs/37879270313,5bdaf87,10,tpch,linux-6.17.0-1022-azure,4,15.6,3.12.15,polars_iceberg,2.0.0,ok,cold,query,8,4.3328,2,ok,
37879270313-1,2026-10-09T03:26:59Z,https://github.com/djouallah/lakehouse_benchmark/actions/runs/37879270313,5bdaf87,10,tpch,linux-6.17.0-1022-azure,4,15.6,3.12.15,polars_iceberg,2.0.0,ok,cold,query,9,4.4605,175,ok,
37879270313-1,2026-10-09T03:26:59Z,https://github.com/djouallah/lakehouse_benchmark/actions/runs/37879270313,5bdaf87,10,tpch,linux-6.17.0-1022-azure,4,15.6,3.12.15,polars_iceberg,2.0.0,ok,cold,query,10,2.6649,20,ok,
37879270313-1,2026-10-09T03:26:59Z,https://github.com/djouallah/lakehouse_benchmark/actions/runs/37879270313,5bdaf87,10,tpch,linux-6.17.0-1022-azure,4,15.6,3.12.15,polars_iceberg,2.0.0,ok,cold,query,11,0.8312,8685,ok,
37879270313-1,2026-10-09T03:26:59Z,https://github.com/djouallah/lakehouse_benchmark/actions/runs/37879270313,5bdaf87,10,tpch,linux-6.17.0-1022-azure,4,15.6,3.12.15,polars_iceberg,2.0.0,ok,cold,query,12,1.3098,2,ok,
37879270313-1,2026-10-09T03:26:59Z,https://github.com/djouallah/lakehouse_benchmark/actions/runs/37879270313,5bdaf87,10,tpch,linux-6.17.0-1022-azure,4,15.6,3.12.15,polars_iceberg,2.0.0,ok,cold,query,13,2.3429,46,ok,
37879270313-1,2026-10-09T03:26:59Z,https://github.com/djouallah/lakehouse_benchmark/actions/runs/37879270313,5bdaf87,10,tpch,linux-6.17.0-1022-azure,4,15.6,3.12.15,polars_iceberg,2.0.0,ok,cold,query,14,2.026,1,ok,
37879270313-1,2026-10-09T03:26:59Z,https://github.com/djouallah/lakehouse_benchmark/actions/runs/37879270313,5bdaf87,10,tpch,linux-6.17.0-1022-azure,4,15.6,3.12.15,polars_iceberg,2.0.0,ok,cold,query,15,1.8293,1,ok,
37879270313-1,2026-10-09T03:26:59Z,https://github.com/djouallah/lakehouse_benchmark/actions/runs/37879270313,5bdaf87,10,tpch,linux-6.17.0-1022-azure,4,15.6,3.12.15,polars_iceberg,2.0.0,ok,cold,query,16,1.1089,27840,ok,
37879270313-1,2026-10-09T03:26:59Z,https://github.com/djouallah/lakehouse_benchmark/actions/runs/37879270313,5bdaf87,10,tpch,linux-6.17.0-1022-azure,4,15.6,3.12.15,polars_iceberg,2.0.0,ok,cold,query,17,4.0819,1,ok,
37879270313-1,2026-10-09T03:26:59Z,https://github.com/djouallah/lakehouse_benchmark/actions/runs/37879270313,5bdaf87,10,tpch,linux-6.17.0-1022-azure,4,15.6,3.12.15,polars_iceberg,2.0.0,ok,cold,query,18,3.407,100,ok,
37879270313-1,2026-10-09T03:26:59Z,https://github.com/djouallah/lakehouse_benchmark/actions/runs/37879270313,5bdaf87,10,tpch,linux-6.17.0-1022-azure,4,15.6,3.12.15,polars_iceberg,2.0.0,ok,cold,query,19,2.2332,1,ok,
37879270313-1,2026-10-09T03:26:59Z,https://github.com/djouallah/lakehouse_benchmark/actions/runs/37879270313,5bdaf87,10,tpch,linux-6.17.0-1022-azure,4,15.6,3.12.15,polars_iceberg,2.0.0,ok,cold,query,20,2.8655,1804,ok,
37879270313-1,2026-10-09T03:26:59Z,https://github.com/djouallah/lakehouse_benchmark/actions/runs/37879270313,5bdaf87,10,tpch,linux-6.17.0-1022-azure,4,15.6,3.12.15,polars_iceberg,2.0.0,ok,cold,query,21,3.9307,100,ok,
37879270313-1,2026-10-09T03:26:59Z,https://github.com/djouallah/lakehouse_benchmark/actions/runs/37879270313,5bdaf87,10,tpch,linux-6.17.0-1022-azure,4,15.6,3.12.15,polars_iceberg,2.0.0,ok,cold,query,22,1.2217,7,ok,
37879639735-1,2026-10-09T03:31:43Z,https://github.com/djouallah/lakehouse_benchmark/actions/runs/37879639735,cf93296,60,tpch,linux-6.17.0-1022-azure,4,15.6,3.12.15,polars_iceberg,2.0.0,ok,cold,setup,0,2.4405,,ok,
37879639735-1,2026-10-09T03:31:43Z,https://github.com/djouallah/lakehouse_benchmark/actions/runs/37879639735,cf93296,60,tpch,linux-6.17.0-1022-azure,4,15.6,3.12.15,polars_iceberg,2.0.0,ok,cold,query,1,23.3684,4,ok,
37879639735-1,2026-10-09T03:31:43Z,https://github.com/djouallah/lakehouse_benchmark/actions/runs/37879639735,cf93296,60,tpch,linux-6.17.0-1022-azure,4,15.6,3.12.15,polars_iceberg,2.0.0,ok,cold,query,2,32.0052,10,ok,
37879639735-1,2026-10-09T03:31:43Z,https://github.com/djouallah/lakehouse_benchmark/actions/runs/37879639735,cf93296,60,tpch,linux-6.17.0-1022-azure,4,15.6,3.12.15,polars_iceberg,2.0.0,ok,cold,query,3,12.403,10,ok,
37879639735-1,2026-10-09T03:31:43Z,https://github.com/djouallah/lakehouse_benchmark/actions/runs/37879639735,cf93296,60,tpch,linux-6.17.0-1022-azure,4,15.6,3.12.15,polars_iceberg,2.0.0,ok,cold,query,4,5.1994,5,ok,
37879639735-1,2026-10-09T03:31:43Z,https://github.com/djouallah/lakehouse_benchmark/actions/runs/37879639735,cf93296,60,tpch,linux-6.17.0-1022-azure,4,15.6,3.12.15,polars_iceberg,2.0.0,ok,cold,query,5,9.8594,5,ok,
37879639735-1,2026-10-09T03:31:43Z,https://github.com/djouallah/lakehouse_benchmark/actions/runs/37879639735,cf93296,60,tpch,linux-6.17.0-1022-azure,4,15.6,3.12.15,polars_iceberg,2.0.0,ok,cold,query,6,6.3555,1,ok,
37879639735-1,2026-10-09T03:31:43Z,https://github.com/djouallah/lakehouse_benchmark/actions/runs/37879639735,cf93296,60,tpch,linux-6.17.0-1022-azure,4,15.6,3.12.15,polars_iceberg,2.0.0,ok,cold,query,7,11.1099,9,ok,
37879639735-1,2026-10-09T03:31:43Z,https://github.com/djouallah/lakehouse_benchmark/actions/runs/37879639735,cf93296,60,tpch,linux-6.17.0-1022-azure,4,15.6,3.12.15,polars_iceberg,2.0.0,ok,cold,query,8,11.0238,2,ok,
37879639735-1,2026-10-09T03:31:43Z,https://github.com/djouallah/lakehouse_benchmark/actions/runs/37879639735,cf93296,60,tpch,linux-6.17.0-1022-azure,4,15.6,3.12.15,polars_iceberg,2.0.0,ok,cold,query,9,16.1291,175,ok,
37879639735-1,2026-10-09T03:31:43Z,https://github.com/djouallah/lakehouse_benchmark/actions/runs/37879639735,cf93296,60,tpch,linux-6.17.0-1022-azure,4,15.6,3.12.15,polars_iceberg,2.0.0,ok,cold,query,10,8.5033,20,ok,
37879639735-1,2026-10-09T03:31:43Z,https://github.com/djouallah/lakehouse_benchmark/actions/runs/37879639735,cf93296,60,tpch,linux-6.17.0-1022-azure,4,15.6,3.12.15,polars_iceberg,2.0.0,ok,cold,query,11,1.1754,56464,ok,
37879639735-1,2026-10-09T03:31:43Z,https://github.com/djouallah/lakehouse_benchmark/actions/runs/37879639735,cf93296,60,tpch,linux-6.17.0-1022-azure,4,15.6,3.12.15,polars_iceberg,2.0.0,ok,cold,query,12,4.566,2,ok,
37879639735-1,2026-10-09T03:31:43Z,https://github.com/djouallah/lakehouse_benchmark/actions/runs/37879639735,cf93296,60,tpch,linux-6.17.0-1022-azure,4,15.6,3.12.15,polars_iceberg,2.0.0,ok,cold,query,13,6.879,46,ok,
37879639735-1,2026-10-09T03:31:43Z,https://github.com/djouallah/lakehouse_benchmark/actions/runs/37879639735,cf93296,60,tpch,linux-6.17.0-1022-azure,4,15.6,3.12.15,polars_iceberg,2.0.0,ok,cold,query,14,5.7062,1,ok,
37879639735-1,2026-10-09T03:31:43Z,https://github.com/djouallah/lakehouse_benchmark/actions/runs/37879639735,cf93296,60,tpch,linux-6.17.0-1022-azure,4,15.6,3.12.15,polars_iceberg,2.0.0,ok,cold,query,15,6.0591,1,ok,
37879639735-1,2026-10-09T03:31:43Z,https://github.com/djouallah/lakehouse_benchmark/actions/runs/37879639735,cf93296,60,tpch,linux-6.17.0-1022-azure,4,15.6,3.12.15,polars_iceberg,2.0.0,ok,cold,query,16,1.4944,27840,ok,
37879639735-1,2026-10-09T03:31:43Z,https://github.com/djouallah/lakehouse_benchmark/actions/runs/37879639735,cf93296,60,tpch,linux-6.17.0-1022-azure,4,15.6,3.12.15,polars_iceberg,2.0.0,ok,cold,query,17,15.9521,1,ok,
37879639735-1,2026-10-09T03:31:43Z,https://github.com/djouallah/lakehouse_benchmark/actions/runs/37879639735,cf93296,60,tpch,linux-6.17.0-1022-azure,4,15.6,3.12.15,polars_iceberg,2.0.0,ok,cold,query,18,10.7673,100,ok,
37879639735-1,2026-10-09T03:31:43Z,https://github.com/djouallah/lakehouse_benchmark/actions/runs/37879639735,cf93296,60,tpch,linux-6.17.0-1022-azure,4,15.6,3.12.15,polars_iceberg,2.0.0,ok,cold,query,19,6.0011,1,ok,
37879639735-1,2026-10-09T03:31:43Z,https://github.com/djouallah/lakehouse_benchmark/actions/runs/37879639735,cf93296,60,tpch,linux-6.17.0-1022-azure,4,15.6,3.12.15,polars_iceberg,2.0.0,ok,cold,query,20,9.3389,10738,ok,
37879639735-1,2026-10-09T03:31:43Z,https://github.com/djouallah/lakehouse_benchmark/actions/runs/37879639735,cf93296,60,tpch,linux-6.17.0-1022-azure,4,15.6,3.12.15,polars_iceberg,2.0.0,ok,cold,query,21,17.3154,100,ok,
37879639735-1,2026-10-09T03:31:43Z,https://github.com/djouallah/lakehouse_benchmark/actions/runs/37879639735,cf93296,60,tpch,linux-6.17.0-1022-azure,4,15.6,3.12.15,polars_iceberg,2.0.0,ok,cold,query,22,2.5991,7,ok,
37880515570-1,2026-10-09T03:43:17Z,https://github.com/djouallah/lakehouse_benchmark/actions/runs/37880515570,eb557ad,10,tpch,linux-6.17.0-1022-azure,4,15.6,3.12.15,polars_iceberg,2.0.0,ok,cold,setup,0,2.4234,,ok,
37880515570-1,2026-10-09T03:43:17Z,https://github.com/djouallah/lakehouse_benchmark/actions/runs/37880515570,eb557ad,10,tpch,linux-6.17.0-1022-azure,4,15.6,3.12.15,polars_iceberg,2.0.0,ok,cold,query,1,11.0267,4,ok,
37880515570-1,2026-10-09T03:43:17Z,https://github.com/djouallah/lakehouse_benchmark/actions/runs/37880515570,eb557ad,10,tpch,linux-6.17.0-1022-azure,4,15.6,3.12.15,polars_iceberg,2.0.0,ok,cold,query,2,3.7222,10,ok,
37880515570-1,2026-10-09T03:43:17Z,https://github.com/djouallah/lakehouse_benchmark/actions/runs/37880515570,eb557ad,10,tpch,linux-6.17.0-1022-azure,4,15.6,3.12.15,polars_iceberg,2.0.0,ok,cold,query,3,3.9982,10,ok,
37880515570-1,2026-10-09T03:43:17Z,https://github.com/djouallah/lakehouse_benchmark/actions/runs/37880515570,eb557ad,10,tpch,linux-6.17.0-1022-azure,4,15.6,3.12.15,polars_iceberg,2.0.0,ok,cold,query,4,1.4442,5,ok,
37880515570-1,2026-10-09T03:43:17Z,https://github.com/djouallah/lakehouse_benchmark/actions/runs/37880515570,eb557ad,10,tpch,linux-6.17.0-1022-azure,4,15.6,3.12.15,polars_iceberg,2.0.0,ok,cold,query,5,3.2077,5,ok,
37880515570-1,2026-10-09T03:43:17Z,https://github.com/djouallah/lakehouse_benchmark/actions/runs/37880515570,eb557ad,10,tpch,linux-6.17.0-1022-azure,4,15.6,3.12.15,polars_iceberg,2.0.0,ok,cold,query,6,2.3558,1,ok,
37880515570-1,2026-10-09T03:43:17Z,https://github.com/djouallah/lakehouse_benchmark/actions/runs/37880515570,eb557ad,10,tpch,linux-6.17.0-1022-azure,4,15.6,3.12.15,polars_iceberg,2.0.0,ok,cold,query,7,2.9907,9,ok,
37880515570-1,2026-10-09T03:43:17Z,https://github.com/djouallah/lakehouse_benchmark/actions/runs/37880515570,eb557ad,10,tpch,linux-6.17.0-1022-azure,4,15.6,3.12.15,polars_iceberg,2.0.0,ok,cold,query,8,3.0572,2,ok,
37880515570-1,2026-10-09T03:43:17Z,https://github.com/djouallah/lakehouse_benchmark/actions/runs/37880515570,eb557ad,10,tpch,linux-6.17.0-1022-azure,4,15.6,3.12.15,polars_iceberg,2.0.0,ok,cold,query,9,3.7911,175,ok,
37880515570-1,2026-10-09T03:43:17Z,https://github.com/djouallah/lakehouse_benchmark/actions/runs/37880515570,eb557ad,10,tpch,linux-6.17.0-1022-azure,4,15.6,3.12.15,polars_iceberg,2.0.0,ok,cold,query,10,2.445,20,ok,
37880515570-1,2026-10-09T03:43:17Z,https://github.com/djouallah/lakehouse_benchmark/actions/runs/37880515570,eb557ad,10,tpch,linux-6.17.0-1022-azure,4,15.6,3.12.15,polars_iceberg,2.0.0,ok,cold,query,11,0.5574,8685,ok,
37880515570-1,2026-10-09T03:43:17Z,https://github.com/djouallah/lakehouse_benchmark/actions/runs/37880515570,eb557ad,10,tpch,linux-6.17.0-1022-azure,4,15.6,3.12.15,polars_iceberg,2.0.0,ok,cold,query,12,1.6354,2,ok,
37880515570-1,2026-10-09T03:43:17Z,https://github.com/djouallah/lakehouse_benchmark/actions/runs/37880515570,eb557ad,10,tpch,linux-6.17.0-1022-azure,4,15.6,3.12.15,polars_iceberg,2.0.0,ok,cold,query,13,2.1611,46,ok,
37880515570-1,2026-10-09T03:43:17Z,https://github.com/djouallah/lakehouse_benchmark/actions/runs/37880515570,eb557ad,10,tpch,linux-6.17.0-1022-azure,4,15.6,3.12.15,polars_iceberg,2.0.0,ok,cold,query,14,1.662,1,ok,
37880515570-1,2026-10-09T03:43:17Z,https://github.com/djouallah/lakehouse_benchmark/actions/runs/37880515570,eb557ad,10,tpch,linux-6.17.0-1022-azure,4,15.6,3.12.15,polars_iceberg,2.0.0,ok,cold,query,15,1.6188,1,ok,
37880515570-1,2026-10-09T03:43:17Z,https://github.com/djouallah/lakehouse_benchmark/actions/runs/37880515570,eb557ad,10,tpch,linux-6.17.0-1022-azure,4,15.6,3.12.15,polars_iceberg,2.0.0,ok,cold,query,16,0.7492,27840,ok,
37880515570-1,2026-10-09T03:43:17Z,https://github.com/djouallah/lakehouse_benchmark/actions/runs/37880515570,eb557ad,10,tpch,linux-6.17.0-1022-azure,4,15.6,3.12.15,polars_iceberg,2.0.0,ok,cold,query,17,3.9142,1,ok,
37880515570-1,2026-10-09T03:43:17Z,https://github.com/djouallah/lakehouse_benchmark/actions/runs/37880515570,eb557ad,10,tpch,linux-6.17.0-1022-azure,4,15.6,3.12.15,polars_iceberg,2.0.0,ok,cold,query,18,3.6366,100,ok,
37880515570-1,2026-10-09T03:43:17Z,https://github.com/djouallah/lakehouse_benchmark/actions/runs/37880515570,eb557ad,10,tpch,linux-6.17.0-1022-azure,4,15.6,3.12.15,polars_iceberg,2.0.0,ok,cold,query,19,2.2223,1,ok,
37880515570-1,2026-10-09T03:43:17Z,https://github.com/djouallah/lakehouse_benchmark/actions/runs/37880515570,eb557ad,10,tpch,linux-6.17.0-1022-azure,4,15.6,3.12.15,polars_iceberg,2.0.0,ok,cold,query,20,2.3216,1804,ok,
37880515570-1,2026-10-09T03:43:17Z,https://github.com/djouallah/lakehouse_benchmark/actions/runs/37880515570,eb557ad,10,tpch,linux-6.17.0-1022-azure,4,15.6,3.12.15,polars_iceberg,2.0.0,ok,cold,query,21,3.5772,100,ok,
37880515570-1,2026-10-09T03:43:17Z,https://github.com/djouallah/lakehouse_benchmark/actions/runs/37880515570,eb557ad,10,tpch,linux-6.17.0-1022-azure,4,15.6,3.12.15,polars_iceberg,2.0.0,ok,cold,query,22,0.8983,7,ok,
37880816209-1,2026-10-09T03:47:13Z,https://github.com/djouallah/lakehouse_benchmark/actions/runs/37880816209,a552f18,10,tpch,linux-6.17.0-1022-azure,4,15.6,3.12.15,polars_iceberg,2.0.0,ok,cold,setup,0,2.5187,,ok,
37880816209-1,2026-10-09T03:47:13Z,https://github.com/djouallah/lakehouse_benchmark/actions/runs/37880816209,a552f18,10,tpch,linux-6.17.0-1022-azure,4,15.6,3.12.15,polars_iceberg,2.0.0,ok,cold,query,1,11.3492,4,ok,
37880816209-1,2026-10-09T03:47:13Z,https://github.com/djouallah/lakehouse_benchmark/actions/runs/37880816209,a552f18,10,tpch,linux-6.17.0-1022-azure,4,15.6,3.12.15,polars_iceberg,2.0.0,ok,cold,query,2,6.1441,10,ok,
37880816209-1,2026-10-09T03:47:13Z,https://github.com/djouallah/lakehouse_benchmark/actions/runs/37880816209,a552f18,10,tpch,linux-6.17.0-1022-azure,4,15.6,3.12.15,polars_iceberg,2.0.0,ok,cold,query,3,4.9266,10,ok,
37880816209-1,2026-10-09T03:47:13Z,https://github.com/djouallah/lakehouse_benchmark/actions/runs/37880816209,a552f18,10,tpch,linux-6.17.0-1022-azure,4,15.6,3.12.15,polars_iceberg,2.0.0,ok,cold,query,4,2.7266,5,ok,
37880816209-1,2026-10-09T03:47:13Z,https://github.com/djouallah/lakehouse_benchmark/actions/runs/37880816209,a552f18,10,tpch,linux-6.17.0-1022-azure,4,15.6,3.12.15,polars_iceberg,2.0.0,ok,cold,query,5,2.5295,5,ok,
37880816209-1,2026-10-09T03:47:13Z,https://github.com/djouallah/lakehouse_benchmark/actions/runs/37880816209,a552f18,10,tpch,linux-6.17.0-1022-azure,4,15.6,3.12.15,polars_iceberg,2.0.0,ok,cold,query,6,2.1037,1,ok,
37880816209-1,2026-10-09T03:47:13Z,https://github.com/djouallah/lakehouse_benchmark/actions/runs/37880816209,a552f18,10,tpch,linux-6.17.0-1022-azure,4,15.6,3.12.15,polars_iceberg,2.0.0,ok,cold,query,7,2.8293,9,ok,
37880816209-1,2026-10-09T03:47:13Z,https://github.com/djouallah/lakehouse_benchmark/actions/runs/37880816209,a552f18,10,tpch,linux-6.17.0-1022-azure,4,15.6,3.12.15,polars_iceberg,2.0.0,ok,cold,query,8,3.0657,2,ok,
37880816209-1,2026-10-09T03:47:13Z,https://github.com/djouallah/lakehouse_benchmark/actions/runs/37880816209,a552f18,10,tpch,linux-6.17.0-1022-azure,4,15.6,3.12.15,polars_iceberg,2.0.0,ok,cold,query,9,3.5142,175,ok,
37880816209-1,2026-10-09T03:47:13Z,https://github.com/djouallah/lakehouse_benchmark/actions/runs/37880816209,a552f18,10,tpch,linux-6.17.0-1022-azure,4,15.6,3.12.15,polars_iceberg,2.0.0,ok,cold,query,10,2.3053,20,ok,
37880816209-1,2026-10-09T03:47:13Z,https://github.com/djouallah/lakehouse_benchmark/actions/runs/37880816209,a552f18,10,tpch,linux-6.17.0-1022-azure,4,15.6,3.12.15,polars_iceberg,2.0.0,ok,cold,query,11,0.5637,8685,ok,
37880816209-1,2026-10-09T03:47:13Z,https://github.com/djouallah/lakehouse_benchmark/actions/runs/37880816209,a552f18,10,tpch,linux-6.17.0-1022-azure,4,15.6,3.12.15,polars_iceberg,2.0.0,ok,cold,query,12,1.7368,2,ok,
37880816209-1,2026-10-09T03:47:13Z,https://github.com/djouallah/lakehouse_benchmark/actions/runs/37880816209,a552f18,10,tpch,linux-6.17.0-1022-azure,4,15.6,3.12.15,polars_iceberg,2.0.0,ok,cold,query,13,2.1251,46,ok,
37880816209-1,2026-10-09T03:47:13Z,https://github.com/djouallah/lakehouse_benchmark/actions/runs/37880816209,a552f18,10,tpch,linux-6.17.0-1022-azure,4,15.6,3.12.15,polars_iceberg,2.0.0,ok,cold,query,14,1.6362,1,ok,
37880816209-1,2026-10-09T03:47:13Z,https://github.com/djouallah/lakehouse_benchmark/actions/runs/37880816209,a552f18,10,tpch,linux-6.17.0-1022-azure,4,15.6,3.12.15,polars_iceberg,2.0.0,ok,cold,query,15,1.6744,1,ok,
37880816209-1,2026-10-09T03:47:13Z,https://github.com/djouallah/lakehouse_benchmark/actions/runs/37880816209,a552f18,10,tpch,linux-6.17.0-1022-azure,4,15.6,3.12.15,polars_iceberg,2.0.0,ok,cold,query,16,0.871,27840,ok,
37880816209-1,2026-10-09T03:47:13Z,https://github.com/djouallah/lakehouse_benchmark/actions/runs/37880816209,a552f18,10,tpch,linux-6.17.0-1022-azure,4,15.6,3.12.15,polars_iceberg,2.0.0,ok,cold,query,17,3.9155,1,ok,
37880816209-1,2026-10-09T03:47:13Z,https://github.com/djouallah/lakehouse_benchmark/actions/runs/37880816209,a552f18,10,tpch,linux-6.17.0-1022-azure,4,15.6,3.12.15,polars_iceberg,2.0.0,ok,cold,query,18,2.8787,100,ok,
37880816209-1,2026-10-09T03:47:13Z,https://github.com/djouallah/lakehouse_benchmark/actions/runs/37880816209,a552f18,10,tpch,linux-6.17.0-1022-azure,4,15.6,3.12.15,polars_iceberg,2.0.0,ok,cold,query,19,1.8267,1,ok,
37880816209-1,2026-10-09T03:47:13Z,https://github.com/djouallah/lakehouse_benchmark/actions/runs/37880816209,a552f18,10,tpch,linux-6.17.0-1022-azure,4,15.6,3.12.15,polars_iceberg,2.0.0,ok,cold,query,20,2.3834,1804,ok,
37880816209-1,2026-10-09T03:47:13Z,https://github.com/djouallah/lakehouse_benchmark/actions/runs/37880816209,a552f18,10,tpch,linux-6.17.0-1022-azure,4,15.6,3.12.15,polars_iceberg,2.0.0,ok,cold,query,21,3.5636,100,ok,
37880816209-1,2026-10-09T03:47:13Z,https://github.com/djouallah/lakehouse_benchmark/actions/runs/37880816209,a552f18,10,tpch,linux-6.17.0-1022-azure,4,15.6,3.12.15,polars_iceberg,2.0.0,ok,cold,query,22,0.8414,7,ok,
37881248671-1,2026-10-09T03:52:50Z,https://github.com/djouallah/lakehouse_benchmark/actions/runs/37881248671,2e5cb28,60,tpch,linux-6.17.0-1022-azure,4,15.6,3.12.15,duckdb_iceberg,v2.0.0-alpha45672,ok,cold,setup,0,4.9533,,ok,
37881248671-1,2026-10-09T03:52:50Z,https://github.com/djouallah/lakehouse_benchmark/actions/runs/37881248671,2e5cb28,60,tpch,linux-6.17.0-1022-azure,4,15.6,3.12.15,duckdb_iceberg,v2.0.0-alpha45672,ok,cold,query,1,16.9342,4,ok,
37881248671-1,2026-10-09T03:52:50Z,https://github.com/djouallah/lakehouse_benchmark/actions/runs/37881248671,2e5cb28,60,tpch,linux-6.17.0-1022-azure,4,15.6,3.12.15,duckdb_iceberg,v2.0.0-alpha45672,ok,cold,query,2,3.9905,10,ok,
37881248671-1,2026-10-09T03:52:50Z,https://github.com/djouallah/lakehouse_benchmark/actions/runs/37881248671,2e5cb28,60,tpch,linux-6.17.0-1022-azure,4,15.6,3.12.15,duckdb_iceberg,v2.0.0-alpha45672,ok,cold,query,3,13.108,10,ok,
37881248671-1,2026-10-09T03:52:50Z,https://github.com/djouallah/lakehouse_benchmark/actions/runs/37881248671,2e5cb28,60,tpch,linux-6.17.0-1022-azure,4,15.6,3.12.15,duckdb_iceberg,v2.0.0-alpha45672,ok,cold,query,4,6.8142,5,ok,
37881248671-1,2026-10-09T03:52:50Z,https://github.com/djouallah/lakehouse_benchmark/actions/runs/37881248671,2e5cb28,60,tpch,linux-6.17.0-1022-azure,4,15.6,3.12.15,duckdb_iceberg,v2.0.0-alpha45672,ok,cold,query,5,11.5106,5,ok,
37881248671-1,2026-10-09T03:52:50Z,https://github.com/djouallah/lakehouse_benchmark/actions/runs/37881248671,2e5cb28,60,tpch,linux-6.17.0-1022-azure,4,15.6,3.12.15,duckdb_iceberg,v2.0.0-alpha45672,ok,cold,query,6,4.1057,1,ok,
37881248671-1,2026-10-09T03:52:50Z,https://github.com/djouallah/lakehouse_benchmark/actions/runs/37881248671,2e5cb28,60,tpch,linux-6.17.0-1022-azure,4,15.6,3.12.15,duckdb_iceberg,v2.0.0-alpha45672,ok,cold,query,7,9.5969,9,ok,
37881248671-1,2026-10-09T03:52:50Z,https://github.com/djouallah/lakehouse_benchmark/actions/runs/37881248671,2e5cb28,60,tpch,linux-6.17.0-1022-azure,4,15.6,3.12.15,duckdb_iceberg,v2.0.0-alpha45672,ok,cold,query,8,12.0244,2,ok,
37881248671-1,2026-10-09T03:52:50Z,https://github.com/djouallah/lakehouse_benchmark/actions/runs/37881248671,2e5cb28,60,tpch,linux-6.17.0-1022-azure,4,15.6,3.12.15,duckdb_iceberg,v2.0.0-alpha45672,ok,cold,query,9,20.5885,175,ok,
37881248671-1,2026-10-09T03:52:50Z,https://github.com/djouallah/lakehouse_benchmark/actions/runs/37881248671,2e5cb28,60,tpch,linux-6.17.0-1022-azure,4,15.6,3.12.15,duckdb_iceberg,v2.0.0-alpha45672,ok,cold,query,10,13.3242,20,ok,
37881248671-1,2026-10-09T03:52:50Z,https://github.com/djouallah/lakehouse_benchmark/actions/runs/37881248671,2e5cb28,60,tpch,linux-6.17.0-1022-azure,4,15.6,3.12.15,duckdb_iceberg,v2.0.0-alpha45672,ok,cold,query,11,2.8497,56470,ok,
37881248671-1,2026-10-09T03:52:50Z,https://github.com/djouallah/lakehouse_benchmark/actions/runs/37881248671,2e5cb28,60,tpch,linux-6.17.0-1022-azure,4,15.6,3.12.15,duckdb_iceberg,v2.0.0-alpha45672,ok,cold,query,12,6.3437,2,ok,
37881248671-1,2026-10-09T03:52:50Z,https://github.com/djouallah/lakehouse_benchmark/actions/runs/37881248671,2e5cb28,60,tpch,linux-6.17.0-1022-azure,4,15.6,3.12.15,duckdb_iceberg,v2.0.0-alpha45672,ok,cold,query,13,11.4694,46,ok,
37881248671-1,2026-10-09T03:52:50Z,https://github.com/djouallah/lakehouse_benchmark/actions/runs/37881248671,2e5cb28,60,tpch,linux-6.17.0-1022-azure,4,15.6,3.12.15,duckdb_iceberg,v2.0.0-alpha45672,ok,cold,query,14,7.2448,1,ok,
37881248671-1,2026-10-09T03:52:50Z,https://github.com/djouallah/lakehouse_benchmark/actions/runs/37881248671,2e5cb28,60,tpch,linux-6.17.0-1022-azure,4,15.6,3.12.15,duckdb_iceberg,v2.0.0-alpha45672,ok,cold,query,15,6.8839,1,ok,
37881248671-1,2026-10-09T03:52:50Z,https://github.com/djouallah/lakehouse_benchmark/actions/runs/37881248671,2e5cb28,60,tpch,linux-6.17.0-1022-azure,4,15.6,3.12.15,duckdb_iceberg,v2.0.0-alpha45672,ok,cold,query,16,2.2118,27840,ok,
37881248671-1,2026-10-09T03:52:50Z,https://github.com/djouallah/lakehouse_benchmark/actions/runs/37881248671,2e5cb28,60,tpch,linux-6.17.0-1022-azure,4,15.6,3.12.15,duckdb_iceberg,v2.0.0-alpha45672,ok,cold,query,17,43.1838,1,ok,
37881248671-1,2026-10-09T03:52:50Z,https://github.com/djouallah/lakehouse_benchmark/actions/runs/37881248671,2e5cb28,60,tpch,linux-6.17.0-1022-azure,4,15.6,3.12.15,duckdb_iceberg,v2.0.0-alpha45672,ok,cold,query,18,15.2065,100,ok,
37881248671-1,2026-10-09T03:52:50Z,https://github.com/djouallah/lakehouse_benchmark/actions/runs/37881248671,2e5cb28,60,tpch,linux-6.17.0-1022-azure,4,15.6,3.12.15,duckdb_iceberg,v2.0.0-alpha45672,ok,cold,query,19,9.9556,1,ok,
37881248671-1,2026-10-09T03:52:50Z,https://github.com/djouallah/lakehouse_benchmark/actions/runs/37881248671,2e5cb28,60,tpch,linux-6.17.0-1022-azure,4,15.6,3.12.15,duckdb_iceberg,v2.0.0-alpha45672,ok,cold,query,20,18.1254,10738,ok,
37881248671-1,2026-10-09T03:52:50Z,https://github.com/djouallah/lakehouse_benchmark/actions/runs/37881248671,2e5cb28,60,tpch,linux-6.17.0-1022-azure,4,15.6,3.12.15,duckdb_iceberg,v2.0.0-alpha45672,ok,cold,query,21,45.4315,100,ok,
37881248671-1,2026-10-09T03:52:50Z,https://github.com/djouallah/lakehouse_benchmark/actions/runs/37881248671,2e5cb28,60,tpch,linux-6.17.0-1022-azure,4,15.6,3.12.15,duckdb_iceberg,v2.0.0-alpha45672,ok,cold,query,22,5.629,7,ok,
37947617200-1,2026-10-09T14:55:09Z,https://github.com/djouallah/lakehouse_benchmark/actions/runs/37947617200,a4e4e0b,10,tpch,linux-6.17.0-1022-azure,4,15.6,3.12.15,polars_iceberg,2.0.0,ok,cold,setup,0,2.2743,,ok,
37947617200-1,2026-10-09T14:55:09Z,https://github.com/djouallah/lakehouse_benchmark/actions/runs/37947617200,a4e4e0b,10,tpch,linux-6.17.0-1022-azure,4,15.6,3.12.15,polars_iceberg,2.0.0,ok,cold,query,1,10.6773,4,ok,
37947617200-1,2026-10-09T14:55:09Z,https://github.com/djouallah/lakehouse_benchmark/actions/runs/37947617200,a4e4e0b,10,tpch,linux-6.17.0-1022-azure,4,15.6,3.12.15,polars_iceberg,2.0.0,ok,cold,query,2,4.9212,10,ok,
37947617200-1,2026-10-09T14:55:09Z,https://github.com/djouallah/lakehouse_benchmark/actions/runs/37947617200,a4e4e0b,10,tpch,linux-6.17.0-1022-azure,4,15.6,3.12.15,polars_iceberg,2.0.0,ok,cold,query,3,4.3507,10,ok,
37947617200-1,2026-10-09T14:55:09Z,https://github.com/djouallah/lakehouse_benchmark/actions/runs/37947617200,a4e4e0b,10,tpch,linux-6.17.0-1022-azure,4,15.6,3.12.15,polars_iceberg,2.0.0,ok,cold,query,4,1.7429,5,ok,
37947617200-1,2026-10-09T14:55:09Z,https://github.com/djouallah/lakehouse_benchmark/actions/runs/37947617200,a4e4e0b,10,tpch,linux-6.17.0-1022-azure,4,15.6,3.12.15,polars_iceberg,2.0.0,ok,cold,query,5,2.4468,5,ok,
37947617200-1,2026-10-09T14:55:09Z,https://github.com/djouallah/lakehouse_benchmark/actions/runs/37947617200,a4e4e0b,10,tpch,linux-6.17.0-1022-azure,4,15.6,3.12.15,polars_iceberg,2.0.0,ok,cold,query,6,1.6238,1,ok,
37947617200-1,2026-10-09T14:55:09Z,https://github.com/djouallah/lakehouse_benchmark/actions/runs/37947617200,a4e4e0b,10,tpch,linux-6.17.0-1022-azure,4,15.6,3.12.15,polars_iceberg,2.0.0,ok,cold,query,7,2.3749,9,ok,
37947617200-1,2026-10-09T14:55:09Z,https://github.com/djouallah/lakehouse_benchmark/actions/runs/37947617200,a4e4e0b,10,tpch,linux-6.17.0-1022-azure,4,15.6,3.12.15,polars_iceberg,2.0.0,ok,cold,query,8,2.7212,2,ok,
37947617200-1,2026-10-09T14:55:09Z,https://github.com/djouallah/lakehouse_benchmark/actions/runs/37947617200,a4e4e0b,10,tpch,linux-6.17.0-1022-azure,4,15.6,3.12.15,polars_iceberg,2.0.0,ok,cold,query,9,3.1167,175,ok,
37947617200-1,2026-10-09T14:55:09Z,https://github.com/djouallah/lakehouse_benchmark/actions/runs/37947617200,a4e4e0b,10,tpch,linux-6.17.0-1022-azure,4,15.6,3.12.15,polars_iceberg,2.0.0,ok,cold,query,10,2.077,20,ok,
37947617200-1,2026-10-09T14:55:09Z,https://github.com/djouallah/lakehouse_benchmark/actions/runs/37947617200,a4e4e0b,10,tpch,linux-6.17.0-1022-azure,4,15.6,3.12.15,polars_iceberg,2.0.0,ok,cold,query,11,0.6826,8685,ok,
37947617200-1,2026-10-09T14:55:09Z,https://github.com/djouallah/lakehouse_benchmark/actions/runs/37947617200,a4e4e0b,10,tpch,linux-6.17.0-1022-azure,4,15.6,3.12.15,polars_iceberg,2.0.0,ok,cold,query,12,1.1886,2,ok,
37947617200-1,2026-10-09T14:55:09Z,https://github.com/djouallah/lakehouse_benchmark/actions/runs/37947617200,a4e4e0b,10,tpch,linux-6.17.0-1022-azure,4,15.6,3.12.15,polars_iceberg,2.0.0,ok,cold,query,13,1.7764,46,ok,
37947617200-1,2026-10-09T14:55:09Z,https://github.com/djouallah/lakehouse_benchmark/actions/runs/37947617200,a4e4e0b,10,tpch,linux-6.17.0-1022-azure,4,15.6,3.12.15,polars_iceberg,2.0.0,ok,cold,query,14,1.4968,1,ok,
37947617200-1,2026-10-09T14:55:09Z,https://github.com/djouallah/lakehouse_benchmark/actions/runs/37947617200,a4e4e0b,10,tpch,linux-6.17.0-1022-azure,4,15.6,3.12.15,polars_iceberg,2.0.0,ok,cold,query,15,1.4795,1,ok,
37947617200-1,2026-10-09T14:55:09Z,https://github.com/djouallah/lakehouse_benchmark/actions/runs/37947617200,a4e4e0b,10,tpch,linux-6.17.0-1022-azure,4,15.6,3.12.15,polars_iceberg,2.0.0,ok,cold,query,16,0.8231,27840,ok,
37947617200-1,2026-10-09T14:55:09Z,https://github.com/djouallah/lakehouse_benchmark/actions/runs/37947617200,a4e4e0b,10,tpch,linux-6.17.0-1022-azure,4,15.6,3.12.15,polars_iceberg,2.0.0,ok,cold,query,17,3.1855,1,ok,
37947617200-1,2026-10-09T14:55:09Z,https://github.com/djouallah/lakehouse_benchmark/actions/runs/37947617200,a4e4e0b,10,tpch,linux-6.17.0-1022-azure,4,15.6,3.12.15,polars_iceberg,2.0.0,ok,cold,query,18,2.6779,100,ok,
37947617200-1,2026-10-09T14:55:09Z,https://github.com/djouallah/lakehouse_benchmark/actions/runs/37947617200,a4e4e0b,10,tpch,linux-6.17.0-1022-azure,4,15.6,3.12.15,polars_iceberg,2.0.0,ok,cold,query,19,1.8244,1,ok,
37947617200-1,2026-10-09T14:55:09Z,https://github.com/djouallah/lakehouse_benchmark/actions/runs/37947617200,a4e4e0b,10,tpch,linux-6.17.0-1022-azure,4,15.6,3.12.15,polars_iceberg,2.0.0,ok,cold,query,20,2.362,1804,ok,
37947617200-1,2026-10-09T14:55:09Z,https://github.com/djouallah/lakehouse_benchmark/actions/runs/37947617200,a4e4e0b,10,tpch,linux-6.17.0-1022-azure,4,15.6,3.12.15,polars_iceberg,2.0.0,ok,cold,query,21,3.3742,100,ok,
37947617200-1,2026-10-09T14:55:09Z,https://github.com/djouallah/lakehouse_benchmark/actions/runs/37947617200,a4e4e0b,10,tpch,linux-6.17.0-1022-azure,4,15.6,3.12.15,polars_iceberg,2.0.0,ok,cold,query,22,1.0256,7,ok,
